file	name	family	owner	access_contract	disposition	rationale
kernel/arch/arm64/kernel/exception_evidence.tkb	crash_snapshot	crash-ddb	machine diagnostics	per-CPU terminal capture; atomic report claims; complete WorldStopped for DDB	retain-abi	Allocation-free retained records and debugger symbol ABI must outlive a failing process.
kernel/arch/arm64/kernel/exception_evidence.tkb	crash_snapshot_capturing	crash-ddb	machine diagnostics	per-CPU terminal capture; atomic report claims; complete WorldStopped for DDB	retain-abi	Allocation-free retained records and debugger symbol ABI must outlive a failing process.
kernel/arch/arm64/kernel/exception_evidence.tkb	crash_snapshot_per_core	crash-ddb	machine diagnostics	per-CPU terminal capture; atomic report claims; complete WorldStopped for DDB	retain-abi	Allocation-free retained records and debugger symbol ABI must outlive a failing process.
kernel/arch/arm64/kernel/exception_evidence.tkb	crash_snapshot_capturing_per_core	crash-ddb	machine diagnostics	per-CPU terminal capture; atomic report claims; complete WorldStopped for DDB	retain-abi	Allocation-free retained records and debugger symbol ABI must outlive a failing process.
kernel/arch/arm64/kernel/exception_evidence.tkb	crash_fault_order	crash-ddb	machine diagnostics	per-CPU terminal capture; atomic report claims; complete WorldStopped for DDB	retain-abi	Allocation-free retained records and debugger symbol ABI must outlive a failing process.
kernel/arch/arm64/kernel/exception_evidence.tkb	crash_console_owner	crash-ddb	machine diagnostics	per-CPU terminal capture; atomic report claims; complete WorldStopped for DDB	retain-abi	Allocation-free retained records and debugger symbol ABI must outlive a failing process.
kernel/arch/arm64/kernel/exception_evidence.tkb	crash_report_owner	crash-ddb	machine diagnostics	per-CPU terminal capture; atomic report claims; complete WorldStopped for DDB	retain-abi	Allocation-free retained records and debugger symbol ABI must outlive a failing process.
kernel/arch/arm64/kernel/exception_evidence.tkb	crash_report_contended	crash-ddb	machine diagnostics	per-CPU terminal capture; atomic report claims; complete WorldStopped for DDB	retain-abi	Allocation-free retained records and debugger symbol ABI must outlive a failing process.
kernel/arch/arm64/kernel/exception_evidence.tkb	crash_report_abandoned	crash-ddb	machine diagnostics	per-CPU terminal capture; atomic report claims; complete WorldStopped for DDB	retain-abi	Allocation-free retained records and debugger symbol ABI must outlive a failing process.
kernel/arch/arm64/kernel/exception_evidence.tkb	ddb_snapshot	crash-ddb	machine diagnostics	per-CPU terminal capture; atomic report claims; complete WorldStopped for DDB	retain-abi	Allocation-free retained records and debugger symbol ABI must outlive a failing process.
kernel/arch/arm64/kernel/exception_evidence.tkb	ddb_snapshot_published_sequence	crash-ddb	machine diagnostics	per-CPU terminal capture; atomic report claims; complete WorldStopped for DDB	retain-abi	Allocation-free retained records and debugger symbol ABI must outlive a failing process.
kernel/arch/arm64/kernel/exception_evidence.tkb	kernel_ddb_breakpoint_test_enabled	crash-ddb	machine diagnostics	per-CPU terminal capture; atomic report claims; complete WorldStopped for DDB	retain-abi	Allocation-free retained records and debugger symbol ABI must outlive a failing process.
kernel/arch/arm64/kernel/exception_evidence.tkb	kernel_ddb_memory_fault_test_enabled	crash-ddb	machine diagnostics	per-CPU terminal capture; atomic report claims; complete WorldStopped for DDB	retain-abi	Allocation-free retained records and debugger symbol ABI must outlive a failing process.
kernel/arch/arm64/kernel/exception_evidence.tkb	kernel_ddb_backtrace_test_enabled	crash-ddb	machine diagnostics	per-CPU terminal capture; atomic report claims; complete WorldStopped for DDB	retain-abi	Allocation-free retained records and debugger symbol ABI must outlive a failing process.
kernel/arch/arm64/kernel/exception_evidence.tkb	kernel_ddb_wait_test_enabled	crash-ddb	machine diagnostics	per-CPU terminal capture; atomic report claims; complete WorldStopped for DDB	retain-abi	Allocation-free retained records and debugger symbol ABI must outlive a failing process.
kernel/arch/arm64/kernel/exception_evidence.tkb	kernel_ddb_console_test_enabled	crash-ddb	machine diagnostics	per-CPU terminal capture; atomic report claims; complete WorldStopped for DDB	retain-abi	Allocation-free retained records and debugger symbol ABI must outlive a failing process.
kernel/arch/arm64/kernel/exception_evidence.tkb	kernel_ddb_console_hold_armed	crash-ddb	machine diagnostics	per-CPU terminal capture; atomic report claims; complete WorldStopped for DDB	retain-abi	Allocation-free retained records and debugger symbol ABI must outlive a failing process.
kernel/arch/arm64/kernel/exception_evidence.tkb	kernel_ddb_memory_access	crash-ddb	machine diagnostics	per-CPU terminal capture; atomic report claims; complete WorldStopped for DDB	retain-abi	Allocation-free retained records and debugger symbol ABI must outlive a failing process.
kernel/arch/arm64/kernel/exception_evidence.tkb	ddb_stopped_root	crash-ddb	machine diagnostics	per-CPU terminal capture; atomic report claims; complete WorldStopped for DDB	retain-abi	Allocation-free retained records and debugger symbol ABI must outlive a failing process.
kernel/arch/arm64/kernel/exception_evidence.tkb	ddb_wait_test_records	crash-ddb	machine diagnostics	per-CPU terminal capture; atomic report claims; complete WorldStopped for DDB	retain-abi	Allocation-free retained records and debugger symbol ABI must outlive a failing process.
kernel/arch/arm64/kernel/platform_uart_common.tkb	uart_rx_handler	uart-callback	one physical UART	boot installs callback before CPU0 UART IRQ unmask	retain-singleton	One installed RX callback; neither per-process nor per-CPU ownership matches the device route.
kernel/arch/arm64/kernel/secondary.tkb	kernel_secondary_boot_state	cpu-boot	machine CPU set	boot clear/CPU_ON publication; each CPU publishes its own tick/state word	retain-partition	Online membership and per-CPU liveness are different facts; preserve atomic observation.
kernel/arch/arm64/kernel/secondary.tkb	kernel_online_cores	cpu-boot	machine CPU set	boot clear/CPU_ON publication; each CPU publishes its own tick/state word	retain-partition	Online membership and per-CPU liveness are different facts; preserve atomic observation.
kernel/arch/arm64/kernel/secondary.tkb	secondary_tick_count	cpu-boot	machine CPU set	boot clear/CPU_ON publication; each CPU publishes its own tick/state word	retain-partition	Online membership and per-CPU liveness are different facts; preserve atomic observation.
kernel/arch/arm64/mm/asid.tkb	asid_bits	asid	machine ASID namespace	asid_init boot metadata; LockedCell guard for mutable allocation state; WorldStopped for rollover	retain-owner	Allocation state is already one locked owner; read-only width metadata need not share its hot lock.
kernel/arch/arm64/mm/asid.tkb	asid_last	asid	machine ASID namespace	asid_init boot metadata; LockedCell guard for mutable allocation state; WorldStopped for rollover	retain-owner	Allocation state is already one locked owner; read-only width metadata need not share its hot lock.
kernel/arch/arm64/mm/asid.tkb	asid_ready	asid	machine ASID namespace	asid_init boot metadata; LockedCell guard for mutable allocation state; WorldStopped for rollover	retain-owner	Allocation state is already one locked owner; read-only width metadata need not share its hot lock.
kernel/arch/arm64/mm/asid.tkb	asid_cell	asid	machine ASID namespace	asid_init boot metadata; LockedCell guard for mutable allocation state; WorldStopped for rollover	retain-owner	Allocation state is already one locked owner; read-only width metadata need not share its hot lock.
kernel/drivers/block/block_cache.tkb	block_cache_data	block-cache	one read cache per CPU	bounded caller-supplied CPU; release/acquire write epoch; local synchronous access	candidate-context	Data/tag/valid/epoch/LRU belong to one cache slot; retain inter-CPU invalidation publication.
kernel/drivers/block/block_cache.tkb	block_cache_backend	block-cache	one read cache per CPU	bounded caller-supplied CPU; release/acquire write epoch; local synchronous access	candidate-context	Data/tag/valid/epoch/LRU belong to one cache slot; retain inter-CPU invalidation publication.
kernel/drivers/block/block_cache.tkb	block_cache_block	block-cache	one read cache per CPU	bounded caller-supplied CPU; release/acquire write epoch; local synchronous access	candidate-context	Data/tag/valid/epoch/LRU belong to one cache slot; retain inter-CPU invalidation publication.
kernel/drivers/block/block_cache.tkb	block_cache_valid	block-cache	one read cache per CPU	bounded caller-supplied CPU; release/acquire write epoch; local synchronous access	candidate-context	Data/tag/valid/epoch/LRU belong to one cache slot; retain inter-CPU invalidation publication.
kernel/drivers/block/block_cache.tkb	block_cache_epoch	block-cache	one read cache per CPU	bounded caller-supplied CPU; release/acquire write epoch; local synchronous access	candidate-context	Data/tag/valid/epoch/LRU belong to one cache slot; retain inter-CPU invalidation publication.
kernel/drivers/block/block_cache.tkb	block_cache_used	block-cache	one read cache per CPU	bounded caller-supplied CPU; release/acquire write epoch; local synchronous access	candidate-context	Data/tag/valid/epoch/LRU belong to one cache slot; retain inter-CPU invalidation publication.
kernel/drivers/block/block_cache.tkb	block_cache_tick	block-cache	one read cache per CPU	bounded caller-supplied CPU; release/acquire write epoch; local synchronous access	candidate-context	Data/tag/valid/epoch/LRU belong to one cache slot; retain inter-CPU invalidation publication.
kernel/drivers/block/block_cache.tkb	block_cache_hits	block-cache	one read cache per CPU	bounded caller-supplied CPU; release/acquire write epoch; local synchronous access	candidate-context	Data/tag/valid/epoch/LRU belong to one cache slot; retain inter-CPU invalidation publication.
kernel/drivers/block/block_cache.tkb	block_cache_writes	block-cache	one read cache per CPU	bounded caller-supplied CPU; release/acquire write epoch; local synchronous access	candidate-context	Data/tag/valid/epoch/LRU belong to one cache slot; retain inter-CPU invalidation publication.
kernel/drivers/block/memory.tkb	block_read_calls	block-service	block I/O service and per-CPU read-ahead	TaskMutex for device commands; local read-ahead before device lock; epoch invalidation	candidate-context	Read-ahead metadata and device fault state have distinct owners; do not merge all under one lock.
kernel/drivers/block/memory.tkb	block_write_calls	block-service	block I/O service and per-CPU read-ahead	TaskMutex for device commands; local read-ahead before device lock; epoch invalidation	candidate-context	Read-ahead metadata and device fault state have distinct owners; do not merge all under one lock.
kernel/drivers/block/memory.tkb	block_device_waits	block-service	block I/O service and per-CPU read-ahead	TaskMutex for device commands; local read-ahead before device lock; epoch invalidation	candidate-context	Read-ahead metadata and device fault state have distinct owners; do not merge all under one lock.
kernel/drivers/block/memory.tkb	block_device_lock	block-service	block I/O service and per-CPU read-ahead	TaskMutex for device commands; local read-ahead before device lock; epoch invalidation	candidate-context	Read-ahead metadata and device fault state have distinct owners; do not merge all under one lock.
kernel/drivers/block/memory.tkb	block_fault_armed	block-fault	one device fault-injection scenario	block-device TaskMutex; arm/disarm/hits entry functions	candidate-fixture	Armed/direction/skip/sticky/count form a fixture context; it remains under the device guard.
kernel/drivers/block/memory.tkb	block_fault_on_write	block-fault	one device fault-injection scenario	block-device TaskMutex; arm/disarm/hits entry functions	candidate-fixture	Armed/direction/skip/sticky/count form a fixture context; it remains under the device guard.
kernel/drivers/block/memory.tkb	block_fault_skip	block-fault	one device fault-injection scenario	block-device TaskMutex; arm/disarm/hits entry functions	candidate-fixture	Armed/direction/skip/sticky/count form a fixture context; it remains under the device guard.
kernel/drivers/block/memory.tkb	block_fault_sticky	block-fault	one device fault-injection scenario	block-device TaskMutex; arm/disarm/hits entry functions	candidate-fixture	Armed/direction/skip/sticky/count form a fixture context; it remains under the device guard.
kernel/drivers/block/memory.tkb	block_fault_injected	block-fault	one device fault-injection scenario	block-device TaskMutex; arm/disarm/hits entry functions	candidate-fixture	Armed/direction/skip/sticky/count form a fixture context; it remains under the device guard.
kernel/drivers/block/memory.tkb	block_run_data	read-ahead	one read-ahead stream/cache per CPU	CPU-selected synchronous operation; device lock only for transfer; write-epoch checks	candidate-context	Data/backend/first/count/epoch and next-request state must be kept consistent; do not lock hot cache reads globally.
kernel/drivers/block/memory.tkb	block_run_backend	read-ahead	one read-ahead stream/cache per CPU	CPU-selected synchronous operation; device lock only for transfer; write-epoch checks	candidate-context	Data/backend/first/count/epoch and next-request state must be kept consistent; do not lock hot cache reads globally.
kernel/drivers/block/memory.tkb	block_run_first	read-ahead	one read-ahead stream/cache per CPU	CPU-selected synchronous operation; device lock only for transfer; write-epoch checks	candidate-context	Data/backend/first/count/epoch and next-request state must be kept consistent; do not lock hot cache reads globally.
kernel/drivers/block/memory.tkb	block_run_count	read-ahead	one read-ahead stream/cache per CPU	CPU-selected synchronous operation; device lock only for transfer; write-epoch checks	candidate-context	Data/backend/first/count/epoch and next-request state must be kept consistent; do not lock hot cache reads globally.
kernel/drivers/block/memory.tkb	block_run_epoch	read-ahead	one read-ahead stream/cache per CPU	CPU-selected synchronous operation; device lock only for transfer; write-epoch checks	candidate-context	Data/backend/first/count/epoch and next-request state must be kept consistent; do not lock hot cache reads globally.
kernel/drivers/block/memory.tkb	block_run_next	read-ahead	one read-ahead stream/cache per CPU	CPU-selected synchronous operation; device lock only for transfer; write-epoch checks	candidate-context	Data/backend/first/count/epoch and next-request state must be kept consistent; do not lock hot cache reads globally.
kernel/drivers/block/memory.tkb	block_run_next_backend	read-ahead	one read-ahead stream/cache per CPU	CPU-selected synchronous operation; device lock only for transfer; write-epoch checks	candidate-context	Data/backend/first/count/epoch and next-request state must be kept consistent; do not lock hot cache reads globally.
kernel/drivers/block/memory.tkb	block_run_reads	read-ahead	one read-ahead stream/cache per CPU	CPU-selected synchronous operation; device lock only for transfer; write-epoch checks	candidate-context	Data/backend/first/count/epoch and next-request state must be kept consistent; do not lock hot cache reads globally.
kernel/drivers/block/memory.tkb	block_run_hits	read-ahead	one read-ahead stream/cache per CPU	CPU-selected synchronous operation; device lock only for transfer; write-epoch checks	candidate-context	Data/backend/first/count/epoch and next-request state must be kept consistent; do not lock hot cache reads globally.
kernel/drivers/block/virtio_blk.tkb	virtio_blk_base	virtio-blk	one virtio block controller	boot DTB; command TaskMutex; fixed DMA receive authority and reset ownership	review-device-layout	Group controller metadata only after preserving DMA addresses, alignments and failed-reset lifetime.
kernel/drivers/block/virtio_blk.tkb	virtio_blk_ready	virtio-blk	one virtio block controller	boot DTB; command TaskMutex; fixed DMA receive authority and reset ownership	review-device-layout	Group controller metadata only after preserving DMA addresses, alignments and failed-reset lifetime.
kernel/drivers/block/virtio_blk.tkb	virtio_blk_disabled	virtio-blk	one virtio block controller	boot DTB; command TaskMutex; fixed DMA receive authority and reset ownership	review-device-layout	Group controller metadata only after preserving DMA addresses, alignments and failed-reset lifetime.
kernel/drivers/block/virtio_blk.tkb	virtio_blk_queue	virtio-blk	one virtio block controller	boot DTB; command TaskMutex; fixed DMA receive authority and reset ownership	review-device-layout	Group controller metadata only after preserving DMA addresses, alignments and failed-reset lifetime.
kernel/drivers/block/virtio_blk.tkb	virtio_blk_data_buf	virtio-blk	one virtio block controller	boot DTB; command TaskMutex; fixed DMA receive authority and reset ownership	review-device-layout	Group controller metadata only after preserving DMA addresses, alignments and failed-reset lifetime.
kernel/drivers/block/virtio_blk.tkb	virtio_blk_request_buf	virtio-blk	one virtio block controller	boot DTB; command TaskMutex; fixed DMA receive authority and reset ownership	review-device-layout	Group controller metadata only after preserving DMA addresses, alignments and failed-reset lifetime.
kernel/drivers/block/virtio_blk.tkb	virtio_blk_receive	virtio-blk	one virtio block controller	boot DTB; command TaskMutex; fixed DMA receive authority and reset ownership	review-device-layout	Group controller metadata only after preserving DMA addresses, alignments and failed-reset lifetime.
kernel/drivers/block/virtio_blk.tkb	virtio_blk_used_seen	virtio-blk	one virtio block controller	boot DTB; command TaskMutex; fixed DMA receive authority and reset ownership	review-device-layout	Group controller metadata only after preserving DMA addresses, alignments and failed-reset lifetime.
kernel/drivers/block/virtio_blk.tkb	virtio_blk_timeouts	virtio-blk	one virtio block controller	boot DTB; command TaskMutex; fixed DMA receive authority and reset ownership	review-device-layout	Group controller metadata only after preserving DMA addresses, alignments and failed-reset lifetime.
kernel/drivers/block/virtio_blk.tkb	virtio_blk_completion_max_ticks	virtio-blk	one virtio block controller	boot DTB; command TaskMutex; fixed DMA receive authority and reset ownership	review-device-layout	Group controller metadata only after preserving DMA addresses, alignments and failed-reset lifetime.
kernel/drivers/block/virtio_blk.tkb	virtio_blk_completions	virtio-blk	one virtio block controller	boot DTB; command TaskMutex; fixed DMA receive authority and reset ownership	review-device-layout	Group controller metadata only after preserving DMA addresses, alignments and failed-reset lifetime.
kernel/drivers/block/virtio_blk.tkb	virtio_blk_completion_total_ticks	virtio-blk	one virtio block controller	boot DTB; command TaskMutex; fixed DMA receive authority and reset ownership	review-device-layout	Group controller metadata only after preserving DMA addresses, alignments and failed-reset lifetime.
kernel/drivers/block/virtio_blk.tkb	virtio_blk_timeout_first	virtio-blk	one virtio block controller	boot DTB; command TaskMutex; fixed DMA receive authority and reset ownership	review-device-layout	Group controller metadata only after preserving DMA addresses, alignments and failed-reset lifetime.
kernel/drivers/block/virtio_blk.tkb	virtio_blk_timeout_last	virtio-blk	one virtio block controller	boot DTB; command TaskMutex; fixed DMA receive authority and reset ownership	review-device-layout	Group controller metadata only after preserving DMA addresses, alignments and failed-reset lifetime.
kernel/drivers/net/rp1_gem.tkb	gem_rx_desc	gem	one GEM network controller	InitOnce; linear RX/TX capabilities; boot MMIO configuration; DMA publication	review-device-layout	Controller/queue state is device-owned; relocation must preserve buffers and completion authority.
kernel/drivers/net/rp1_gem.tkb	gem_tx_desc	gem	one GEM network controller	InitOnce; linear RX/TX capabilities; boot MMIO configuration; DMA publication	review-device-layout	Controller/queue state is device-owned; relocation must preserve buffers and completion authority.
kernel/drivers/net/rp1_gem.tkb	gem_rx_buf	gem	one GEM network controller	InitOnce; linear RX/TX capabilities; boot MMIO configuration; DMA publication	review-device-layout	Controller/queue state is device-owned; relocation must preserve buffers and completion authority.
kernel/drivers/net/rp1_gem.tkb	gem_tx_buf	gem	one GEM network controller	InitOnce; linear RX/TX capabilities; boot MMIO configuration; DMA publication	review-device-layout	Controller/queue state is device-owned; relocation must preserve buffers and completion authority.
kernel/drivers/net/rp1_gem.tkb	net_init_once	gem	one GEM network controller	InitOnce; linear RX/TX capabilities; boot MMIO configuration; DMA publication	review-device-layout	Controller/queue state is device-owned; relocation must preserve buffers and completion authority.
kernel/drivers/net/rp1_gem.tkb	rp1_gem_net_ready	gem	one GEM network controller	InitOnce; linear RX/TX capabilities; boot MMIO configuration; DMA publication	review-device-layout	Controller/queue state is device-owned; relocation must preserve buffers and completion authority.
kernel/drivers/net/rp1_gem.tkb	gem_tx_next	gem	one GEM network controller	InitOnce; linear RX/TX capabilities; boot MMIO configuration; DMA publication	review-device-layout	Controller/queue state is device-owned; relocation must preserve buffers and completion authority.
kernel/drivers/net/rp1_gem.tkb	rp1_gem_base	gem	one GEM network controller	InitOnce; linear RX/TX capabilities; boot MMIO configuration; DMA publication	review-device-layout	Controller/queue state is device-owned; relocation must preserve buffers and completion authority.
kernel/drivers/net/rp1_gem.tkb	rp1_clocks_base	gem	one GEM network controller	InitOnce; linear RX/TX capabilities; boot MMIO configuration; DMA publication	review-device-layout	Controller/queue state is device-owned; relocation must preserve buffers and completion authority.
kernel/drivers/net/rp1_gem.tkb	rp1_gpio_ctrl_base	gem	one GEM network controller	InitOnce; linear RX/TX capabilities; boot MMIO configuration; DMA publication	review-device-layout	Controller/queue state is device-owned; relocation must preserve buffers and completion authority.
kernel/drivers/net/rp1_gem.tkb	rp1_gpio_rio_base	gem	one GEM network controller	InitOnce; linear RX/TX capabilities; boot MMIO configuration; DMA publication	review-device-layout	Controller/queue state is device-owned; relocation must preserve buffers and completion authority.
kernel/drivers/net/rp1_gem.tkb	rp1_gpio_pads_base	gem	one GEM network controller	InitOnce; linear RX/TX capabilities; boot MMIO configuration; DMA publication	review-device-layout	Controller/queue state is device-owned; relocation must preserve buffers and completion authority.
kernel/drivers/net/rp1_gem.tkb	rp1_gem_dtb_status	gem	one GEM network controller	InitOnce; linear RX/TX capabilities; boot MMIO configuration; DMA publication	review-device-layout	Controller/queue state is device-owned; relocation must preserve buffers and completion authority.
kernel/drivers/net/virtio_net.tkb	virtio_base	virtio-net	one virtio network controller	InitOnce; linear RX/TX capabilities; IRQ publication and queue indices	review-device-layout	Per-device context is a precedent, but queue and IRQ identity are not proven by grouping.
kernel/drivers/net/virtio_net.tkb	virtio_net_gic_intid	virtio-net	one virtio network controller	InitOnce; linear RX/TX capabilities; IRQ publication and queue indices	review-device-layout	Per-device context is a precedent, but queue and IRQ identity are not proven by grouping.
kernel/drivers/net/virtio_net.tkb	net_init_once	virtio-net	one virtio network controller	InitOnce; linear RX/TX capabilities; IRQ publication and queue indices	review-device-layout	Per-device context is a precedent, but queue and IRQ identity are not proven by grouping.
kernel/drivers/net/virtio_net.tkb	virtio_rx_irq_flag	virtio-net	one virtio network controller	InitOnce; linear RX/TX capabilities; IRQ publication and queue indices	review-device-layout	Per-device context is a precedent, but queue and IRQ identity are not proven by grouping.
kernel/drivers/net/virtio_net.tkb	virtio_tx_irq_flag	virtio-net	one virtio network controller	InitOnce; linear RX/TX capabilities; IRQ publication and queue indices	review-device-layout	Per-device context is a precedent, but queue and IRQ identity are not proven by grouping.
kernel/drivers/net/virtio_net.tkb	virtio_net_ready	virtio-net	one virtio network controller	InitOnce; linear RX/TX capabilities; IRQ publication and queue indices	review-device-layout	Per-device context is a precedent, but queue and IRQ identity are not proven by grouping.
kernel/drivers/net/virtio_net.tkb	rx_queue_mem	virtio-net	one virtio network controller	InitOnce; linear RX/TX capabilities; IRQ publication and queue indices	review-device-layout	Per-device context is a precedent, but queue and IRQ identity are not proven by grouping.
kernel/drivers/net/virtio_net.tkb	tx_queue_mem	virtio-net	one virtio network controller	InitOnce; linear RX/TX capabilities; IRQ publication and queue indices	review-device-layout	Per-device context is a precedent, but queue and IRQ identity are not proven by grouping.
kernel/drivers/net/virtio_net.tkb	rx_bufs	virtio-net	one virtio network controller	InitOnce; linear RX/TX capabilities; IRQ publication and queue indices	review-device-layout	Per-device context is a precedent, but queue and IRQ identity are not proven by grouping.
kernel/drivers/net/virtio_net.tkb	tx_ready_buf	virtio-net	one virtio network controller	InitOnce; linear RX/TX capabilities; IRQ publication and queue indices	review-device-layout	Per-device context is a precedent, but queue and IRQ identity are not proven by grouping.
kernel/drivers/net/virtio_net.tkb	rx_used_seen	virtio-net	one virtio network controller	InitOnce; linear RX/TX capabilities; IRQ publication and queue indices	review-device-layout	Per-device context is a precedent, but queue and IRQ identity are not proven by grouping.
kernel/drivers/net/virtio_net.tkb	tx_used_seen	virtio-net	one virtio network controller	InitOnce; linear RX/TX capabilities; IRQ publication and queue indices	review-device-layout	Per-device context is a precedent, but queue and IRQ identity are not proven by grouping.
kernel/drivers/net/virtio_net.tkb	rx_avail_idx	virtio-net	one virtio network controller	InitOnce; linear RX/TX capabilities; IRQ publication and queue indices	review-device-layout	Per-device context is a precedent, but queue and IRQ identity are not proven by grouping.
kernel/drivers/net/virtio_net.tkb	tx_avail_idx	virtio-net	one virtio network controller	InitOnce; linear RX/TX capabilities; IRQ publication and queue indices	review-device-layout	Per-device context is a precedent, but queue and IRQ identity are not proven by grouping.
kernel/drivers/serial/terminal.tkb	terminal_settings	terminal-settings	one UART terminal	settings/literal-next under process-run lock; independent flow readers use AtomicWord	candidate-context	Settings and initialization state form one terminal policy; keep published flow words distinct.
kernel/drivers/serial/terminal.tkb	terminal_settings_initialized	terminal-settings	one UART terminal	settings/literal-next under process-run lock; independent flow readers use AtomicWord	candidate-context	Settings and initialization state form one terminal policy; keep published flow words distinct.
kernel/drivers/serial/terminal.tkb	terminal_literal_next	terminal-settings	one UART terminal	settings/literal-next under process-run lock; independent flow readers use AtomicWord	candidate-context	Settings and initialization state form one terminal policy; keep published flow words distinct.
kernel/drivers/serial/terminal.tkb	terminal_output_stop_word	terminal-settings	one UART terminal	settings/literal-next under process-run lock; independent flow readers use AtomicWord	candidate-context	Settings and initialization state form one terminal policy; keep published flow words distinct.
kernel/drivers/serial/terminal.tkb	terminal_input_stop_word	terminal-settings	one UART terminal	settings/literal-next under process-run lock; independent flow readers use AtomicWord	candidate-context	Settings and initialization state form one terminal policy; keep published flow words distinct.
kernel/drivers/serial/terminal_echo.tkb	terminal_echo_operations	terminal-echo	one terminal echo queue	console exclusion and IRQ masking at kernel call sites; non-preemptible holders	candidate-context	Queue payload/head/tail/count/expansion phase have one lifecycle; keep drop total across reset.
kernel/drivers/serial/terminal_echo.tkb	terminal_echo_head	terminal-echo	one terminal echo queue	console exclusion and IRQ masking at kernel call sites; non-preemptible holders	candidate-context	Queue payload/head/tail/count/expansion phase have one lifecycle; keep drop total across reset.
kernel/drivers/serial/terminal_echo.tkb	terminal_echo_tail	terminal-echo	one terminal echo queue	console exclusion and IRQ masking at kernel call sites; non-preemptible holders	candidate-context	Queue payload/head/tail/count/expansion phase have one lifecycle; keep drop total across reset.
kernel/drivers/serial/terminal_echo.tkb	terminal_echo_count	terminal-echo	one terminal echo queue	console exclusion and IRQ masking at kernel call sites; non-preemptible holders	candidate-context	Queue payload/head/tail/count/expansion phase have one lifecycle; keep drop total across reset.
kernel/drivers/serial/terminal_echo.tkb	terminal_echo_phase	terminal-echo	one terminal echo queue	console exclusion and IRQ masking at kernel call sites; non-preemptible holders	candidate-context	Queue payload/head/tail/count/expansion phase have one lifecycle; keep drop total across reset.
kernel/drivers/serial/terminal_echo.tkb	terminal_echo_dropped	terminal-echo	one terminal echo queue	console exclusion and IRQ masking at kernel call sites; non-preemptible holders	candidate-context	Queue payload/head/tail/count/expansion phase have one lifecycle; keep drop total across reset.
kernel/drivers/serial/uart_rx_ring.tkb	kernel_uart_rx_buf	terminal-rx	one terminal RX queue	process-run lock at kernel callers; DDB quiescence; host-native fixture is serial	candidate-context	Bytes/marks/columns/indices form one queue, not process-owned input; keep IRQ/syscall exclusion.
kernel/drivers/serial/uart_rx_ring.tkb	kernel_uart_rx_head	terminal-rx	one terminal RX queue	process-run lock at kernel callers; DDB quiescence; host-native fixture is serial	candidate-context	Bytes/marks/columns/indices form one queue, not process-owned input; keep IRQ/syscall exclusion.
kernel/drivers/serial/uart_rx_ring.tkb	kernel_uart_rx_tail	terminal-rx	one terminal RX queue	process-run lock at kernel callers; DDB quiescence; host-native fixture is serial	candidate-context	Bytes/marks/columns/indices form one queue, not process-owned input; keep IRQ/syscall exclusion.
kernel/drivers/serial/uart_rx_ring.tkb	kernel_uart_rx_dropped	terminal-rx	one terminal RX queue	process-run lock at kernel callers; DDB quiescence; host-native fixture is serial	candidate-context	Bytes/marks/columns/indices form one queue, not process-owned input; keep IRQ/syscall exclusion.
kernel/drivers/serial/uart_rx_ring.tkb	kernel_uart_rx_marks	terminal-rx	one terminal RX queue	process-run lock at kernel callers; DDB quiescence; host-native fixture is serial	candidate-context	Bytes/marks/columns/indices form one queue, not process-owned input; keep IRQ/syscall exclusion.
kernel/drivers/serial/uart_rx_ring.tkb	kernel_uart_rx_columns	terminal-rx	one terminal RX queue	process-run lock at kernel callers; DDB quiescence; host-native fixture is serial	candidate-context	Bytes/marks/columns/indices form one queue, not process-owned input; keep IRQ/syscall exclusion.
kernel/drivers/serial/uart_rx_ring.tkb	kernel_uart_rx_lines	terminal-rx	one terminal RX queue	process-run lock at kernel callers; DDB quiescence; host-native fixture is serial	candidate-context	Bytes/marks/columns/indices form one queue, not process-owned input; keep IRQ/syscall exclusion.
kernel/drivers/serial/uart_rx_ring.tkb	kernel_uart_rx_canonical	terminal-rx	one terminal RX queue	process-run lock at kernel callers; DDB quiescence; host-native fixture is serial	candidate-context	Bytes/marks/columns/indices form one queue, not process-owned input; keep IRQ/syscall exclusion.
kernel/drivers/serial/uart_rx_ring.tkb	kernel_uart_rx_line_columns	terminal-rx	one terminal RX queue	process-run lock at kernel callers; DDB quiescence; host-native fixture is serial	candidate-context	Bytes/marks/columns/indices form one queue, not process-owned input; keep IRQ/syscall exclusion.
kernel/fs/elf64.tkb	ELF_HEADER_SIZE	immutable	immutable protocol/layout/configuration binding	no mutable binding; no write-once inference needed	retain-immutable	A top-level name is not mutable global state; preserve protocol/configuration constants.
kernel/fs/elf64.tkb	ELF_PROGRAM_HEADER_SIZE	immutable	immutable protocol/layout/configuration binding	no mutable binding; no write-once inference needed	retain-immutable	A top-level name is not mutable global state; preserve protocol/configuration constants.
kernel/fs/elf64.tkb	ELF_IDENT_MAGIC	elf-magic	ELF parser signature bytes	declaration initializer; reads only in validation	retain-immutable-data	Mutable spelling has no indexed direct stores; converting representation is optional, not an ownership migration.
kernel/fs/ext2/ext2.tkb	ext2_scratch	ext2	per-CPU operations and one writable root mount	non-preemptible per-CPU scratch; mutation admission for recovery/fence state	candidate-mount	Separate transient scratch from persistent fenced/pending-repair state; singleton-mount assumption matters.
kernel/fs/ext2/ext2.tkb	ext2_write_blocks	ext2	per-CPU operations and one writable root mount	non-preemptible per-CPU scratch; mutation admission for recovery/fence state	candidate-mount	Separate transient scratch from persistent fenced/pending-repair state; singleton-mount assumption matters.
kernel/fs/ext2/ext2.tkb	ext2_fenced	ext2-recovery	writable filesystem mount	mutation admission; boot fixture single writer; explicit recovery	candidate-mount	Fence and pending repair blocks describe the filesystem, not a CPU or process; new owner must preserve admission.
kernel/fs/ext2/ext2.tkb	ext2_fence_pending	ext2-recovery	writable filesystem mount	mutation admission; boot fixture single writer; explicit recovery	candidate-mount	Fence and pending repair blocks describe the filesystem, not a CPU or process; new owner must preserve admission.
kernel/fs/ext2/ext2.tkb	ext2_fence_pending_count	ext2-recovery	writable filesystem mount	mutation admission; boot fixture single writer; explicit recovery	candidate-mount	Fence and pending repair blocks describe the filesystem, not a CPU or process; new owner must preserve admission.
kernel/fs/ext2/mutation_lock.tkb	ext2_mutation_lock	ext2-admission	shared root filesystem admission	TaskMutex writer admission and reader-count publication; boot exception	retain-protocol	Lock and reader count express shared admission; grouping does not prove the reader/writer protocol.
kernel/fs/ext2/mutation_lock.tkb	ext2_readers	ext2-admission	shared root filesystem admission	TaskMutex writer admission and reader-count publication; boot exception	retain-protocol	Lock and reader count express shared admission; grouping does not prove the reader/writer protocol.
kernel/init/ext2_fixture.tkb	ext2_write_fixture_source	ext2-fixture	shared boot filesystem fixture	boot writes/reads static test buffers before normal users	retain-fixture	Buffers serve bounded boot scenarios; moving to stack may increase stack demand without benefit.
kernel/init/ext2_fixture.tkb	ext2_write_fixture_readback	ext2-fixture	shared boot filesystem fixture	boot writes/reads static test buffers before normal users	retain-fixture	Buffers serve bounded boot scenarios; moving to stack may increase stack demand without benefit.
kernel/init/ext2_fixture.tkb	ext2_write_fixture_bitmap	ext2-fixture	shared boot filesystem fixture	boot writes/reads static test buffers before normal users	retain-fixture	Buffers serve bounded boot scenarios; moving to stack may increase stack demand without benefit.
kernel/init/test_driver.tkb	ext2_read_fixture	boot-fixture	boot fixture and deferred report lifecycle	boot configuration or scenario-specific progress/report hooks	retain-fixture	Fixture baselines/flags/buffers outlive kernel_test_driver_run; do not confuse them with exec service ownership.
kernel/init/test_driver.tkb	ext2_symlink_fixture	boot-fixture	boot fixture and deferred report lifecycle	boot configuration or scenario-specific progress/report hooks	retain-fixture	Fixture baselines/flags/buffers outlive kernel_test_driver_run; do not confuse them with exec service ownership.
kernel/init/test_driver.tkb	saved_ext2_mount	boot-image-config	boot root mount and retained initial image	boot publishes descriptors/metadata before exec readers; one permanent metadata backing	candidate-boot	Use closed presence states for mount and image tuple; plan slices must continue borrowing permanent metadata.
kernel/init/test_driver.tkb	ext2_mount_ready	boot-image-config	boot root mount and retained initial image	boot publishes descriptors/metadata before exec readers; one permanent metadata backing	candidate-boot	Use closed presence states for mount and image tuple; plan slices must continue borrowing permanent metadata.
kernel/init/test_driver.tkb	rootfs_metadata	boot-image-backing	retained boot image metadata	boot fills once; saved image plan borrows the permanent window	retain-boot	Moving this window to a local would invalidate metadata-backed plan slices used after boot.
kernel/init/test_driver.tkb	exec_scratch	cpu-exec-scratch	one exec operation per CPU	cpu_id accessor; non-preemptible reserve-to-prepare continuation	retain-partition	Already one context per CPU; singleton substitution and migration require stronger authority, not grouping.
kernel/init/test_driver.tkb	kernel_init_socket_evidence	boot-fixture	boot fixture and deferred report lifecycle	boot configuration or scenario-specific progress/report hooks	retain-fixture	Fixture baselines/flags/buffers outlive kernel_test_driver_run; do not confuse them with exec service ownership.
kernel/init/test_driver.tkb	saved_rootfs_plan	boot-image-config	boot root mount and retained initial image	boot publishes descriptors/metadata before exec readers; one permanent metadata backing	candidate-boot	Use closed presence states for mount and image tuple; plan slices must continue borrowing permanent metadata.
kernel/init/test_driver.tkb	rootfs_plan_ready	boot-image-config	boot root mount and retained initial image	boot publishes descriptors/metadata before exec readers; one permanent metadata backing	candidate-boot	Use closed presence states for mount and image tuple; plan slices must continue borrowing permanent metadata.
kernel/init/test_driver.tkb	saved_rootfs_inode	boot-image-config	boot root mount and retained initial image	boot publishes descriptors/metadata before exec readers; one permanent metadata backing	candidate-boot	Use closed presence states for mount and image tuple; plan slices must continue borrowing permanent metadata.
kernel/init/test_driver.tkb	saved_rootfs_length	boot-image-config	boot root mount and retained initial image	boot publishes descriptors/metadata before exec readers; one permanent metadata backing	candidate-boot	Use closed presence states for mount and image tuple; plan slices must continue borrowing permanent metadata.
kernel/init/test_driver.tkb	process_pool_baseline	boot-fixture	boot fixture and deferred report lifecycle	boot configuration or scenario-specific progress/report hooks	retain-fixture	Fixture baselines/flags/buffers outlive kernel_test_driver_run; do not confuse them with exec service ownership.
kernel/init/test_driver.tkb	address_space_baseline	boot-fixture	boot fixture and deferred report lifecycle	boot configuration or scenario-specific progress/report hooks	retain-fixture	Fixture baselines/flags/buffers outlive kernel_test_driver_run; do not confuse them with exec service ownership.
kernel/init/test_driver.tkb	image_record_baseline	boot-fixture	boot fixture and deferred report lifecycle	boot configuration or scenario-specific progress/report hooks	retain-fixture	Fixture baselines/flags/buffers outlive kernel_test_driver_run; do not confuse them with exec service ownership.
kernel/init/test_driver.tkb	fd_context_baseline	boot-fixture	boot fixture and deferred report lifecycle	boot configuration or scenario-specific progress/report hooks	retain-fixture	Fixture baselines/flags/buffers outlive kernel_test_driver_run; do not confuse them with exec service ownership.
kernel/init/test_driver.tkb	page_baseline	boot-fixture	boot fixture and deferred report lifecycle	boot configuration or scenario-specific progress/report hooks	retain-fixture	Fixture baselines/flags/buffers outlive kernel_test_driver_run; do not confuse them with exec service ownership.
kernel/init/test_driver.tkb	init_boot_fixture_reported	boot-fixture	boot fixture and deferred report lifecycle	boot configuration or scenario-specific progress/report hooks	retain-fixture	Fixture baselines/flags/buffers outlive kernel_test_driver_run; do not confuse them with exec service ownership.
kernel/init/test_driver.tkb	init_boot_fixture_pending	boot-fixture	boot fixture and deferred report lifecycle	boot configuration or scenario-specific progress/report hooks	retain-fixture	Fixture baselines/flags/buffers outlive kernel_test_driver_run; do not confuse them with exec service ownership.
kernel/init/test_driver.tkb	clone_growth_probe_ok	boot-fixture	boot fixture and deferred report lifecycle	boot configuration or scenario-specific progress/report hooks	retain-fixture	Fixture baselines/flags/buffers outlive kernel_test_driver_run; do not confuse them with exec service ownership.
kernel/init/test_driver.tkb	kernel_test_rpi5_extended	boot-fixture	boot fixture and deferred report lifecycle	boot configuration or scenario-specific progress/report hooks	retain-fixture	Fixture baselines/flags/buffers outlive kernel_test_driver_run; do not confuse them with exec service ownership.
kernel/init/test_driver.tkb	kernel_test_init_script	boot-fixture	boot fixture and deferred report lifecycle	boot configuration or scenario-specific progress/report hooks	retain-fixture	Fixture baselines/flags/buffers outlive kernel_test_driver_run; do not confuse them with exec service ownership.
kernel/kernel/asid_contention_evidence.tkb	asid_probe_armed	contention-fixture	named asid_contention_evidence fixture	explicit arming/rendezvous/atomic or guard protocol in indexed entry functions	retain-fixture	Some slots/words intentionally create invalid or unlocked controls; keep separate from production owners.
kernel/kernel/asid_contention_evidence.tkb	asid_probe_primary	contention-fixture	named asid_contention_evidence fixture	explicit arming/rendezvous/atomic or guard protocol in indexed entry functions	retain-fixture	Some slots/words intentionally create invalid or unlocked controls; keep separate from production owners.
kernel/kernel/asid_contention_evidence.tkb	asid_probe_secondary	contention-fixture	named asid_contention_evidence fixture	explicit arming/rendezvous/atomic or guard protocol in indexed entry functions	retain-fixture	Some slots/words intentionally create invalid or unlocked controls; keep separate from production owners.
kernel/kernel/asid_contention_evidence.tkb	asid_probe_active	contention-fixture	named asid_contention_evidence fixture	explicit arming/rendezvous/atomic or guard protocol in indexed entry functions	retain-fixture	Some slots/words intentionally create invalid or unlocked controls; keep separate from production owners.
kernel/kernel/asid_contention_evidence.tkb	asid_probe_overlap	contention-fixture	named asid_contention_evidence fixture	explicit arming/rendezvous/atomic or guard protocol in indexed entry functions	retain-fixture	Some slots/words intentionally create invalid or unlocked controls; keep separate from production owners.
kernel/kernel/console_contention_evidence.tkb	console_probe_armed	contention-fixture	named console_contention_evidence fixture	explicit arming/rendezvous/atomic or guard protocol in indexed entry functions	retain-fixture	Some slots/words intentionally create invalid or unlocked controls; keep separate from production owners.
kernel/kernel/console_contention_evidence.tkb	console_probe_phase	contention-fixture	named console_contention_evidence fixture	explicit arming/rendezvous/atomic or guard protocol in indexed entry functions	retain-fixture	Some slots/words intentionally create invalid or unlocked controls; keep separate from production owners.
kernel/kernel/console_contention_evidence.tkb	console_probe_ready	contention-fixture	named console_contention_evidence fixture	explicit arming/rendezvous/atomic or guard protocol in indexed entry functions	retain-fixture	Some slots/words intentionally create invalid or unlocked controls; keep separate from production owners.
kernel/kernel/console_contention_evidence.tkb	console_probe_go	contention-fixture	named console_contention_evidence fixture	explicit arming/rendezvous/atomic or guard protocol in indexed entry functions	retain-fixture	Some slots/words intentionally create invalid or unlocked controls; keep separate from production owners.
kernel/kernel/console_contention_evidence.tkb	console_probe_arrived	contention-fixture	named console_contention_evidence fixture	explicit arming/rendezvous/atomic or guard protocol in indexed entry functions	retain-fixture	Some slots/words intentionally create invalid or unlocked controls; keep separate from production owners.
kernel/kernel/console_contention_evidence.tkb	console_probe_entered	contention-fixture	named console_contention_evidence fixture	explicit arming/rendezvous/atomic or guard protocol in indexed entry functions	retain-fixture	Some slots/words intentionally create invalid or unlocked controls; keep separate from production owners.
kernel/kernel/console_contention_evidence.tkb	console_probe_done	contention-fixture	named console_contention_evidence fixture	explicit arming/rendezvous/atomic or guard protocol in indexed entry functions	retain-fixture	Some slots/words intentionally create invalid or unlocked controls; keep separate from production owners.
kernel/kernel/console_contention_evidence.tkb	console_ddb_phase	contention-fixture	named console_contention_evidence fixture	explicit arming/rendezvous/atomic or guard protocol in indexed entry functions	retain-fixture	Some slots/words intentionally create invalid or unlocked controls; keep separate from production owners.
kernel/kernel/console_contention_evidence.tkb	console_ddb_release_reason	contention-fixture	named console_contention_evidence fixture	explicit arming/rendezvous/atomic or guard protocol in indexed entry functions	retain-fixture	Some slots/words intentionally create invalid or unlocked controls; keep separate from production owners.
kernel/kernel/console_contention_evidence.tkb	console_ddb_entry_held	contention-fixture	named console_contention_evidence fixture	explicit arming/rendezvous/atomic or guard protocol in indexed entry functions	retain-fixture	Some slots/words intentionally create invalid or unlocked controls; keep separate from production owners.
kernel/kernel/ext2_mutation_contention_evidence.tkb	ext2_mutation_probe_armed	contention-fixture	named ext2_mutation_contention_evidence fixture	explicit arming/rendezvous/atomic or guard protocol in indexed entry functions	retain-fixture	Some slots/words intentionally create invalid or unlocked controls; keep separate from production owners.
kernel/kernel/ext2_mutation_contention_evidence.tkb	ext2_mutation_probe_phase	contention-fixture	named ext2_mutation_contention_evidence fixture	explicit arming/rendezvous/atomic or guard protocol in indexed entry functions	retain-fixture	Some slots/words intentionally create invalid or unlocked controls; keep separate from production owners.
kernel/kernel/ext2_mutation_contention_evidence.tkb	ext2_mutation_probe_clear_seen	contention-fixture	named ext2_mutation_contention_evidence fixture	explicit arming/rendezvous/atomic or guard protocol in indexed entry functions	retain-fixture	Some slots/words intentionally create invalid or unlocked controls; keep separate from production owners.
kernel/kernel/ext2_mutation_contention_evidence.tkb	ext2_mutation_probe_held_seen	contention-fixture	named ext2_mutation_contention_evidence fixture	explicit arming/rendezvous/atomic or guard protocol in indexed entry functions	retain-fixture	Some slots/words intentionally create invalid or unlocked controls; keep separate from production owners.
kernel/kernel/ext2_mutation_contention_evidence.tkb	ext2_mutation_probe_asked	contention-fixture	named ext2_mutation_contention_evidence fixture	explicit arming/rendezvous/atomic or guard protocol in indexed entry functions	retain-fixture	Some slots/words intentionally create invalid or unlocked controls; keep separate from production owners.
kernel/kernel/ext2_mutation_contention_evidence.tkb	ext2_mutation_probe_inside	contention-fixture	named ext2_mutation_contention_evidence fixture	explicit arming/rendezvous/atomic or guard protocol in indexed entry functions	retain-fixture	Some slots/words intentionally create invalid or unlocked controls; keep separate from production owners.
kernel/kernel/ext2_mutation_contention_evidence.tkb	ext2_mutation_probe_trying	contention-fixture	named ext2_mutation_contention_evidence fixture	explicit arming/rendezvous/atomic or guard protocol in indexed entry functions	retain-fixture	Some slots/words intentionally create invalid or unlocked controls; keep separate from production owners.
kernel/kernel/ext2_mutation_contention_evidence.tkb	ext2_mutation_probe_taken	contention-fixture	named ext2_mutation_contention_evidence fixture	explicit arming/rendezvous/atomic or guard protocol in indexed entry functions	retain-fixture	Some slots/words intentionally create invalid or unlocked controls; keep separate from production owners.
kernel/kernel/ext2_mutation_contention_evidence.tkb	ext2_mutation_probe_overlapped	contention-fixture	named ext2_mutation_contention_evidence fixture	explicit arming/rendezvous/atomic or guard protocol in indexed entry functions	retain-fixture	Some slots/words intentionally create invalid or unlocked controls; keep separate from production owners.
kernel/kernel/ext2_mutation_contention_evidence.tkb	ext2_mutation_probe_left	contention-fixture	named ext2_mutation_contention_evidence fixture	explicit arming/rendezvous/atomic or guard protocol in indexed entry functions	retain-fixture	Some slots/words intentionally create invalid or unlocked controls; keep separate from production owners.
kernel/kernel/fd_table.tkb	fd_block_pool	fd-service	FD namespace and shared open descriptions	typed pool guards/pins; process ownership of chains; refcount lock	retain-pools	Retain three production allocator locations; distinguish missing-record evidence and fixture state.
kernel/kernel/fd_table.tkb	fd_block_missing	unused-fd-fallback	obsolete FD fallback storage	no lexical references in tracked kernel or scripts/lib search	candidate-remove	Old fallback declarations remain after checked lookup migration; validate compiler generation and debugger consumers before deletion.
kernel/kernel/fd_table.tkb	fd_context_missing	unused-fd-fallback	obsolete FD fallback storage	no lexical references in tracked kernel or scripts/lib search	candidate-remove	Old fallback declarations remain after checked lookup migration; validate compiler generation and debugger consumers before deletion.
kernel/kernel/fd_table.tkb	unified_object_missing	unused-fd-fallback	obsolete FD fallback storage	no lexical references in tracked kernel or scripts/lib search	candidate-remove	Old fallback declarations remain after checked lookup migration; validate compiler generation and debugger consumers before deletion.
kernel/kernel/fd_table.tkb	unified_fd_record_missing_count	fd-evidence	FD/refcount invariant evidence	existing guarded record/refcount paths; snapshot/report readers	retain-evidence	Missing/double-release counts explain refusal paths; moving them into live objects loses history on teardown.
kernel/kernel/fd_table.tkb	fd_slot_total	fd-service	FD namespace and shared open descriptions	typed pool guards/pins; process ownership of chains; refcount lock	retain-pools	Retain three production allocator locations; distinguish missing-record evidence and fixture state.
kernel/kernel/fd_table.tkb	fd_context_pool	fd-service	FD namespace and shared open descriptions	typed pool guards/pins; process ownership of chains; refcount lock	retain-pools	Retain three production allocator locations; distinguish missing-record evidence and fixture state.
kernel/kernel/fd_table.tkb	object_pool	fd-service	FD namespace and shared open descriptions	typed pool guards/pins; process ownership of chains; refcount lock	retain-pools	Retain three production allocator locations; distinguish missing-record evidence and fixture state.
kernel/kernel/fd_table.tkb	object_double_release_count	fd-evidence	FD/refcount invariant evidence	existing guarded record/refcount paths; snapshot/report readers	retain-evidence	Missing/double-release counts explain refusal paths; moving them into live objects loses history on teardown.
kernel/kernel/fd_table.tkb	object_refcount_lock	fd-service	FD namespace and shared open descriptions	typed pool guards/pins; process ownership of chains; refcount lock	retain-pools	Retain three production allocator locations; distinguish missing-record evidence and fixture state.
kernel/kernel/fd_table.tkb	unified_object_ref_bound_breaks	fd-evidence	FD/refcount invariant evidence	existing guarded record/refcount paths; snapshot/report readers	retain-evidence	Missing/double-release counts explain refusal paths; moving them into live objects loses history on teardown.
kernel/kernel/fd_table.tkb	fd_refcount_probe_handle	fd-refcount-fixture	refcount contention fixture	fixture rendezvous/guarded production count operations	retain-fixture	Probe handle, state and counts are evidence, not production allocation authority.
kernel/kernel/fd_table.tkb	fd_refcount_probe_ready	fd-refcount-fixture	refcount contention fixture	fixture rendezvous/guarded production count operations	retain-fixture	Probe handle, state and counts are evidence, not production allocation authority.
kernel/kernel/fd_table.tkb	fd_refcount_probe_armed	fd-refcount-fixture	refcount contention fixture	fixture rendezvous/guarded production count operations	retain-fixture	Probe handle, state and counts are evidence, not production allocation authority.
kernel/kernel/fd_table.tkb	fd_refcount_probe_primary	fd-refcount-fixture	refcount contention fixture	fixture rendezvous/guarded production count operations	retain-fixture	Probe handle, state and counts are evidence, not production allocation authority.
kernel/kernel/fd_table.tkb	fd_refcount_probe_secondary	fd-refcount-fixture	refcount contention fixture	fixture rendezvous/guarded production count operations	retain-fixture	Probe handle, state and counts are evidence, not production allocation authority.
kernel/kernel/fd_table.tkb	fd_refcount_probe_refused	fd-refcount-fixture	refcount contention fixture	fixture rendezvous/guarded production count operations	retain-fixture	Probe handle, state and counts are evidence, not production allocation authority.
kernel/kernel/fd_table.tkb	fd_refcount_probe_active	fd-refcount-fixture	refcount contention fixture	fixture rendezvous/guarded production count operations	retain-fixture	Probe handle, state and counts are evidence, not production allocation authority.
kernel/kernel/fd_table.tkb	fd_refcount_probe_overlap	fd-refcount-fixture	refcount contention fixture	fixture rendezvous/guarded production count operations	retain-fixture	Probe handle, state and counts are evidence, not production allocation authority.
kernel/kernel/fd_table.tkb	fd_refcount_probe_entries	fd-refcount-fixture	refcount contention fixture	fixture rendezvous/guarded production count operations	retain-fixture	Probe handle, state and counts are evidence, not production allocation authority.
kernel/kernel/freelist_contention_evidence.tkb	freelist_probe	contention-fixture	named freelist_contention_evidence fixture	explicit arming/rendezvous/atomic or guard protocol in indexed entry functions	retain-fixture	Some slots/words intentionally create invalid or unlocked controls; keep separate from production owners.
kernel/kernel/freelist_contention_evidence.tkb	freelist_probe_ready	contention-fixture	named freelist_contention_evidence fixture	explicit arming/rendezvous/atomic or guard protocol in indexed entry functions	retain-fixture	Some slots/words intentionally create invalid or unlocked controls; keep separate from production owners.
kernel/kernel/freelist_contention_evidence.tkb	freelist_probe_held	contention-fixture	named freelist_contention_evidence fixture	explicit arming/rendezvous/atomic or guard protocol in indexed entry functions	retain-fixture	Some slots/words intentionally create invalid or unlocked controls; keep separate from production owners.
kernel/kernel/freelist_contention_evidence.tkb	freelist_probe_lock	contention-fixture	named freelist_contention_evidence fixture	explicit arming/rendezvous/atomic or guard protocol in indexed entry functions	retain-fixture	Some slots/words intentionally create invalid or unlocked controls; keep separate from production owners.
kernel/kernel/freelist_contention_evidence.tkb	freelist_probe_locked_phase	contention-fixture	named freelist_contention_evidence fixture	explicit arming/rendezvous/atomic or guard protocol in indexed entry functions	retain-fixture	Some slots/words intentionally create invalid or unlocked controls; keep separate from production owners.
kernel/kernel/freelist_contention_evidence.tkb	freelist_probe_armed	contention-fixture	named freelist_contention_evidence fixture	explicit arming/rendezvous/atomic or guard protocol in indexed entry functions	retain-fixture	Some slots/words intentionally create invalid or unlocked controls; keep separate from production owners.
kernel/kernel/freelist_contention_evidence.tkb	freelist_probe_primary	contention-fixture	named freelist_contention_evidence fixture	explicit arming/rendezvous/atomic or guard protocol in indexed entry functions	retain-fixture	Some slots/words intentionally create invalid or unlocked controls; keep separate from production owners.
kernel/kernel/freelist_contention_evidence.tkb	freelist_probe_secondary	contention-fixture	named freelist_contention_evidence fixture	explicit arming/rendezvous/atomic or guard protocol in indexed entry functions	retain-fixture	Some slots/words intentionally create invalid or unlocked controls; keep separate from production owners.
kernel/kernel/freelist_contention_evidence.tkb	freelist_probe_duplicates	contention-fixture	named freelist_contention_evidence fixture	explicit arming/rendezvous/atomic or guard protocol in indexed entry functions	retain-fixture	Some slots/words intentionally create invalid or unlocked controls; keep separate from production owners.
kernel/kernel/freelist_contention_evidence.tkb	freelist_probe_empty	contention-fixture	named freelist_contention_evidence fixture	explicit arming/rendezvous/atomic or guard protocol in indexed entry functions	retain-fixture	Some slots/words intentionally create invalid or unlocked controls; keep separate from production owners.
kernel/kernel/freelist_contention_evidence.tkb	freelist_probe_active	contention-fixture	named freelist_contention_evidence fixture	explicit arming/rendezvous/atomic or guard protocol in indexed entry functions	retain-fixture	Some slots/words intentionally create invalid or unlocked controls; keep separate from production owners.
kernel/kernel/freelist_contention_evidence.tkb	freelist_probe_overlap	contention-fixture	named freelist_contention_evidence fixture	explicit arming/rendezvous/atomic or guard protocol in indexed entry functions	retain-fixture	Some slots/words intentionally create invalid or unlocked controls; keep separate from production owners.
kernel/kernel/freelist_contention_evidence.tkb	freelist_probe_primary_arrived	contention-fixture	named freelist_contention_evidence fixture	explicit arming/rendezvous/atomic or guard protocol in indexed entry functions	retain-fixture	Some slots/words intentionally create invalid or unlocked controls; keep separate from production owners.
kernel/kernel/freelist_contention_evidence.tkb	freelist_probe_secondary_arrived	contention-fixture	named freelist_contention_evidence fixture	explicit arming/rendezvous/atomic or guard protocol in indexed entry functions	retain-fixture	Some slots/words intentionally create invalid or unlocked controls; keep separate from production owners.
kernel/kernel/freelist_contention_evidence.tkb	freelist_probe_primary_marked	contention-fixture	named freelist_contention_evidence fixture	explicit arming/rendezvous/atomic or guard protocol in indexed entry functions	retain-fixture	Some slots/words intentionally create invalid or unlocked controls; keep separate from production owners.
kernel/kernel/freelist_contention_evidence.tkb	freelist_probe_secondary_marked	contention-fixture	named freelist_contention_evidence fixture	explicit arming/rendezvous/atomic or guard protocol in indexed entry functions	retain-fixture	Some slots/words intentionally create invalid or unlocked controls; keep separate from production owners.
kernel/kernel/freelist_contention_evidence.tkb	freelist_probe_entries	contention-fixture	named freelist_contention_evidence fixture	explicit arming/rendezvous/atomic or guard protocol in indexed entry functions	retain-fixture	Some slots/words intentionally create invalid or unlocked controls; keep separate from production owners.
kernel/kernel/init_once_contention_evidence.tkb	init_once_probe_gate	contention-fixture	named init_once_contention_evidence fixture	explicit arming/rendezvous/atomic or guard protocol in indexed entry functions	retain-fixture	Some slots/words intentionally create invalid or unlocked controls; keep separate from production owners.
kernel/kernel/init_once_contention_evidence.tkb	init_once_probe_armed	contention-fixture	named init_once_contention_evidence fixture	explicit arming/rendezvous/atomic or guard protocol in indexed entry functions	retain-fixture	Some slots/words intentionally create invalid or unlocked controls; keep separate from production owners.
kernel/kernel/init_once_contention_evidence.tkb	init_once_probe_phase	contention-fixture	named init_once_contention_evidence fixture	explicit arming/rendezvous/atomic or guard protocol in indexed entry functions	retain-fixture	Some slots/words intentionally create invalid or unlocked controls; keep separate from production owners.
kernel/kernel/init_once_contention_evidence.tkb	init_once_probe_arrived	contention-fixture	named init_once_contention_evidence fixture	explicit arming/rendezvous/atomic or guard protocol in indexed entry functions	retain-fixture	Some slots/words intentionally create invalid or unlocked controls; keep separate from production owners.
kernel/kernel/init_once_contention_evidence.tkb	init_once_probe_release	contention-fixture	named init_once_contention_evidence fixture	explicit arming/rendezvous/atomic or guard protocol in indexed entry functions	retain-fixture	Some slots/words intentionally create invalid or unlocked controls; keep separate from production owners.
kernel/kernel/init_once_contention_evidence.tkb	init_once_probe_primary_won	contention-fixture	named init_once_contention_evidence fixture	explicit arming/rendezvous/atomic or guard protocol in indexed entry functions	retain-fixture	Some slots/words intentionally create invalid or unlocked controls; keep separate from production owners.
kernel/kernel/init_once_contention_evidence.tkb	init_once_probe_secondary_won	contention-fixture	named init_once_contention_evidence fixture	explicit arming/rendezvous/atomic or guard protocol in indexed entry functions	retain-fixture	Some slots/words intentionally create invalid or unlocked controls; keep separate from production owners.
kernel/kernel/init_once_contention_evidence.tkb	init_once_probe_secondary_active	contention-fixture	named init_once_contention_evidence fixture	explicit arming/rendezvous/atomic or guard protocol in indexed entry functions	retain-fixture	Some slots/words intentionally create invalid or unlocked controls; keep separate from production owners.
kernel/kernel/init_once_contention_evidence.tkb	init_once_probe_naive_complete	contention-fixture	named init_once_contention_evidence fixture	explicit arming/rendezvous/atomic or guard protocol in indexed entry functions	retain-fixture	Some slots/words intentionally create invalid or unlocked controls; keep separate from production owners.
kernel/kernel/occupancy_drain_evidence.tkb	occupancy_probe_region	contention-fixture	named occupancy_drain_evidence fixture	explicit arming/rendezvous/atomic or guard protocol in indexed entry functions	retain-fixture	Some slots/words intentionally create invalid or unlocked controls; keep separate from production owners.
kernel/kernel/occupancy_drain_evidence.tkb	occupancy_probe_armed	contention-fixture	named occupancy_drain_evidence fixture	explicit arming/rendezvous/atomic or guard protocol in indexed entry functions	retain-fixture	Some slots/words intentionally create invalid or unlocked controls; keep separate from production owners.
kernel/kernel/occupancy_drain_evidence.tkb	occupancy_probe_entered	contention-fixture	named occupancy_drain_evidence fixture	explicit arming/rendezvous/atomic or guard protocol in indexed entry functions	retain-fixture	Some slots/words intentionally create invalid or unlocked controls; keep separate from production owners.
kernel/kernel/occupancy_drain_evidence.tkb	occupancy_probe_release	contention-fixture	named occupancy_drain_evidence fixture	explicit arming/rendezvous/atomic or guard protocol in indexed entry functions	retain-fixture	Some slots/words intentionally create invalid or unlocked controls; keep separate from production owners.
kernel/kernel/occupancy_drain_evidence.tkb	occupancy_probe_left	contention-fixture	named occupancy_drain_evidence fixture	explicit arming/rendezvous/atomic or guard protocol in indexed entry functions	retain-fixture	Some slots/words intentionally create invalid or unlocked controls; keep separate from production owners.
kernel/kernel/occupancy_drain_evidence.tkb	occupancy_probe_teardowns	contention-fixture	named occupancy_drain_evidence fixture	explicit arming/rendezvous/atomic or guard protocol in indexed entry functions	retain-fixture	Some slots/words intentionally create invalid or unlocked controls; keep separate from production owners.
kernel/kernel/occupancy_drain_evidence.tkb	world_stop_probe_inspections	contention-fixture	named occupancy_drain_evidence fixture	explicit arming/rendezvous/atomic or guard protocol in indexed entry functions	retain-fixture	Some slots/words intentionally create invalid or unlocked controls; keep separate from production owners.
kernel/kernel/occupancy_drain_evidence.tkb	world_stop_stale_probe_controller	contention-fixture	named occupancy_drain_evidence fixture	explicit arming/rendezvous/atomic or guard protocol in indexed entry functions	retain-fixture	Some slots/words intentionally create invalid or unlocked controls; keep separate from production owners.
kernel/kernel/occupancy_drain_evidence.tkb	world_stop_peer_probe_armed	contention-fixture	named occupancy_drain_evidence fixture	explicit arming/rendezvous/atomic or guard protocol in indexed entry functions	retain-fixture	Some slots/words intentionally create invalid or unlocked controls; keep separate from production owners.
kernel/kernel/occupancy_drain_evidence.tkb	world_stop_peer_probe_result	contention-fixture	named occupancy_drain_evidence fixture	explicit arming/rendezvous/atomic or guard protocol in indexed entry functions	retain-fixture	Some slots/words intentionally create invalid or unlocked controls; keep separate from production owners.
kernel/kernel/page_contention_evidence.tkb	page_probe_armed	contention-fixture	named page_contention_evidence fixture	explicit arming/rendezvous/atomic or guard protocol in indexed entry functions	retain-fixture	Some slots/words intentionally create invalid or unlocked controls; keep separate from production owners.
kernel/kernel/page_contention_evidence.tkb	page_probe_primary	contention-fixture	named page_contention_evidence fixture	explicit arming/rendezvous/atomic or guard protocol in indexed entry functions	retain-fixture	Some slots/words intentionally create invalid or unlocked controls; keep separate from production owners.
kernel/kernel/page_contention_evidence.tkb	page_probe_secondary	contention-fixture	named page_contention_evidence fixture	explicit arming/rendezvous/atomic or guard protocol in indexed entry functions	retain-fixture	Some slots/words intentionally create invalid or unlocked controls; keep separate from production owners.
kernel/kernel/page_contention_evidence.tkb	page_probe_failed	contention-fixture	named page_contention_evidence fixture	explicit arming/rendezvous/atomic or guard protocol in indexed entry functions	retain-fixture	Some slots/words intentionally create invalid or unlocked controls; keep separate from production owners.
kernel/kernel/page_contention_evidence.tkb	page_probe_active	contention-fixture	named page_contention_evidence fixture	explicit arming/rendezvous/atomic or guard protocol in indexed entry functions	retain-fixture	Some slots/words intentionally create invalid or unlocked controls; keep separate from production owners.
kernel/kernel/page_contention_evidence.tkb	page_probe_overlap	contention-fixture	named page_contention_evidence fixture	explicit arming/rendezvous/atomic or guard protocol in indexed entry functions	retain-fixture	Some slots/words intentionally create invalid or unlocked controls; keep separate from production owners.
kernel/kernel/pid_contention_evidence.tkb	pid_probe_armed	contention-fixture	named pid_contention_evidence fixture	explicit arming/rendezvous/atomic or guard protocol in indexed entry functions	retain-fixture	Some slots/words intentionally create invalid or unlocked controls; keep separate from production owners.
kernel/kernel/pid_contention_evidence.tkb	pid_probe_primary	contention-fixture	named pid_contention_evidence fixture	explicit arming/rendezvous/atomic or guard protocol in indexed entry functions	retain-fixture	Some slots/words intentionally create invalid or unlocked controls; keep separate from production owners.
kernel/kernel/pid_contention_evidence.tkb	pid_probe_secondary	contention-fixture	named pid_contention_evidence fixture	explicit arming/rendezvous/atomic or guard protocol in indexed entry functions	retain-fixture	Some slots/words intentionally create invalid or unlocked controls; keep separate from production owners.
kernel/kernel/pid_contention_evidence.tkb	pid_probe_active	contention-fixture	named pid_contention_evidence fixture	explicit arming/rendezvous/atomic or guard protocol in indexed entry functions	retain-fixture	Some slots/words intentionally create invalid or unlocked controls; keep separate from production owners.
kernel/kernel/pid_contention_evidence.tkb	pid_probe_overlap	contention-fixture	named pid_contention_evidence fixture	explicit arming/rendezvous/atomic or guard protocol in indexed entry functions	retain-fixture	Some slots/words intentionally create invalid or unlocked controls; keep separate from production owners.
kernel/kernel/pid_contention_evidence.tkb	pid_probe_primary_arrived	contention-fixture	named pid_contention_evidence fixture	explicit arming/rendezvous/atomic or guard protocol in indexed entry functions	retain-fixture	Some slots/words intentionally create invalid or unlocked controls; keep separate from production owners.
kernel/kernel/pid_contention_evidence.tkb	pid_probe_secondary_arrived	contention-fixture	named pid_contention_evidence fixture	explicit arming/rendezvous/atomic or guard protocol in indexed entry functions	retain-fixture	Some slots/words intentionally create invalid or unlocked controls; keep separate from production owners.
kernel/kernel/pid_contention_evidence.tkb	pid_probe_primary_committed	contention-fixture	named pid_contention_evidence fixture	explicit arming/rendezvous/atomic or guard protocol in indexed entry functions	retain-fixture	Some slots/words intentionally create invalid or unlocked controls; keep separate from production owners.
kernel/kernel/pid_contention_evidence.tkb	pid_probe_secondary_committed	contention-fixture	named pid_contention_evidence fixture	explicit arming/rendezvous/atomic or guard protocol in indexed entry functions	retain-fixture	Some slots/words intentionally create invalid or unlocked controls; keep separate from production owners.
kernel/kernel/pid_contention_evidence.tkb	pid_probe_locked_phase	contention-fixture	named pid_contention_evidence fixture	explicit arming/rendezvous/atomic or guard protocol in indexed entry functions	retain-fixture	Some slots/words intentionally create invalid or unlocked controls; keep separate from production owners.
kernel/kernel/pid_contention_evidence.tkb	pid_probe_entries	contention-fixture	named pid_contention_evidence fixture	explicit arming/rendezvous/atomic or guard protocol in indexed entry functions	retain-fixture	Some slots/words intentionally create invalid or unlocked controls; keep separate from production owners.
kernel/kernel/pool_contention_evidence.tkb	contention_pool	contention-fixture	named pool_contention_evidence fixture	explicit arming/rendezvous/atomic or guard protocol in indexed entry functions	retain-fixture	Some slots/words intentionally create invalid or unlocked controls; keep separate from production owners.
kernel/kernel/pool_contention_evidence.tkb	contention_pool_ready	contention-fixture	named pool_contention_evidence fixture	explicit arming/rendezvous/atomic or guard protocol in indexed entry functions	retain-fixture	Some slots/words intentionally create invalid or unlocked controls; keep separate from production owners.
kernel/kernel/pool_contention_evidence.tkb	contention_armed	contention-fixture	named pool_contention_evidence fixture	explicit arming/rendezvous/atomic or guard protocol in indexed entry functions	retain-fixture	Some slots/words intentionally create invalid or unlocked controls; keep separate from production owners.
kernel/kernel/pool_contention_evidence.tkb	contention_primary_cycles	contention-fixture	named pool_contention_evidence fixture	explicit arming/rendezvous/atomic or guard protocol in indexed entry functions	retain-fixture	Some slots/words intentionally create invalid or unlocked controls; keep separate from production owners.
kernel/kernel/pool_contention_evidence.tkb	contention_secondary_cycles	contention-fixture	named pool_contention_evidence fixture	explicit arming/rendezvous/atomic or guard protocol in indexed entry functions	retain-fixture	Some slots/words intentionally create invalid or unlocked controls; keep separate from production owners.
kernel/kernel/pool_contention_evidence.tkb	contention_failed_removes	contention-fixture	named pool_contention_evidence fixture	explicit arming/rendezvous/atomic or guard protocol in indexed entry functions	retain-fixture	Some slots/words intentionally create invalid or unlocked controls; keep separate from production owners.
kernel/kernel/pool_contention_evidence.tkb	contention_secondary_active	contention-fixture	named pool_contention_evidence fixture	explicit arming/rendezvous/atomic or guard protocol in indexed entry functions	retain-fixture	Some slots/words intentionally create invalid or unlocked controls; keep separate from production owners.
kernel/kernel/pool_contention_evidence.tkb	contention_overlap	contention-fixture	named pool_contention_evidence fixture	explicit arming/rendezvous/atomic or guard protocol in indexed entry functions	retain-fixture	Some slots/words intentionally create invalid or unlocked controls; keep separate from production owners.
kernel/kernel/pool_walk_contention_evidence.tkb	pool_walk_pool	contention-fixture	named pool_walk_contention_evidence fixture	explicit arming/rendezvous/atomic or guard protocol in indexed entry functions	retain-fixture	Some slots/words intentionally create invalid or unlocked controls; keep separate from production owners.
kernel/kernel/pool_walk_contention_evidence.tkb	pool_walk_ready	contention-fixture	named pool_walk_contention_evidence fixture	explicit arming/rendezvous/atomic or guard protocol in indexed entry functions	retain-fixture	Some slots/words intentionally create invalid or unlocked controls; keep separate from production owners.
kernel/kernel/pool_walk_contention_evidence.tkb	pool_walk_floor_address	contention-fixture	named pool_walk_contention_evidence fixture	explicit arming/rendezvous/atomic or guard protocol in indexed entry functions	retain-fixture	Some slots/words intentionally create invalid or unlocked controls; keep separate from production owners.
kernel/kernel/pool_walk_contention_evidence.tkb	pool_walk_floor_generation	contention-fixture	named pool_walk_contention_evidence fixture	explicit arming/rendezvous/atomic or guard protocol in indexed entry functions	retain-fixture	Some slots/words intentionally create invalid or unlocked controls; keep separate from production owners.
kernel/kernel/pool_walk_contention_evidence.tkb	pool_walk_floor_held	contention-fixture	named pool_walk_contention_evidence fixture	explicit arming/rendezvous/atomic or guard protocol in indexed entry functions	retain-fixture	Some slots/words intentionally create invalid or unlocked controls; keep separate from production owners.
kernel/kernel/pool_walk_contention_evidence.tkb	pool_walk_floor_base	contention-fixture	named pool_walk_contention_evidence fixture	explicit arming/rendezvous/atomic or guard protocol in indexed entry functions	retain-fixture	Some slots/words intentionally create invalid or unlocked controls; keep separate from production owners.
kernel/kernel/pool_walk_contention_evidence.tkb	pool_walk_floor_end	contention-fixture	named pool_walk_contention_evidence fixture	explicit arming/rendezvous/atomic or guard protocol in indexed entry functions	retain-fixture	Some slots/words intentionally create invalid or unlocked controls; keep separate from production owners.
kernel/kernel/pool_walk_contention_evidence.tkb	pool_walk_armed	contention-fixture	named pool_walk_contention_evidence fixture	explicit arming/rendezvous/atomic or guard protocol in indexed entry functions	retain-fixture	Some slots/words intentionally create invalid or unlocked controls; keep separate from production owners.
kernel/kernel/pool_walk_contention_evidence.tkb	pool_walk_active	contention-fixture	named pool_walk_contention_evidence fixture	explicit arming/rendezvous/atomic or guard protocol in indexed entry functions	retain-fixture	Some slots/words intentionally create invalid or unlocked controls; keep separate from production owners.
kernel/kernel/pool_walk_contention_evidence.tkb	pool_walk_seq	contention-fixture	named pool_walk_contention_evidence fixture	explicit arming/rendezvous/atomic or guard protocol in indexed entry functions	retain-fixture	Some slots/words intentionally create invalid or unlocked controls; keep separate from production owners.
kernel/kernel/pool_walk_contention_evidence.tkb	pool_walk_held_seq	contention-fixture	named pool_walk_contention_evidence fixture	explicit arming/rendezvous/atomic or guard protocol in indexed entry functions	retain-fixture	Some slots/words intentionally create invalid or unlocked controls; keep separate from production owners.
kernel/kernel/pool_walk_contention_evidence.tkb	pool_walk_released_seq	contention-fixture	named pool_walk_contention_evidence fixture	explicit arming/rendezvous/atomic or guard protocol in indexed entry functions	retain-fixture	Some slots/words intentionally create invalid or unlocked controls; keep separate from production owners.
kernel/kernel/pool_walk_contention_evidence.tkb	pool_walk_probed_seq	contention-fixture	named pool_walk_contention_evidence fixture	explicit arming/rendezvous/atomic or guard protocol in indexed entry functions	retain-fixture	Some slots/words intentionally create invalid or unlocked controls; keep separate from production owners.
kernel/kernel/pool_walk_contention_evidence.tkb	pool_walk_stale	contention-fixture	named pool_walk_contention_evidence fixture	explicit arming/rendezvous/atomic or guard protocol in indexed entry functions	retain-fixture	Some slots/words intentionally create invalid or unlocked controls; keep separate from production owners.
kernel/kernel/pool_walk_contention_evidence.tkb	pool_view_request	contention-fixture	named pool_walk_contention_evidence fixture	explicit arming/rendezvous/atomic or guard protocol in indexed entry functions	retain-fixture	Some slots/words intentionally create invalid or unlocked controls; keep separate from production owners.
kernel/kernel/pool_walk_contention_evidence.tkb	pool_view_held	contention-fixture	named pool_walk_contention_evidence fixture	explicit arming/rendezvous/atomic or guard protocol in indexed entry functions	retain-fixture	Some slots/words intentionally create invalid or unlocked controls; keep separate from production owners.
kernel/kernel/pool_walk_contention_evidence.tkb	pool_view_release	contention-fixture	named pool_walk_contention_evidence fixture	explicit arming/rendezvous/atomic or guard protocol in indexed entry functions	retain-fixture	Some slots/words intentionally create invalid or unlocked controls; keep separate from production owners.
kernel/kernel/pool_walk_contention_evidence.tkb	pool_view_done	contention-fixture	named pool_walk_contention_evidence fixture	explicit arming/rendezvous/atomic or guard protocol in indexed entry functions	retain-fixture	Some slots/words intentionally create invalid or unlocked controls; keep separate from production owners.
kernel/kernel/pool_walk_contention_evidence.tkb	pool_view_payload_ok	contention-fixture	named pool_walk_contention_evidence fixture	explicit arming/rendezvous/atomic or guard protocol in indexed entry functions	retain-fixture	Some slots/words intentionally create invalid or unlocked controls; keep separate from production owners.
kernel/kernel/pool_walk_contention_evidence.tkb	pool_walk_rounds_met	contention-fixture	named pool_walk_contention_evidence fixture	explicit arming/rendezvous/atomic or guard protocol in indexed entry functions	retain-fixture	Some slots/words intentionally create invalid or unlocked controls; keep separate from production owners.
kernel/kernel/pool_walk_contention_evidence.tkb	pool_walk_refused	contention-fixture	named pool_walk_contention_evidence fixture	explicit arming/rendezvous/atomic or guard protocol in indexed entry functions	retain-fixture	Some slots/words intentionally create invalid or unlocked controls; keep separate from production owners.
kernel/kernel/pool_walk_contention_evidence.tkb	pool_walk_admitted	contention-fixture	named pool_walk_contention_evidence fixture	explicit arming/rendezvous/atomic or guard protocol in indexed entry functions	retain-fixture	Some slots/words intentionally create invalid or unlocked controls; keep separate from production owners.
kernel/kernel/pool_walk_contention_evidence.tkb	pool_walk_floor_bad	contention-fixture	named pool_walk_contention_evidence fixture	explicit arming/rendezvous/atomic or guard protocol in indexed entry functions	retain-fixture	Some slots/words intentionally create invalid or unlocked controls; keep separate from production owners.
kernel/kernel/pool_walk_contention_evidence.tkb	pool_walk_steps	contention-fixture	named pool_walk_contention_evidence fixture	explicit arming/rendezvous/atomic or guard protocol in indexed entry functions	retain-fixture	Some slots/words intentionally create invalid or unlocked controls; keep separate from production owners.
kernel/kernel/pool_walk_contention_evidence.tkb	pool_walk_entries	contention-fixture	named pool_walk_contention_evidence fixture	explicit arming/rendezvous/atomic or guard protocol in indexed entry functions	retain-fixture	Some slots/words intentionally create invalid or unlocked controls; keep separate from production owners.
kernel/kernel/process.tkb	scheduled_process_pool	process	machine process namespace and scheduler	run guard; typed record makers; pooled records; bootstrap and assembly continuations	retain-authority	Process-owned fields are already in ProcessRecord; avoid moving authority makers across the file boundary.
kernel/kernel/process.tkb	scheduled_process_pool_ready	process	machine process namespace and scheduler	run guard; typed record makers; pooled records; bootstrap and assembly continuations	retain-authority	Process-owned fields are already in ProcessRecord; avoid moving authority makers across the file boundary.
kernel/kernel/process.tkb	scheduled_process_boot_record	process	machine process namespace and scheduler	run guard; typed record makers; pooled records; bootstrap and assembly continuations	retain-authority	Process-owned fields are already in ProcessRecord; avoid moving authority makers across the file boundary.
kernel/kernel/process.tkb	scheduled_process_boot_live	process	machine process namespace and scheduler	run guard; typed record makers; pooled records; bootstrap and assembly continuations	retain-authority	Process-owned fields are already in ProcessRecord; avoid moving authority makers across the file boundary.
kernel/kernel/process.tkb	scheduled_process_boot_generation	process	machine process namespace and scheduler	run guard; typed record makers; pooled records; bootstrap and assembly continuations	retain-authority	Process-owned fields are already in ProcessRecord; avoid moving authority makers across the file boundary.
kernel/kernel/process.tkb	scheduled_process_peer_dispatch_enabled	process	machine process namespace and scheduler	run guard; typed record makers; pooled records; bootstrap and assembly continuations	retain-authority	Process-owned fields are already in ProcessRecord; avoid moving authority makers across the file boundary.
kernel/kernel/process.tkb	scheduled_process_record_absent	process-diagnostics	retained scheduler/process evidence	run-path counters, CPU-local error state, trace publication or debugger injection as indexed	retain-abi	Per-variable protocol is in access sites; records/counters must remain available after process death; debugger names may be ABI.
kernel/kernel/process.tkb	scheduled_process_record_missing_count	process-diagnostics	retained scheduler/process evidence	run-path counters, CPU-local error state, trace publication or debugger injection as indexed	retain-abi	Per-variable protocol is in access sites; records/counters must remain available after process death; debugger names may be ABI.
kernel/kernel/process.tkb	scheduled_process_reaped_current_count	process-diagnostics	retained scheduler/process evidence	run-path counters, CPU-local error state, trace publication or debugger injection as indexed	retain-abi	Per-variable protocol is in access sites; records/counters must remain available after process death; debugger names may be ABI.
kernel/kernel/process.tkb	scheduled_process_stale_handle_reads	process-diagnostics	retained scheduler/process evidence	run-path counters, CPU-local error state, trace publication or debugger injection as indexed	retain-abi	Per-variable protocol is in access sites; records/counters must remain available after process death; debugger names may be ABI.
kernel/kernel/process.tkb	kernel_process_start_refused_invalid	process-diagnostics	retained scheduler/process evidence	run-path counters, CPU-local error state, trace publication or debugger injection as indexed	retain-abi	Per-variable protocol is in access sites; records/counters must remain available after process death; debugger names may be ABI.
kernel/kernel/process.tkb	kernel_process_start_refused_busy	process-diagnostics	retained scheduler/process evidence	run-path counters, CPU-local error state, trace publication or debugger injection as indexed	retain-abi	Per-variable protocol is in access sites; records/counters must remain available after process death; debugger names may be ABI.
kernel/kernel/process.tkb	kernel_process_start_refused_partial	process-diagnostics	retained scheduler/process evidence	run-path counters, CPU-local error state, trace publication or debugger injection as indexed	retain-abi	Per-variable protocol is in access sites; records/counters must remain available after process death; debugger names may be ABI.
kernel/kernel/process.tkb	kernel_process_stable_retry_busy	process-diagnostics	retained scheduler/process evidence	run-path counters, CPU-local error state, trace publication or debugger injection as indexed	retain-abi	Per-variable protocol is in access sites; records/counters must remain available after process death; debugger names may be ABI.
kernel/kernel/process.tkb	kernel_process_stable_retry_partial	process-diagnostics	retained scheduler/process evidence	run-path counters, CPU-local error state, trace publication or debugger injection as indexed	retain-abi	Per-variable protocol is in access sites; records/counters must remain available after process death; debugger names may be ABI.
kernel/kernel/process.tkb	scheduled_process_stale_first_slot	process-diagnostics	retained scheduler/process evidence	run-path counters, CPU-local error state, trace publication or debugger injection as indexed	retain-abi	Per-variable protocol is in access sites; records/counters must remain available after process death; debugger names may be ABI.
kernel/kernel/process.tkb	scheduled_process_stale_first_generation	process-diagnostics	retained scheduler/process evidence	run-path counters, CPU-local error state, trace publication or debugger injection as indexed	retain-abi	Per-variable protocol is in access sites; records/counters must remain available after process death; debugger names may be ABI.
kernel/kernel/process.tkb	scheduled_process_spare	spare-stack	machine retained spare stack run	indexed mutex plus stable linear PageRunOwner exchange	retain-owner	One explicit shared reserve already has ownership and exclusion; do not make it process-owned.
kernel/kernel/process.tkb	scheduled_process_stack_deepest_reaped	process-diagnostics	retained scheduler/process evidence	run-path counters, CPU-local error state, trace publication or debugger injection as indexed	retain-abi	Per-variable protocol is in access sites; records/counters must remain available after process death; debugger names may be ABI.
kernel/kernel/process.tkb	scheduled_process_pid_cell	process	machine process namespace and scheduler	run guard; typed record makers; pooled records; bootstrap and assembly continuations	retain-authority	Process-owned fields are already in ProcessRecord; avoid moving authority makers across the file boundary.
kernel/kernel/process.tkb	kernel_process_reap_unlinked_count	process-diagnostics	retained scheduler/process evidence	run-path counters, CPU-local error state, trace publication or debugger injection as indexed	retain-abi	Per-variable protocol is in access sites; records/counters must remain available after process death; debugger names may be ABI.
kernel/kernel/process.tkb	kernel_process_cpus_that_ran	process-diagnostics	retained scheduler/process evidence	run-path counters, CPU-local error state, trace publication or debugger injection as indexed	retain-abi	Per-variable protocol is in access sites; records/counters must remain available after process death; debugger names may be ABI.
kernel/kernel/process.tkb	scheduled_process_missing_first_slot	process-diagnostics	retained scheduler/process evidence	run-path counters, CPU-local error state, trace publication or debugger injection as indexed	retain-abi	Per-variable protocol is in access sites; records/counters must remain available after process death; debugger names may be ABI.
kernel/kernel/process.tkb	scheduled_process_missing_reason	process-diagnostics	retained scheduler/process evidence	run-path counters, CPU-local error state, trace publication or debugger injection as indexed	retain-abi	Per-variable protocol is in access sites; records/counters must remain available after process death; debugger names may be ABI.
kernel/kernel/process.tkb	scheduled_process_missing_cpu	process-diagnostics	retained scheduler/process evidence	run-path counters, CPU-local error state, trace publication or debugger injection as indexed	retain-abi	Per-variable protocol is in access sites; records/counters must remain available after process death; debugger names may be ABI.
kernel/kernel/process.tkb	scheduled_process_missing_current	process-diagnostics	retained scheduler/process evidence	run-path counters, CPU-local error state, trace publication or debugger injection as indexed	retain-abi	Per-variable protocol is in access sites; records/counters must remain available after process death; debugger names may be ABI.
kernel/kernel/process.tkb	kernel_activity	cpu-execution	one execution/activity record per CPU	cpu_id selection and non-preemptible/IRQ entry protocol	retain-partition	CPU-local storage already grouped; non-migration and storage mint remain trusted.
kernel/kernel/process.tkb	scheduled_process_missing_site	process-diagnostics	retained scheduler/process evidence	run-path counters, CPU-local error state, trace publication or debugger injection as indexed	retain-abi	Per-variable protocol is in access sites; records/counters must remain available after process death; debugger names may be ABI.
kernel/kernel/process.tkb	scheduled_process_freed_slot_count	process-diagnostics	retained scheduler/process evidence	run-path counters, CPU-local error state, trace publication or debugger injection as indexed	retain-abi	Per-variable protocol is in access sites; records/counters must remain available after process death; debugger names may be ABI.
kernel/kernel/process.tkb	scheduled_process_freed_first_slot	process-diagnostics	retained scheduler/process evidence	run-path counters, CPU-local error state, trace publication or debugger injection as indexed	retain-abi	Per-variable protocol is in access sites; records/counters must remain available after process death; debugger names may be ABI.
kernel/kernel/process.tkb	scheduled_process_freed_cpu	process-diagnostics	retained scheduler/process evidence	run-path counters, CPU-local error state, trace publication or debugger injection as indexed	retain-abi	Per-variable protocol is in access sites; records/counters must remain available after process death; debugger names may be ABI.
kernel/kernel/process.tkb	scheduled_process_freed_site	process-diagnostics	retained scheduler/process evidence	run-path counters, CPU-local error state, trace publication or debugger injection as indexed	retain-abi	Per-variable protocol is in access sites; records/counters must remain available after process death; debugger names may be ABI.
kernel/kernel/process.tkb	scheduled_process_run_lock	process	machine process namespace and scheduler	run guard; typed record makers; pooled records; bootstrap and assembly continuations	retain-authority	Process-owned fields are already in ProcessRecord; avoid moving authority makers across the file boundary.
kernel/kernel/process.tkb	execution_state	cpu-execution	one execution/activity record per CPU	cpu_id selection and non-preemptible/IRQ entry protocol	retain-partition	CPU-local storage already grouped; non-migration and storage mint remain trusted.
kernel/kernel/process.tkb	kernel_process_trace_probe_parent_frame	process-diagnostics	retained scheduler/process evidence	run-path counters, CPU-local error state, trace publication or debugger injection as indexed	retain-abi	Per-variable protocol is in access sites; records/counters must remain available after process death; debugger names may be ABI.
kernel/kernel/process.tkb	kernel_process_trace_probe_child_frame	process-diagnostics	retained scheduler/process evidence	run-path counters, CPU-local error state, trace publication or debugger injection as indexed	retain-abi	Per-variable protocol is in access sites; records/counters must remain available after process death; debugger names may be ABI.
kernel/kernel/process.tkb	kernel_crash_trace	process-diagnostics	retained scheduler/process evidence	run-path counters, CPU-local error state, trace publication or debugger injection as indexed	retain-abi	Per-variable protocol is in access sites; records/counters must remain available after process death; debugger names may be ABI.
kernel/kernel/process.tkb	kernel_crash_trace_next	process-diagnostics	retained scheduler/process evidence	run-path counters, CPU-local error state, trace publication or debugger injection as indexed	retain-abi	Per-variable protocol is in access sites; records/counters must remain available after process death; debugger names may be ABI.
kernel/kernel/process.tkb	kernel_crash_trace_sequence	process-diagnostics	retained scheduler/process evidence	run-path counters, CPU-local error state, trace publication or debugger injection as indexed	retain-abi	Per-variable protocol is in access sites; records/counters must remain available after process death; debugger names may be ABI.
kernel/kernel/process.tkb	kernel_process_trace_boot_enabled	process-diagnostics	retained scheduler/process evidence	run-path counters, CPU-local error state, trace publication or debugger injection as indexed	retain-abi	Per-variable protocol is in access sites; records/counters must remain available after process death; debugger names may be ABI.
kernel/kernel/process.tkb	kernel_process_trace_fail_after_exec	process-diagnostics	retained scheduler/process evidence	run-path counters, CPU-local error state, trace publication or debugger injection as indexed	retain-abi	Per-variable protocol is in access sites; records/counters must remain available after process death; debugger names may be ABI.
kernel/kernel/process.tkb	kernel_process_rollover_busy_injections	process-diagnostics	retained scheduler/process evidence	run-path counters, CPU-local error state, trace publication or debugger injection as indexed	retain-abi	Per-variable protocol is in access sites; records/counters must remain available after process death; debugger names may be ABI.
kernel/kernel/process.tkb	kernel_process_clone_rollover_busy_injections	process-diagnostics	retained scheduler/process evidence	run-path counters, CPU-local error state, trace publication or debugger injection as indexed	retain-abi	Per-variable protocol is in access sites; records/counters must remain available after process death; debugger names may be ABI.
kernel/kernel/process.tkb	kernel_process_exec_failure_reason	process-diagnostics	retained scheduler/process evidence	run-path counters, CPU-local error state, trace publication or debugger injection as indexed	retain-abi	Per-variable protocol is in access sites; records/counters must remain available after process death; debugger names may be ABI.
kernel/kernel/process.tkb	kernel_process_trace_enabled	process-diagnostics	retained scheduler/process evidence	run-path counters, CPU-local error state, trace publication or debugger injection as indexed	retain-abi	Per-variable protocol is in access sites; records/counters must remain available after process death; debugger names may be ABI.
kernel/kernel/process.tkb	kernel_process_core0_idle_seen	process-diagnostics	retained scheduler/process evidence	run-path counters, CPU-local error state, trace publication or debugger injection as indexed	retain-abi	Per-variable protocol is in access sites; records/counters must remain available after process death; debugger names may be ABI.
kernel/kernel/process.tkb	spread_timer_phase	spread-fixture	EL0 spread timer fixture	timer enter/left publication and fixture progress hooks	retain-fixture	Tracks a specific test transition, not generic scheduler policy.
kernel/kernel/process.tkb	spread_timer_parent	spread-fixture	EL0 spread timer fixture	timer enter/left publication and fixture progress hooks	retain-fixture	Tracks a specific test transition, not generic scheduler policy.
kernel/kernel/process.tkb	spread_timer_child	spread-fixture	EL0 spread timer fixture	timer enter/left publication and fixture progress hooks	retain-fixture	Tracks a specific test transition, not generic scheduler policy.
kernel/kernel/process.tkb	spread_timer_active	spread-fixture	EL0 spread timer fixture	timer enter/left publication and fixture progress hooks	retain-fixture	Tracks a specific test transition, not generic scheduler policy.
kernel/kernel/process.tkb	kernel_idle_starvation_pid	process-diagnostics	retained scheduler/process evidence	run-path counters, CPU-local error state, trace publication or debugger injection as indexed	retain-abi	Per-variable protocol is in access sites; records/counters must remain available after process death; debugger names may be ABI.
kernel/kernel/process.tkb	kernel_idle_starvation_passes	process-diagnostics	retained scheduler/process evidence	run-path counters, CPU-local error state, trace publication or debugger injection as indexed	retain-abi	Per-variable protocol is in access sites; records/counters must remain available after process death; debugger names may be ABI.
kernel/kernel/process.tkb	kernel_idle_starvation_reported	process-diagnostics	retained scheduler/process evidence	run-path counters, CPU-local error state, trace publication or debugger injection as indexed	retain-abi	Per-variable protocol is in access sites; records/counters must remain available after process death; debugger names may be ABI.
kernel/kernel/process.tkb	terminal_foreground_session	terminal-foreground	one controlling terminal session	process-run guarded foreground selection/signal operations	candidate-terminal-owner	Logical owner is the terminal, but changing file placement must preserve ProcessRunGuard/state-type dependencies.
kernel/kernel/process_test_evidence.tkb	process_test_evidence	process-evidence	boot process evidence	accessor functions on existing test/dispatch paths	retain-evidence	Already consolidated evidence struct; no reason to merge with process authority.
kernel/kernel/profile_samples.tkb	profile_sample_cores	pc-samples	named PMU sampling interval	one sampling CPU; per-CPU prefix buffers; local IRQ observation limits	candidate-diagnostics	Active/support/end-register state can be one interval context; retain fixed sample storage and loss counters.
kernel/kernel/profile_samples.tkb	profile_sample_active	pc-samples	named PMU sampling interval	one sampling CPU; per-CPU prefix buffers; local IRQ observation limits	candidate-diagnostics	Active/support/end-register state can be one interval context; retain fixed sample storage and loss counters.
kernel/kernel/profile_samples.tkb	profile_sample_available	pc-samples	named PMU sampling interval	one sampling CPU; per-CPU prefix buffers; local IRQ observation limits	candidate-diagnostics	Active/support/end-register state can be one interval context; retain fixed sample storage and loss counters.
kernel/kernel/profile_samples.tkb	profile_sample_checked	pc-samples	named PMU sampling interval	one sampling CPU; per-CPU prefix buffers; local IRQ observation limits	candidate-diagnostics	Active/support/end-register state can be one interval context; retain fixed sample storage and loss counters.
kernel/kernel/profile_samples.tkb	profile_sample_end_counter	pc-samples	named PMU sampling interval	one sampling CPU; per-CPU prefix buffers; local IRQ observation limits	candidate-diagnostics	Active/support/end-register state can be one interval context; retain fixed sample storage and loss counters.
kernel/kernel/profile_samples.tkb	profile_sample_end_pending	pc-samples	named PMU sampling interval	one sampling CPU; per-CPU prefix buffers; local IRQ observation limits	candidate-diagnostics	Active/support/end-register state can be one interval context; retain fixed sample storage and loss counters.
kernel/kernel/profile_samples.tkb	profile_sample_end_state	pc-samples	named PMU sampling interval	one sampling CPU; per-CPU prefix buffers; local IRQ observation limits	candidate-diagnostics	Active/support/end-register state can be one interval context; retain fixed sample storage and loss counters.
kernel/kernel/profile_samples.tkb	profile_sample_end_gic	pc-samples	named PMU sampling interval	one sampling CPU; per-CPU prefix buffers; local IRQ observation limits	candidate-diagnostics	Active/support/end-register state can be one interval context; retain fixed sample storage and loss counters.
kernel/kernel/profile_timeline.tkb	profile_timeline_cores	timeline	named busy-pair timeline	world-stopped start/finish; IRQ-masked per-CPU writers; frozen filters	candidate-diagnostics	Interval filters and active state form one context; buffers remain CPU-partitioned.
kernel/kernel/profile_timeline.tkb	profile_timeline_active	timeline	named busy-pair timeline	world-stopped start/finish; IRQ-masked per-CPU writers; frozen filters	candidate-diagnostics	Interval filters and active state form one context; buffers remain CPU-partitioned.
kernel/kernel/profile_timeline.tkb	profile_timeline_pid_a	timeline	named busy-pair timeline	world-stopped start/finish; IRQ-masked per-CPU writers; frozen filters	candidate-diagnostics	Interval filters and active state form one context; buffers remain CPU-partitioned.
kernel/kernel/profile_timeline.tkb	profile_timeline_pid_b	timeline	named busy-pair timeline	world-stopped start/finish; IRQ-masked per-CPU writers; frozen filters	candidate-diagnostics	Interval filters and active state form one context; buffers remain CPU-partitioned.
kernel/kernel/protocol_trace.tkb	protocol_trace_active	protocol-trace	bounded protocol observation interval	run-lock acquire/release observations include changes made outside the lock; closed-window reporting	retain-protocol	Sequence/process/core state ties runtime observations to replay; cosmetic regrouping is not stronger evidence.
kernel/kernel/protocol_trace.tkb	protocol_trace_sequence	protocol-trace	bounded protocol observation interval	run-lock acquire/release observations include changes made outside the lock; closed-window reporting	retain-protocol	Sequence/process/core state ties runtime observations to replay; cosmetic regrouping is not stronger evidence.
kernel/kernel/protocol_trace.tkb	protocol_trace_stored	protocol-trace	bounded protocol observation interval	run-lock acquire/release observations include changes made outside the lock; closed-window reporting	retain-protocol	Sequence/process/core state ties runtime observations to replay; cosmetic regrouping is not stronger evidence.
kernel/kernel/protocol_trace.tkb	protocol_trace_lost	protocol-trace	bounded protocol observation interval	run-lock acquire/release observations include changes made outside the lock; closed-window reporting	retain-protocol	Sequence/process/core state ties runtime observations to replay; cosmetic regrouping is not stronger evidence.
kernel/kernel/protocol_trace.tkb	protocol_trace_events	protocol-trace	bounded protocol observation interval	run-lock acquire/release observations include changes made outside the lock; closed-window reporting	retain-protocol	Sequence/process/core state ties runtime observations to replay; cosmetic regrouping is not stronger evidence.
kernel/kernel/protocol_trace.tkb	protocol_trace_processes	protocol-trace	bounded protocol observation interval	run-lock acquire/release observations include changes made outside the lock; closed-window reporting	retain-protocol	Sequence/process/core state ties runtime observations to replay; cosmetic regrouping is not stronger evidence.
kernel/kernel/protocol_trace.tkb	protocol_trace_process_count	protocol-trace	bounded protocol observation interval	run-lock acquire/release observations include changes made outside the lock; closed-window reporting	retain-protocol	Sequence/process/core state ties runtime observations to replay; cosmetic regrouping is not stronger evidence.
kernel/kernel/protocol_trace.tkb	protocol_trace_cores	protocol-trace	bounded protocol observation interval	run-lock acquire/release observations include changes made outside the lock; closed-window reporting	retain-protocol	Sequence/process/core state ties runtime observations to replay; cosmetic regrouping is not stronger evidence.
kernel/kernel/protocol_trace.tkb	protocol_trace_unlocked_pass	protocol-trace	bounded protocol observation interval	run-lock acquire/release observations include changes made outside the lock; closed-window reporting	retain-protocol	Sequence/process/core state ties runtime observations to replay; cosmetic regrouping is not stronger evidence.
kernel/kernel/schedule_contention_evidence.tkb	schedule_probe_handle	contention-fixture	named schedule_contention_evidence fixture	explicit arming/rendezvous/atomic or guard protocol in indexed entry functions	retain-fixture	Some slots/words intentionally create invalid or unlocked controls; keep separate from production owners.
kernel/kernel/schedule_contention_evidence.tkb	schedule_probe_ready	contention-fixture	named schedule_contention_evidence fixture	explicit arming/rendezvous/atomic or guard protocol in indexed entry functions	retain-fixture	Some slots/words intentionally create invalid or unlocked controls; keep separate from production owners.
kernel/kernel/schedule_contention_evidence.tkb	schedule_probe_held	contention-fixture	named schedule_contention_evidence fixture	explicit arming/rendezvous/atomic or guard protocol in indexed entry functions	retain-fixture	Some slots/words intentionally create invalid or unlocked controls; keep separate from production owners.
kernel/kernel/schedule_contention_evidence.tkb	schedule_probe_phase	contention-fixture	named schedule_contention_evidence fixture	explicit arming/rendezvous/atomic or guard protocol in indexed entry functions	retain-fixture	Some slots/words intentionally create invalid or unlocked controls; keep separate from production owners.
kernel/kernel/schedule_contention_evidence.tkb	schedule_probe_occupancy	contention-fixture	named schedule_contention_evidence fixture	explicit arming/rendezvous/atomic or guard protocol in indexed entry functions	retain-fixture	Some slots/words intentionally create invalid or unlocked controls; keep separate from production owners.
kernel/kernel/schedule_contention_evidence.tkb	schedule_probe_armed	contention-fixture	named schedule_contention_evidence fixture	explicit arming/rendezvous/atomic or guard protocol in indexed entry functions	retain-fixture	Some slots/words intentionally create invalid or unlocked controls; keep separate from production owners.
kernel/kernel/schedule_contention_evidence.tkb	schedule_probe_primary	contention-fixture	named schedule_contention_evidence fixture	explicit arming/rendezvous/atomic or guard protocol in indexed entry functions	retain-fixture	Some slots/words intentionally create invalid or unlocked controls; keep separate from production owners.
kernel/kernel/schedule_contention_evidence.tkb	schedule_probe_secondary	contention-fixture	named schedule_contention_evidence fixture	explicit arming/rendezvous/atomic or guard protocol in indexed entry functions	retain-fixture	Some slots/words intentionally create invalid or unlocked controls; keep separate from production owners.
kernel/kernel/schedule_contention_evidence.tkb	schedule_probe_overlap	contention-fixture	named schedule_contention_evidence fixture	explicit arming/rendezvous/atomic or guard protocol in indexed entry functions	retain-fixture	Some slots/words intentionally create invalid or unlocked controls; keep separate from production owners.
kernel/kernel/schedule_contention_evidence.tkb	schedule_probe_duplicates	contention-fixture	named schedule_contention_evidence fixture	explicit arming/rendezvous/atomic or guard protocol in indexed entry functions	retain-fixture	Some slots/words intentionally create invalid or unlocked controls; keep separate from production owners.
kernel/kernel/schedule_contention_evidence.tkb	schedule_probe_missing	contention-fixture	named schedule_contention_evidence fixture	explicit arming/rendezvous/atomic or guard protocol in indexed entry functions	retain-fixture	Some slots/words intentionally create invalid or unlocked controls; keep separate from production owners.
kernel/kernel/schedule_contention_evidence.tkb	schedule_probe_attempts	contention-fixture	named schedule_contention_evidence fixture	explicit arming/rendezvous/atomic or guard protocol in indexed entry functions	retain-fixture	Some slots/words intentionally create invalid or unlocked controls; keep separate from production owners.
kernel/kernel/signal_contention_evidence.tkb	signal_probe_record	contention-fixture	named signal_contention_evidence fixture	explicit arming/rendezvous/atomic or guard protocol in indexed entry functions	retain-fixture	Some slots/words intentionally create invalid or unlocked controls; keep separate from production owners.
kernel/kernel/signal_contention_evidence.tkb	signal_probe_phase	contention-fixture	named signal_contention_evidence fixture	explicit arming/rendezvous/atomic or guard protocol in indexed entry functions	retain-fixture	Some slots/words intentionally create invalid or unlocked controls; keep separate from production owners.
kernel/kernel/signal_contention_evidence.tkb	signal_probe_armed	contention-fixture	named signal_contention_evidence fixture	explicit arming/rendezvous/atomic or guard protocol in indexed entry functions	retain-fixture	Some slots/words intentionally create invalid or unlocked controls; keep separate from production owners.
kernel/kernel/signal_contention_evidence.tkb	signal_probe_go	contention-fixture	named signal_contention_evidence fixture	explicit arming/rendezvous/atomic or guard protocol in indexed entry functions	retain-fixture	Some slots/words intentionally create invalid or unlocked controls; keep separate from production owners.
kernel/kernel/signal_contention_evidence.tkb	signal_probe_done	contention-fixture	named signal_contention_evidence fixture	explicit arming/rendezvous/atomic or guard protocol in indexed entry functions	retain-fixture	Some slots/words intentionally create invalid or unlocked controls; keep separate from production owners.
kernel/kernel/syscall.tkb	syscall_filesystem	syscall	filesystem service and CPU-local action scratch	boot-published filesystem; non-preemptible local scratch; stable argv owner exchange	retain-context	Filesystem and scratch contexts already exist; argv CPU/storage separation is a separate authority question.
kernel/kernel/syscall.tkb	syscall_scratch	syscall	filesystem service and CPU-local action scratch	boot-published filesystem; non-preemptible local scratch; stable argv owner exchange	retain-context	Filesystem and scratch contexts already exist; argv CPU/storage separation is a separate authority question.
kernel/kernel/syscall.tkb	exec_args_store	syscall	filesystem service and CPU-local action scratch	boot-published filesystem; non-preemptible local scratch; stable argv owner exchange	retain-context	Filesystem and scratch contexts already exist; argv CPU/storage separation is a separate authority question.
kernel/kernel/syscall.tkb	syscall_syslog_peer_reported	syscall	filesystem service and CPU-local action scratch	boot-published filesystem; non-preemptible local scratch; stable argv owner exchange	retain-context	Filesystem and scratch contexts already exist; argv CPU/storage separation is a separate authority question.
kernel/kernel/syscall_test_evidence.tkb	syscall_test_evidence	syscall-evidence	boot syscall evidence	accessor functions on existing dispatch/report paths	retain-evidence	Already consolidated evidence struct; keep evidence distinct from real resource owners.
kernel/kernel/syscall_test_lifecycle.tkb	syscall_connected_fixture_pending	fixture-lifecycle	bounded/persistent shell fixture	connected flag under run lock; remaining named fixture checkpoints/boot admission	candidate-fixture	Checkpoint flags and child PID belong to one scenario; grouping must not change real gating predicates.
kernel/kernel/syscall_test_lifecycle.tkb	syscall_persistent_shell	fixture-lifecycle	bounded/persistent shell fixture	connected flag under run lock; remaining named fixture checkpoints/boot admission	candidate-fixture	Checkpoint flags and child PID belong to one scenario; grouping must not change real gating predicates.
kernel/kernel/syscall_test_lifecycle.tkb	syscall_persistent_shell_child_pid	fixture-lifecycle	bounded/persistent shell fixture	connected flag under run lock; remaining named fixture checkpoints/boot admission	candidate-fixture	Checkpoint flags and child PID belong to one scenario; grouping must not change real gating predicates.
kernel/kernel/syscall_test_lifecycle.tkb	syscall_persistent_shell_checkpoint_fork_logged	fixture-lifecycle	bounded/persistent shell fixture	connected flag under run lock; remaining named fixture checkpoints/boot admission	candidate-fixture	Checkpoint flags and child PID belong to one scenario; grouping must not change real gating predicates.
kernel/kernel/syscall_test_lifecycle.tkb	syscall_persistent_shell_checkpoint_selected_logged	fixture-lifecycle	bounded/persistent shell fixture	connected flag under run lock; remaining named fixture checkpoints/boot admission	candidate-fixture	Checkpoint flags and child PID belong to one scenario; grouping must not change real gating predicates.
kernel/kernel/syscall_test_lifecycle.tkb	syscall_persistent_shell_checkpoint_exec_prepare_logged	fixture-lifecycle	bounded/persistent shell fixture	connected flag under run lock; remaining named fixture checkpoints/boot admission	candidate-fixture	Checkpoint flags and child PID belong to one scenario; grouping must not change real gating predicates.
kernel/kernel/syscall_test_lifecycle.tkb	syscall_persistent_shell_checkpoint_exec_commit_logged	fixture-lifecycle	bounded/persistent shell fixture	connected flag under run lock; remaining named fixture checkpoints/boot admission	candidate-fixture	Checkpoint flags and child PID belong to one scenario; grouping must not change real gating predicates.
kernel/kernel/syscall_unimplemented.tkb	syscall_unimplemented_first_pid	syscall-diagnostics	machine first unsupported syscall record	atomic compare-exchange claims first PID; DDB/boot reporting	retain-diagnostics	A machine first-occurrence record survives the process; it is intentionally not per-process last-error state.
kernel/kernel/tag_contention_evidence.tkb	tag_probe_armed	contention-fixture	named tag_contention_evidence fixture	explicit arming/rendezvous/atomic or guard protocol in indexed entry functions	retain-fixture	Some slots/words intentionally create invalid or unlocked controls; keep separate from production owners.
kernel/kernel/tag_contention_evidence.tkb	tag_probe_primary	contention-fixture	named tag_contention_evidence fixture	explicit arming/rendezvous/atomic or guard protocol in indexed entry functions	retain-fixture	Some slots/words intentionally create invalid or unlocked controls; keep separate from production owners.
kernel/kernel/tag_contention_evidence.tkb	tag_probe_secondary	contention-fixture	named tag_contention_evidence fixture	explicit arming/rendezvous/atomic or guard protocol in indexed entry functions	retain-fixture	Some slots/words intentionally create invalid or unlocked controls; keep separate from production owners.
kernel/kernel/tag_contention_evidence.tkb	tag_probe_active	contention-fixture	named tag_contention_evidence fixture	explicit arming/rendezvous/atomic or guard protocol in indexed entry functions	retain-fixture	Some slots/words intentionally create invalid or unlocked controls; keep separate from production owners.
kernel/kernel/tag_contention_evidence.tkb	tag_probe_overlap	contention-fixture	named tag_contention_evidence fixture	explicit arming/rendezvous/atomic or guard protocol in indexed entry functions	retain-fixture	Some slots/words intentionally create invalid or unlocked controls; keep separate from production owners.
kernel/kernel/tcp_connection_contention_evidence.tkb	tcp_owner_probe_armed	contention-fixture	named tcp_connection_contention_evidence fixture	explicit arming/rendezvous/atomic or guard protocol in indexed entry functions	retain-fixture	Some slots/words intentionally create invalid or unlocked controls; keep separate from production owners.
kernel/kernel/tcp_connection_contention_evidence.tkb	tcp_owner_probe_phase	contention-fixture	named tcp_connection_contention_evidence fixture	explicit arming/rendezvous/atomic or guard protocol in indexed entry functions	retain-fixture	Some slots/words intentionally create invalid or unlocked controls; keep separate from production owners.
kernel/kernel/tcp_connection_contention_evidence.tkb	tcp_owner_probe_slot	contention-fixture	named tcp_connection_contention_evidence fixture	explicit arming/rendezvous/atomic or guard protocol in indexed entry functions	retain-fixture	Some slots/words intentionally create invalid or unlocked controls; keep separate from production owners.
kernel/kernel/tcp_connection_contention_evidence.tkb	tcp_owner_probe_generation	contention-fixture	named tcp_connection_contention_evidence fixture	explicit arming/rendezvous/atomic or guard protocol in indexed entry functions	retain-fixture	Some slots/words intentionally create invalid or unlocked controls; keep separate from production owners.
kernel/kernel/tcp_connection_contention_evidence.tkb	tcp_owner_probe_busy	contention-fixture	named tcp_connection_contention_evidence fixture	explicit arming/rendezvous/atomic or guard protocol in indexed entry functions	retain-fixture	Some slots/words intentionally create invalid or unlocked controls; keep separate from production owners.
kernel/kernel/tcp_connection_contention_evidence.tkb	tcp_owner_probe_advanced	contention-fixture	named tcp_connection_contention_evidence fixture	explicit arming/rendezvous/atomic or guard protocol in indexed entry functions	retain-fixture	Some slots/words intentionally create invalid or unlocked controls; keep separate from production owners.
kernel/kernel/tcp_connection_contention_evidence.tkb	tcp_owner_probe_active	contention-fixture	named tcp_connection_contention_evidence fixture	explicit arming/rendezvous/atomic or guard protocol in indexed entry functions	retain-fixture	Some slots/words intentionally create invalid or unlocked controls; keep separate from production owners.
kernel/kernel/tcp_connection_contention_evidence.tkb	tcp_pool_cost_mailboxes	contention-fixture	named tcp_connection_contention_evidence fixture	explicit arming/rendezvous/atomic or guard protocol in indexed entry functions	retain-fixture	Some slots/words intentionally create invalid or unlocked controls; keep separate from production owners.
kernel/kernel/tcp_connection_contention_evidence.tkb	tcp_pool_cost_round	contention-fixture	named tcp_connection_contention_evidence fixture	explicit arming/rendezvous/atomic or guard protocol in indexed entry functions	retain-fixture	Some slots/words intentionally create invalid or unlocked controls; keep separate from production owners.
kernel/kernel/tcp_connection_contention_evidence.tkb	tcp_pool_cost_go	contention-fixture	named tcp_connection_contention_evidence fixture	explicit arming/rendezvous/atomic or guard protocol in indexed entry functions	retain-fixture	Some slots/words intentionally create invalid or unlocked controls; keep separate from production owners.
kernel/kernel/tcp_connection_contention_evidence.tkb	tcp_pool_cost_mode	contention-fixture	named tcp_connection_contention_evidence fixture	explicit arming/rendezvous/atomic or guard protocol in indexed entry functions	retain-fixture	Some slots/words intentionally create invalid or unlocked controls; keep separate from production owners.
kernel/kernel/tcp_connection_contention_evidence.tkb	tcp_pool_cost_samples	contention-fixture	named tcp_connection_contention_evidence fixture	explicit arming/rendezvous/atomic or guard protocol in indexed entry functions	retain-fixture	Some slots/words intentionally create invalid or unlocked controls; keep separate from production owners.
kernel/kernel/workload_evidence.tkb	workload_busy_pair	workload	named multicore workload observations	per-CPU/profile interval hooks and scenario-specific publication	retain-fixture	Do not combine unrelated workload arming/loss state into production runtime owners.
kernel/kernel/workload_evidence.tkb	workload_busy_waits	workload	named multicore workload observations	per-CPU/profile interval hooks and scenario-specific publication	retain-fixture	Do not combine unrelated workload arming/loss state into production runtime owners.
kernel/kernel/workload_evidence.tkb	workload_busy_starve_injection_ticks	workload	named multicore workload observations	per-CPU/profile interval hooks and scenario-specific publication	retain-fixture	Do not combine unrelated workload arming/loss state into production runtime owners.
kernel/kernel/workload_evidence.tkb	workload_busy_starve_armed	workload	named multicore workload observations	per-CPU/profile interval hooks and scenario-specific publication	retain-fixture	Do not combine unrelated workload arming/loss state into production runtime owners.
kernel/kernel/workload_evidence.tkb	workload_busy_starve_worker	workload	named multicore workload observations	per-CPU/profile interval hooks and scenario-specific publication	retain-fixture	Do not combine unrelated workload arming/loss state into production runtime owners.
kernel/kernel/workload_evidence.tkb	workload_busy_starve_remaining	workload	named multicore workload observations	per-CPU/profile interval hooks and scenario-specific publication	retain-fixture	Do not combine unrelated workload arming/loss state into production runtime owners.
kernel/kernel/workload_evidence.tkb	workload_peer_net_wake_pid	workload	named multicore workload observations	per-CPU/profile interval hooks and scenario-specific publication	retain-fixture	Do not combine unrelated workload arming/loss state into production runtime owners.
kernel/kernel/workload_evidence.tkb	workload_peer_net_wake_block_requested	workload	named multicore workload observations	per-CPU/profile interval hooks and scenario-specific publication	retain-fixture	Do not combine unrelated workload arming/loss state into production runtime owners.
kernel/kernel/workload_evidence.tkb	move_cost_open	workload	named multicore workload observations	per-CPU/profile interval hooks and scenario-specific publication	retain-fixture	Do not combine unrelated workload arming/loss state into production runtime owners.
kernel/kernel/workload_evidence.tkb	move_cost_records	workload	named multicore workload observations	per-CPU/profile interval hooks and scenario-specific publication	retain-fixture	Do not combine unrelated workload arming/loss state into production runtime owners.
kernel/kernel/workload_evidence.tkb	move_cost_stored	workload	named multicore workload observations	per-CPU/profile interval hooks and scenario-specific publication	retain-fixture	Do not combine unrelated workload arming/loss state into production runtime owners.
kernel/kernel/workload_evidence.tkb	move_cost_lost	workload	named multicore workload observations	per-CPU/profile interval hooks and scenario-specific publication	retain-fixture	Do not combine unrelated workload arming/loss state into production runtime owners.
kernel/kernel/workload_evidence.tkb	move_cost_reported	workload	named multicore workload observations	per-CPU/profile interval hooks and scenario-specific publication	retain-fixture	Do not combine unrelated workload arming/loss state into production runtime owners.
kernel/kernel/workload_evidence.tkb	workload_peer_mutation_pid	workload	named multicore workload observations	per-CPU/profile interval hooks and scenario-specific publication	retain-fixture	Do not combine unrelated workload arming/loss state into production runtime owners.
kernel/kernel/workload_evidence.tkb	workload_peer_wait_pid	workload	named multicore workload observations	per-CPU/profile interval hooks and scenario-specific publication	retain-fixture	Do not combine unrelated workload arming/loss state into production runtime owners.
kernel/kernel/workload_evidence.tkb	workload_peer_wait_blocked	workload	named multicore workload observations	per-CPU/profile interval hooks and scenario-specific publication	retain-fixture	Do not combine unrelated workload arming/loss state into production runtime owners.
kernel/kernel/workload_evidence.tkb	workload_peer_wait_reaped	workload	named multicore workload observations	per-CPU/profile interval hooks and scenario-specific publication	retain-fixture	Do not combine unrelated workload arming/loss state into production runtime owners.
kernel/kernel/workload_evidence.tkb	workload_peer_mutation_seen	workload	named multicore workload observations	per-CPU/profile interval hooks and scenario-specific publication	retain-fixture	Do not combine unrelated workload arming/loss state into production runtime owners.
kernel/kernel/workload_evidence.tkb	workload_peer_exec_pid	workload	named multicore workload observations	per-CPU/profile interval hooks and scenario-specific publication	retain-fixture	Do not combine unrelated workload arming/loss state into production runtime owners.
kernel/kernel/workload_evidence.tkb	workload_peer_exec_cpu	workload	named multicore workload observations	per-CPU/profile interval hooks and scenario-specific publication	retain-fixture	Do not combine unrelated workload arming/loss state into production runtime owners.
kernel/kernel/workload_evidence.tkb	workload_peer_exec_control	workload	named multicore workload observations	per-CPU/profile interval hooks and scenario-specific publication	retain-fixture	Do not combine unrelated workload arming/loss state into production runtime owners.
kernel/kernel/workload_evidence.tkb	workload_peer_fork_pid	workload	named multicore workload observations	per-CPU/profile interval hooks and scenario-specific publication	retain-fixture	Do not combine unrelated workload arming/loss state into production runtime owners.
kernel/kernel/workload_evidence.tkb	workload_peer_fork_cpu	workload	named multicore workload observations	per-CPU/profile interval hooks and scenario-specific publication	retain-fixture	Do not combine unrelated workload arming/loss state into production runtime owners.
kernel/kernel/workload_evidence.tkb	workload_peer_fork_control	workload	named multicore workload observations	per-CPU/profile interval hooks and scenario-specific publication	retain-fixture	Do not combine unrelated workload arming/loss state into production runtime owners.
kernel/kernel/workload_evidence.tkb	workload_profile_cores	workload	named multicore workload observations	per-CPU/profile interval hooks and scenario-specific publication	retain-fixture	Do not combine unrelated workload arming/loss state into production runtime owners.
kernel/kernel/workload_evidence.tkb	workload_profile_active	workload	named multicore workload observations	per-CPU/profile interval hooks and scenario-specific publication	retain-fixture	Do not combine unrelated workload arming/loss state into production runtime owners.
kernel/kernel/workload_evidence.tkb	workload_settings_wake	workload	named multicore workload observations	per-CPU/profile interval hooks and scenario-specific publication	retain-fixture	Do not combine unrelated workload arming/loss state into production runtime owners.
kernel/lib/diagnostic_ring.tkb	diagnostic_trace_next	diagnostic-ring	retained per-CPU diagnostic rings	typed publish_begin/commit; per-CPU sequence; debugger test activation	retain-protocol	Payload publication is already statically constrained; preserve fixed no-allocation capture storage.
kernel/lib/diagnostic_ring.tkb	diagnostic_trace_records	diagnostic-ring	retained per-CPU diagnostic rings	typed publish_begin/commit; per-CPU sequence; debugger test activation	retain-protocol	Payload publication is already statically constrained; preserve fixed no-allocation capture storage.
kernel/lib/diagnostic_ring.tkb	diagnostic_trace_test_enabled	diagnostic-ring	retained per-CPU diagnostic rings	typed publish_begin/commit; per-CPU sequence; debugger test activation	retain-protocol	Payload publication is already statically constrained; preserve fixed no-allocation capture storage.
kernel/lib/intrusive_pool.tkb	intrusive_pool_tag_cell	pool-tags	machine lock identity namespace	LockedCell tag mint guard; boot/provider rules	retain-owner	One global namespace prevents duplicate pool-lock identities; it is not an object-pool payload.
kernel/lib/occupancy.tkb	kernel_world_stop	world-stop	machine WorldStop controller	linear complete/partial tokens and generation acknowledgements	retain-owner	One controller coordinates CPUs; embedding it in a process would shorten its required lifetime.
kernel/mm/address_space.tkb	address_space_backing_pool	address-space	backing allocator; CPU-active root; permanent root0	pool pins; CPU-local hardware root; bootstrap mint and teardown run protocol	retain-partition	Shared allocator, CPU-selected active root and permanent boot root have different lifetimes.
kernel/mm/address_space.tkb	address_space_backing_missing_count	address-space	backing allocator; CPU-active root; permanent root0	pool pins; CPU-local hardware root; bootstrap mint and teardown run protocol	retain-partition	Shared allocator, CPU-selected active root and permanent boot root have different lifetimes.
kernel/mm/address_space.tkb	address_space_active_slot	address-space	backing allocator; CPU-active root; permanent root0	pool pins; CPU-local hardware root; bootstrap mint and teardown run protocol	retain-partition	Shared allocator, CPU-selected active root and permanent boot root have different lifetimes.
kernel/mm/address_space.tkb	address_space_backing_root0	address-space	backing allocator; CPU-active root; permanent root0	pool pins; CPU-local hardware root; bootstrap mint and teardown run protocol	retain-partition	Shared allocator, CPU-selected active root and permanent boot root have different lifetimes.
kernel/mm/page.tkb	boot_page_pool_cell	page-allocator	machine physical page inventory	LockedCell allocator; MMU-off boot mint; guarded mapping-ref evidence	retain-owner	Allocation metadata is already one guarded owner and describes machine RAM, not process storage.
kernel/mm/page.tkb	page_mapping_ref_bound_breaks_cell	page-allocator	machine physical page inventory	LockedCell allocator; MMU-off boot mint; guarded mapping-ref evidence	retain-owner	Allocation metadata is already one guarded owner and describes machine RAM, not process storage.
kernel/mm/process_image.tkb	process_image_zero_page	process-image	image allocator and CPU-local image operations	pool pins; closed CPU-local operation context; permanent zero page	retain-context	Recent context migration is retained; counters and zero-page storage are separate observations/ABI data.
kernel/mm/process_image.tkb	process_image_contexts	process-image	image allocator and CPU-local image operations	pool pins; closed CPU-local operation context; permanent zero page	retain-context	Recent context migration is retained; counters and zero-page storage are separate observations/ABI data.
kernel/mm/process_image.tkb	clone_last_reaped_count	process-image	image allocator and CPU-local image operations	pool pins; closed CPU-local operation context; permanent zero page	retain-context	Recent context migration is retained; counters and zero-page storage are separate observations/ABI data.
kernel/mm/process_image.tkb	process_image_pool	process-image	image allocator and CPU-local image operations	pool pins; closed CPU-local operation context; permanent zero page	retain-context	Recent context migration is retained; counters and zero-page storage are separate observations/ABI data.
kernel/mm/process_image.tkb	process_image_record_missing_count	process-image	image allocator and CPU-local image operations	pool pins; closed CPU-local operation context; permanent zero page	retain-context	Recent context migration is retained; counters and zero-page storage are separate observations/ABI data.
kernel/mm/process_image.tkb	process_image_root_unset_count	process-image	image allocator and CPU-local image operations	pool pins; closed CPU-local operation context; permanent zero page	retain-context	Recent context migration is retained; counters and zero-page storage are separate observations/ABI data.
kernel/mm/process_image.tkb	process_image_root_stale_count	process-image	image allocator and CPU-local image operations	pool pins; closed CPU-local operation context; permanent zero page	retain-context	Recent context migration is retained; counters and zero-page storage are separate observations/ABI data.
kernel/mm/process_image.tkb	process_image_exec_reap_count	process-image	image allocator and CPU-local image operations	pool pins; closed CPU-local operation context; permanent zero page	retain-context	Recent context migration is retained; counters and zero-page storage are separate observations/ABI data.
kernel/mm/process_image.tkb	process_image_exec_reap_clean_count	process-image	image allocator and CPU-local image operations	pool pins; closed CPU-local operation context; permanent zero page	retain-context	Recent context migration is retained; counters and zero-page storage are separate observations/ABI data.
kernel/mm/process_image.tkb	process_image_exec_reap_stack_growth_count	process-image	image allocator and CPU-local image operations	pool pins; closed CPU-local operation context; permanent zero page	retain-context	Recent context migration is retained; counters and zero-page storage are separate observations/ABI data.
kernel/net/arp.tkb	ARP_SHA	immutable	immutable protocol/layout/configuration binding	no mutable binding; no write-once inference needed	retain-immutable	A top-level name is not mutable global state; preserve protocol/configuration constants.
kernel/net/arp.tkb	ARP_SPA	immutable	immutable protocol/layout/configuration binding	no mutable binding; no write-once inference needed	retain-immutable	A top-level name is not mutable global state; preserve protocol/configuration constants.
kernel/net/arp.tkb	ARP_THA	immutable	immutable protocol/layout/configuration binding	no mutable binding; no write-once inference needed	retain-immutable	A top-level name is not mutable global state; preserve protocol/configuration constants.
kernel/net/arp.tkb	ARP_TPA	immutable	immutable protocol/layout/configuration binding	no mutable binding; no write-once inference needed	retain-immutable	A top-level name is not mutable global state; preserve protocol/configuration constants.
kernel/net/icmp.tkb	IPV4_SRC	immutable	immutable protocol/layout/configuration binding	no mutable binding; no write-once inference needed	retain-immutable	A top-level name is not mutable global state; preserve protocol/configuration constants.
kernel/net/icmp.tkb	IPV4_DST	immutable	immutable protocol/layout/configuration binding	no mutable binding; no write-once inference needed	retain-immutable	A top-level name is not mutable global state; preserve protocol/configuration constants.
kernel/net/netconfig.tkb	OUR_MAC	immutable	immutable protocol/layout/configuration binding	no mutable binding; no write-once inference needed	retain-immutable	A top-level name is not mutable global state; preserve protocol/configuration constants.
kernel/net/netconfig.tkb	OUR_IP	immutable	immutable protocol/layout/configuration binding	no mutable binding; no write-once inference needed	retain-immutable	A top-level name is not mutable global state; preserve protocol/configuration constants.
kernel/net/socket_capability.tkb	network_capability_store	network-capability	one network RX admission authority	indexed mutex guard and stable_replace linear owner exchange	retain-owner	Already one value-first owner container; do not merge with protocol pools or copy its authority.
kernel/net/tcp.tkb	our_mac	tcp	shared connection/frame/retransmit allocators and protocol engine	typed pool guards/pins; connection owner; network capabilities; injection controls	retain-pools	Connection fields are already record-owned; distinguish global protocol policy and boot fault injections.
kernel/net/tcp.tkb	tcp_connection_pool	tcp	shared connection/frame/retransmit allocators and protocol engine	typed pool guards/pins; connection owner; network capabilities; injection controls	retain-pools	Connection fields are already record-owned; distinguish global protocol policy and boot fault injections.
kernel/net/tcp.tkb	tcp_absent_fallback_count	tcp	shared connection/frame/retransmit allocators and protocol engine	typed pool guards/pins; connection owner; network capabilities; injection controls	retain-pools	Connection fields are already record-owned; distinguish global protocol policy and boot fault injections.
kernel/net/tcp.tkb	tcp_completed_handshakes	tcp	shared connection/frame/retransmit allocators and protocol engine	typed pool guards/pins; connection owner; network capabilities; injection controls	retain-pools	Connection fields are already record-owned; distinguish global protocol policy and boot fault injections.
kernel/net/tcp.tkb	tcp_completed_echoes	tcp	shared connection/frame/retransmit allocators and protocol engine	typed pool guards/pins; connection owner; network capabilities; injection controls	retain-pools	Connection fields are already record-owned; distinguish global protocol policy and boot fault injections.
kernel/net/tcp.tkb	tcp_completed_closes	tcp	shared connection/frame/retransmit allocators and protocol engine	typed pool guards/pins; connection owner; network capabilities; injection controls	retain-pools	Connection fields are already record-owned; distinguish global protocol policy and boot fault injections.
kernel/net/tcp.tkb	tcp_drop_next_syn_ack	tcp-fixture	TCP injection and pin-sharing fixtures	boot/scenario controls; typed fixture pool guards and handshake state	retain-fixture	Keep synthetic traffic/ordering controls separate from connection ownership and allocator policy.
kernel/net/tcp.tkb	tcp_injected_syn_pending	tcp-fixture	TCP injection and pin-sharing fixtures	boot/scenario controls; typed fixture pool guards and handshake state	retain-fixture	Keep synthetic traffic/ordering controls separate from connection ownership and allocator policy.
kernel/net/tcp.tkb	tcp_injected_syn_retransmitted	tcp-fixture	TCP injection and pin-sharing fixtures	boot/scenario controls; typed fixture pool guards and handshake state	retain-fixture	Keep synthetic traffic/ordering controls separate from connection ownership and allocator policy.
kernel/net/tcp.tkb	tcp_injected_syn_accepted	tcp-fixture	TCP injection and pin-sharing fixtures	boot/scenario controls; typed fixture pool guards and handshake state	retain-fixture	Keep synthetic traffic/ordering controls separate from connection ownership and allocator policy.
kernel/net/tcp.tkb	tcp_retx_chain	tcp	shared connection/frame/retransmit allocators and protocol engine	typed pool guards/pins; connection owner; network capabilities; injection controls	retain-pools	Connection fields are already record-owned; distinguish global protocol policy and boot fault injections.
kernel/net/tcp.tkb	tcp_retx_pool	tcp	shared connection/frame/retransmit allocators and protocol engine	typed pool guards/pins; connection owner; network capabilities; injection controls	retain-pools	Connection fields are already record-owned; distinguish global protocol policy and boot fault injections.
kernel/net/tcp.tkb	tcp_drop_data_segment_index	tcp-fixture	TCP injection and pin-sharing fixtures	boot/scenario controls; typed fixture pool guards and handshake state	retain-fixture	Keep synthetic traffic/ordering controls separate from connection ownership and allocator policy.
kernel/net/tcp.tkb	tcp_injected_data_retransmitted	tcp-fixture	TCP injection and pin-sharing fixtures	boot/scenario controls; typed fixture pool guards and handshake state	retain-fixture	Keep synthetic traffic/ordering controls separate from connection ownership and allocator policy.
kernel/net/tcp.tkb	tcp_injected_data_recovery_observed	tcp-fixture	TCP injection and pin-sharing fixtures	boot/scenario controls; typed fixture pool guards and handshake state	retain-fixture	Keep synthetic traffic/ordering controls separate from connection ownership and allocator policy.
kernel/net/tcp.tkb	tcp_drop_next_fin	tcp-fixture	TCP injection and pin-sharing fixtures	boot/scenario controls; typed fixture pool guards and handshake state	retain-fixture	Keep synthetic traffic/ordering controls separate from connection ownership and allocator policy.
kernel/net/tcp.tkb	tcp_injected_fin_retransmitted	tcp-fixture	TCP injection and pin-sharing fixtures	boot/scenario controls; typed fixture pool guards and handshake state	retain-fixture	Keep synthetic traffic/ordering controls separate from connection ownership and allocator policy.
kernel/net/tcp.tkb	tcp_injected_fin_recovery_observed	tcp-fixture	TCP injection and pin-sharing fixtures	boot/scenario controls; typed fixture pool guards and handshake state	retain-fixture	Keep synthetic traffic/ordering controls separate from connection ownership and allocator policy.
kernel/net/tcp.tkb	tcp_advertised_window	tcp	shared connection/frame/retransmit allocators and protocol engine	typed pool guards/pins; connection owner; network capabilities; injection controls	retain-pools	Connection fields are already record-owned; distinguish global protocol policy and boot fault injections.
kernel/net/tcp.tkb	tcp_ack_each_stream_segment	tcp-fixture	TCP injection and pin-sharing fixtures	boot/scenario controls; typed fixture pool guards and handshake state	retain-fixture	Keep synthetic traffic/ordering controls separate from connection ownership and allocator policy.
kernel/net/tcp.tkb	tcp_split_request_segments	tcp-fixture	TCP injection and pin-sharing fixtures	boot/scenario controls; typed fixture pool guards and handshake state	retain-fixture	Keep synthetic traffic/ordering controls separate from connection ownership and allocator policy.
kernel/net/tcp.tkb	tcp_frame_pool	tcp	shared connection/frame/retransmit allocators and protocol engine	typed pool guards/pins; connection owner; network capabilities; injection controls	retain-pools	Connection fields are already record-owned; distinguish global protocol policy and boot fault injections.
kernel/net/tcp.tkb	pin_sharing_pool	tcp-fixture	TCP injection and pin-sharing fixtures	boot/scenario controls; typed fixture pool guards and handshake state	retain-fixture	Keep synthetic traffic/ordering controls separate from connection ownership and allocator policy.
kernel/net/tcp.tkb	pin_sharing_page	tcp-fixture	TCP injection and pin-sharing fixtures	boot/scenario controls; typed fixture pool guards and handshake state	retain-fixture	Keep synthetic traffic/ordering controls separate from connection ownership and allocator policy.
kernel/net/tcp.tkb	pin_sharing_handles	tcp-fixture	TCP injection and pin-sharing fixtures	boot/scenario controls; typed fixture pool guards and handshake state	retain-fixture	Keep synthetic traffic/ordering controls separate from connection ownership and allocator policy.
kernel/net/tcp.tkb	pending_tcp_probe_frame	tcp-fixture	TCP injection and pin-sharing fixtures	boot/scenario controls; typed fixture pool guards and handshake state	retain-fixture	Keep synthetic traffic/ordering controls separate from connection ownership and allocator policy.
kernel/net/wire.tkb	IP_TOTAL_LEN	immutable	immutable protocol/layout/configuration binding	no mutable binding; no write-once inference needed	retain-immutable	A top-level name is not mutable global state; preserve protocol/configuration constants.
kernel/net/wire.tkb	IP_TTL	immutable	immutable protocol/layout/configuration binding	no mutable binding; no write-once inference needed	retain-immutable	A top-level name is not mutable global state; preserve protocol/configuration constants.
kernel/net/wire.tkb	IP_PROTOCOL	immutable	immutable protocol/layout/configuration binding	no mutable binding; no write-once inference needed	retain-immutable	A top-level name is not mutable global state; preserve protocol/configuration constants.
kernel/net/wire.tkb	IP_CHECKSUM	immutable	immutable protocol/layout/configuration binding	no mutable binding; no write-once inference needed	retain-immutable	A top-level name is not mutable global state; preserve protocol/configuration constants.
kernel/net/wire.tkb	IP_SRC	immutable	immutable protocol/layout/configuration binding	no mutable binding; no write-once inference needed	retain-immutable	A top-level name is not mutable global state; preserve protocol/configuration constants.
kernel/net/wire.tkb	IP_DST	immutable	immutable protocol/layout/configuration binding	no mutable binding; no write-once inference needed	retain-immutable	A top-level name is not mutable global state; preserve protocol/configuration constants.
kernel/net/wire.tkb	TCP_SRC_PORT	immutable	immutable protocol/layout/configuration binding	no mutable binding; no write-once inference needed	retain-immutable	A top-level name is not mutable global state; preserve protocol/configuration constants.
kernel/net/wire.tkb	TCP_DST_PORT	immutable	immutable protocol/layout/configuration binding	no mutable binding; no write-once inference needed	retain-immutable	A top-level name is not mutable global state; preserve protocol/configuration constants.
kernel/net/wire.tkb	TCP_SEQ	immutable	immutable protocol/layout/configuration binding	no mutable binding; no write-once inference needed	retain-immutable	A top-level name is not mutable global state; preserve protocol/configuration constants.
kernel/net/wire.tkb	TCP_ACK	immutable	immutable protocol/layout/configuration binding	no mutable binding; no write-once inference needed	retain-immutable	A top-level name is not mutable global state; preserve protocol/configuration constants.
kernel/net/wire.tkb	TCP_DATA_OFFSET	immutable	immutable protocol/layout/configuration binding	no mutable binding; no write-once inference needed	retain-immutable	A top-level name is not mutable global state; preserve protocol/configuration constants.
kernel/net/wire.tkb	TCP_FLAGS	immutable	immutable protocol/layout/configuration binding	no mutable binding; no write-once inference needed	retain-immutable	A top-level name is not mutable global state; preserve protocol/configuration constants.
kernel/net/wire.tkb	TCP_WINDOW	immutable	immutable protocol/layout/configuration binding	no mutable binding; no write-once inference needed	retain-immutable	A top-level name is not mutable global state; preserve protocol/configuration constants.
kernel/net/wire.tkb	TCP_CHECKSUM	immutable	immutable protocol/layout/configuration binding	no mutable binding; no write-once inference needed	retain-immutable	A top-level name is not mutable global state; preserve protocol/configuration constants.
kernel/net/wire.tkb	TCP_URGENT	immutable	immutable protocol/layout/configuration binding	no mutable binding; no write-once inference needed	retain-immutable	A top-level name is not mutable global state; preserve protocol/configuration constants.
kernel/platform/qemu/intc.tkb	qemu_uart_gic_intid	qemu-intc	QEMU interrupt controller configuration	boot DTB configuration before IRQ enable; shared GIC distributor and local interface	candidate-device-config	Group discovered address/INTID metadata only through a boot configuration API, preserving IRQ consumers.
kernel/platform/qemu/intc.tkb	qemu_pmu_gic_intid	qemu-intc	QEMU interrupt controller configuration	boot DTB configuration before IRQ enable; shared GIC distributor and local interface	candidate-device-config	Group discovered address/INTID metadata only through a boot configuration API, preserving IRQ consumers.
kernel/platform/qemu/intc.tkb	qemu_gicd_base	qemu-intc	QEMU interrupt controller configuration	boot DTB configuration before IRQ enable; shared GIC distributor and local interface	candidate-device-config	Group discovered address/INTID metadata only through a boot configuration API, preserving IRQ consumers.
kernel/platform/qemu/intc.tkb	qemu_gicc_base	qemu-intc	QEMU interrupt controller configuration	boot DTB configuration before IRQ enable; shared GIC distributor and local interface	candidate-device-config	Group discovered address/INTID metadata only through a boot configuration API, preserving IRQ consumers.
kernel/platform/qemu/timer_irq.tkb	qemu_timer_gic_intid	platform-config	platform UART/GIC/timer/PSCI configuration	boot DTB writes before IRQ/CPU enable; MMIO consumers and entry ABI	candidate-device-config	Discovery parameters and status form device boot records; private access needs producer/consumer boundary review.
kernel/platform/qemu/uart.tkb	uart_base	platform-config	platform UART/GIC/timer/PSCI configuration	boot DTB writes before IRQ/CPU enable; MMIO consumers and entry ABI	candidate-device-config	Discovery parameters and status form device boot records; private access needs producer/consumer boundary review.
kernel/platform/qemu/uart.tkb	qemu_psci_use_hvc	platform-config	platform UART/GIC/timer/PSCI configuration	boot DTB writes before IRQ/CPU enable; MMIO consumers and entry ABI	candidate-device-config	Discovery parameters and status form device boot records; private access needs producer/consumer boundary review.
kernel/platform/rpi5/pcie.tkb	rpi5_pcie2_base	pcie	RPi5 PCI root complex and RP1 address map	boot DTB discovery/validation before controller bring-up; DMA translation used later	candidate-device-config	Address/status groups are boot records; retain cross-device translation and pre-MMU readability.
kernel/platform/rpi5/pcie.tkb	rpi5_pcie2_dtb_status	pcie	RPi5 PCI root complex and RP1 address map	boot DTB discovery/validation before controller bring-up; DMA translation used later	candidate-device-config	Address/status groups are boot records; retain cross-device translation and pre-MMU readability.
kernel/platform/rpi5/pcie.tkb	rpi5_pcie_rescal_base	pcie	RPi5 PCI root complex and RP1 address map	boot DTB discovery/validation before controller bring-up; DMA translation used later	candidate-device-config	Address/status groups are boot records; retain cross-device translation and pre-MMU readability.
kernel/platform/rpi5/pcie.tkb	rpi5_bcm_reset_base	pcie	RPi5 PCI root complex and RP1 address map	boot DTB discovery/validation before controller bring-up; DMA translation used later	candidate-device-config	Address/status groups are boot records; retain cross-device translation and pre-MMU readability.
kernel/platform/rpi5/pcie.tkb	rpi5_pcie_support_dtb_status	pcie	RPi5 PCI root complex and RP1 address map	boot DTB discovery/validation before controller bring-up; DMA translation used later	candidate-device-config	Address/status groups are boot records; retain cross-device translation and pre-MMU readability.
kernel/platform/rpi5/pcie.tkb	rpi5_mip0_base	pcie	RPi5 PCI root complex and RP1 address map	boot DTB discovery/validation before controller bring-up; DMA translation used later	candidate-device-config	Address/status groups are boot records; retain cross-device translation and pre-MMU readability.
kernel/platform/rpi5/pcie.tkb	rpi5_mip0_target	pcie	RPi5 PCI root complex and RP1 address map	boot DTB discovery/validation before controller bring-up; DMA translation used later	candidate-device-config	Address/status groups are boot records; retain cross-device translation and pre-MMU readability.
kernel/platform/rpi5/pcie.tkb	rpi5_mip0_dtb_status	pcie	RPi5 PCI root complex and RP1 address map	boot DTB discovery/validation before controller bring-up; DMA translation used later	candidate-device-config	Address/status groups are boot records; retain cross-device translation and pre-MMU readability.
kernel/platform/rpi5/pcie.tkb	rpi5_pcie_outbound_cpu_base	pcie	RPi5 PCI root complex and RP1 address map	boot DTB discovery/validation before controller bring-up; DMA translation used later	candidate-device-config	Address/status groups are boot records; retain cross-device translation and pre-MMU readability.
kernel/platform/rpi5/pcie.tkb	rp1_dma_pci_offset	pcie	RPi5 PCI root complex and RP1 address map	boot DTB discovery/validation before controller bring-up; DMA translation used later	candidate-device-config	Address/status groups are boot records; retain cross-device translation and pre-MMU readability.
kernel/platform/rpi5/pcie.tkb	rpi5_pcie_address_map_dtb_status	pcie	RPi5 PCI root complex and RP1 address map	boot DTB discovery/validation before controller bring-up; DMA translation used later	candidate-device-config	Address/status groups are boot records; retain cross-device translation and pre-MMU readability.
kernel/platform/rpi5/psci_dtb.tkb	rpi5_psci_use_hvc	psci	boot PSCI transport	DTB selects SMC/HVC before CPU_ON	retain-singleton	One boot transport choice; a container for one value would not improve its invariant.
kernel/platform/rpi5/timer_irq.tkb	rpi5_gicd_base	platform-config	platform UART/GIC/timer/PSCI configuration	boot DTB writes before IRQ/CPU enable; MMIO consumers and entry ABI	candidate-device-config	Discovery parameters and status form device boot records; private access needs producer/consumer boundary review.
kernel/platform/rpi5/timer_irq.tkb	rpi5_gicc_base	platform-config	platform UART/GIC/timer/PSCI configuration	boot DTB writes before IRQ/CPU enable; MMIO consumers and entry ABI	candidate-device-config	Discovery parameters and status form device boot records; private access needs producer/consumer boundary review.
kernel/platform/rpi5/timer_irq.tkb	rpi5_gic_dtb_status	platform-config	platform UART/GIC/timer/PSCI configuration	boot DTB writes before IRQ/CPU enable; MMIO consumers and entry ABI	candidate-device-config	Discovery parameters and status form device boot records; private access needs producer/consumer boundary review.
kernel/platform/rpi5/timer_irq.tkb	rpi5_timer_gic_intid	platform-config	platform UART/GIC/timer/PSCI configuration	boot DTB writes before IRQ/CPU enable; MMIO consumers and entry ABI	candidate-device-config	Discovery parameters and status form device boot records; private access needs producer/consumer boundary review.
kernel/platform/rpi5/uart.tkb	rpi5_uart_base	platform-config	platform UART/GIC/timer/PSCI configuration	boot DTB writes before IRQ/CPU enable; MMIO consumers and entry ABI	candidate-device-config	Discovery parameters and status form device boot records; private access needs producer/consumer boundary review.
kernel/platform/rpi5/uart.tkb	rpi5_uart_dtb_status	platform-config	platform UART/GIC/timer/PSCI configuration	boot DTB writes before IRQ/CPU enable; MMIO consumers and entry ABI	candidate-device-config	Discovery parameters and status form device boot records; private access needs producer/consumer boundary review.
kernel/platform/rpi5/usb_provision.tkb	usb_provision_image	usb-provision	boot rootfs provisioning operation	immutable embedded image; bounded boot block/batch scratch; synchronous device access	retain-boot	Image is boot source data and scratch is bounded transfer storage; neither is process runtime state.
kernel/platform/rpi5/usb_provision.tkb	usb_provision_block	usb-provision	boot rootfs provisioning operation	immutable embedded image; bounded boot block/batch scratch; synchronous device access	retain-boot	Image is boot source data and scratch is bounded transfer storage; neither is process runtime state.
kernel/platform/rpi5/usb_provision.tkb	usb_provision_batch	usb-provision	boot rootfs provisioning operation	immutable embedded image; bounded boot block/batch scratch; synchronous device access	retain-boot	Image is boot source data and scratch is bounded transfer storage; neither is process runtime state.
kernel/platform/rpi5/usb_xhci.tkb	rp1_usbhost0_base	xhci	one USB host controller and mass-storage transport	boot DTB; fixed DMA authorities; command rings/indices; fail-stop device state	review-device-layout	Separate controller/endpoint/BOT metadata from fixed DMA backing; no buffer relocation by cosmetic grouping.
kernel/platform/rpi5/usb_xhci.tkb	rp1_usbhost0_op	xhci	one USB host controller and mass-storage transport	boot DTB; fixed DMA authorities; command rings/indices; fail-stop device state	review-device-layout	Separate controller/endpoint/BOT metadata from fixed DMA backing; no buffer relocation by cosmetic grouping.
kernel/platform/rpi5/usb_xhci.tkb	rp1_usbhost0_doorbell	xhci	one USB host controller and mass-storage transport	boot DTB; fixed DMA authorities; command rings/indices; fail-stop device state	review-device-layout	Separate controller/endpoint/BOT metadata from fixed DMA backing; no buffer relocation by cosmetic grouping.
kernel/platform/rpi5/usb_xhci.tkb	rp1_usbhost0_portsc3	xhci	one USB host controller and mass-storage transport	boot DTB; fixed DMA authorities; command rings/indices; fail-stop device state	review-device-layout	Separate controller/endpoint/BOT metadata from fixed DMA backing; no buffer relocation by cosmetic grouping.
kernel/platform/rpi5/usb_xhci.tkb	rp1_usbhost0_ir0	xhci	one USB host controller and mass-storage transport	boot DTB; fixed DMA authorities; command rings/indices; fail-stop device state	review-device-layout	Separate controller/endpoint/BOT metadata from fixed DMA backing; no buffer relocation by cosmetic grouping.
kernel/platform/rpi5/usb_xhci.tkb	rp1_usbhost0_dtb_status	xhci	one USB host controller and mass-storage transport	boot DTB; fixed DMA authorities; command rings/indices; fail-stop device state	review-device-layout	Separate controller/endpoint/BOT metadata from fixed DMA backing; no buffer relocation by cosmetic grouping.
kernel/platform/rpi5/usb_xhci.tkb	xhci_dcbaa	xhci	one USB host controller and mass-storage transport	boot DTB; fixed DMA authorities; command rings/indices; fail-stop device state	review-device-layout	Separate controller/endpoint/BOT metadata from fixed DMA backing; no buffer relocation by cosmetic grouping.
kernel/platform/rpi5/usb_xhci.tkb	xhci_scratchpad_array	xhci	one USB host controller and mass-storage transport	boot DTB; fixed DMA authorities; command rings/indices; fail-stop device state	review-device-layout	Separate controller/endpoint/BOT metadata from fixed DMA backing; no buffer relocation by cosmetic grouping.
kernel/platform/rpi5/usb_xhci.tkb	xhci_scratchpad_buf0	xhci	one USB host controller and mass-storage transport	boot DTB; fixed DMA authorities; command rings/indices; fail-stop device state	review-device-layout	Separate controller/endpoint/BOT metadata from fixed DMA backing; no buffer relocation by cosmetic grouping.
kernel/platform/rpi5/usb_xhci.tkb	xhci_scratchpad_buf1	xhci	one USB host controller and mass-storage transport	boot DTB; fixed DMA authorities; command rings/indices; fail-stop device state	review-device-layout	Separate controller/endpoint/BOT metadata from fixed DMA backing; no buffer relocation by cosmetic grouping.
kernel/platform/rpi5/usb_xhci.tkb	xhci_cmd_ring	xhci	one USB host controller and mass-storage transport	boot DTB; fixed DMA authorities; command rings/indices; fail-stop device state	review-device-layout	Separate controller/endpoint/BOT metadata from fixed DMA backing; no buffer relocation by cosmetic grouping.
kernel/platform/rpi5/usb_xhci.tkb	xhci_evt_ring	xhci	one USB host controller and mass-storage transport	boot DTB; fixed DMA authorities; command rings/indices; fail-stop device state	review-device-layout	Separate controller/endpoint/BOT metadata from fixed DMA backing; no buffer relocation by cosmetic grouping.
kernel/platform/rpi5/usb_xhci.tkb	xhci_erst	xhci	one USB host controller and mass-storage transport	boot DTB; fixed DMA authorities; command rings/indices; fail-stop device state	review-device-layout	Separate controller/endpoint/BOT metadata from fixed DMA backing; no buffer relocation by cosmetic grouping.
kernel/platform/rpi5/usb_xhci.tkb	xhci_input_ctx	xhci	one USB host controller and mass-storage transport	boot DTB; fixed DMA authorities; command rings/indices; fail-stop device state	review-device-layout	Separate controller/endpoint/BOT metadata from fixed DMA backing; no buffer relocation by cosmetic grouping.
kernel/platform/rpi5/usb_xhci.tkb	xhci_device_ctx	xhci	one USB host controller and mass-storage transport	boot DTB; fixed DMA authorities; command rings/indices; fail-stop device state	review-device-layout	Separate controller/endpoint/BOT metadata from fixed DMA backing; no buffer relocation by cosmetic grouping.
kernel/platform/rpi5/usb_xhci.tkb	xhci_ep0_ring	xhci	one USB host controller and mass-storage transport	boot DTB; fixed DMA authorities; command rings/indices; fail-stop device state	review-device-layout	Separate controller/endpoint/BOT metadata from fixed DMA backing; no buffer relocation by cosmetic grouping.
kernel/platform/rpi5/usb_xhci.tkb	xhci_bulk_in_ring	xhci	one USB host controller and mass-storage transport	boot DTB; fixed DMA authorities; command rings/indices; fail-stop device state	review-device-layout	Separate controller/endpoint/BOT metadata from fixed DMA backing; no buffer relocation by cosmetic grouping.
kernel/platform/rpi5/usb_xhci.tkb	xhci_bulk_out_ring	xhci	one USB host controller and mass-storage transport	boot DTB; fixed DMA authorities; command rings/indices; fail-stop device state	review-device-layout	Separate controller/endpoint/BOT metadata from fixed DMA backing; no buffer relocation by cosmetic grouping.
kernel/platform/rpi5/usb_xhci.tkb	xhci_control_receive	xhci	one USB host controller and mass-storage transport	boot DTB; fixed DMA authorities; command rings/indices; fail-stop device state	review-device-layout	Separate controller/endpoint/BOT metadata from fixed DMA backing; no buffer relocation by cosmetic grouping.
kernel/platform/rpi5/usb_xhci.tkb	xhci_slot_id	xhci	one USB host controller and mass-storage transport	boot DTB; fixed DMA authorities; command rings/indices; fail-stop device state	review-device-layout	Separate controller/endpoint/BOT metadata from fixed DMA backing; no buffer relocation by cosmetic grouping.
kernel/platform/rpi5/usb_xhci.tkb	xhci_ep0_enq	xhci	one USB host controller and mass-storage transport	boot DTB; fixed DMA authorities; command rings/indices; fail-stop device state	review-device-layout	Separate controller/endpoint/BOT metadata from fixed DMA backing; no buffer relocation by cosmetic grouping.
kernel/platform/rpi5/usb_xhci.tkb	xhci_ep0_cycle	xhci	one USB host controller and mass-storage transport	boot DTB; fixed DMA authorities; command rings/indices; fail-stop device state	review-device-layout	Separate controller/endpoint/BOT metadata from fixed DMA backing; no buffer relocation by cosmetic grouping.
kernel/platform/rpi5/usb_xhci.tkb	xhci_evt_idx	xhci	one USB host controller and mass-storage transport	boot DTB; fixed DMA authorities; command rings/indices; fail-stop device state	review-device-layout	Separate controller/endpoint/BOT metadata from fixed DMA backing; no buffer relocation by cosmetic grouping.
kernel/platform/rpi5/usb_xhci.tkb	xhci_evt_cycle	xhci	one USB host controller and mass-storage transport	boot DTB; fixed DMA authorities; command rings/indices; fail-stop device state	review-device-layout	Separate controller/endpoint/BOT metadata from fixed DMA backing; no buffer relocation by cosmetic grouping.
kernel/platform/rpi5/usb_xhci.tkb	xhci_last_residual	xhci	one USB host controller and mass-storage transport	boot DTB; fixed DMA authorities; command rings/indices; fail-stop device state	review-device-layout	Separate controller/endpoint/BOT metadata from fixed DMA backing; no buffer relocation by cosmetic grouping.
kernel/platform/rpi5/usb_xhci.tkb	xhci_last_evt_dw3	xhci	one USB host controller and mass-storage transport	boot DTB; fixed DMA authorities; command rings/indices; fail-stop device state	review-device-layout	Separate controller/endpoint/BOT metadata from fixed DMA backing; no buffer relocation by cosmetic grouping.
kernel/platform/rpi5/usb_xhci.tkb	xhci_msc_config_value	xhci	one USB host controller and mass-storage transport	boot DTB; fixed DMA authorities; command rings/indices; fail-stop device state	review-device-layout	Separate controller/endpoint/BOT metadata from fixed DMA backing; no buffer relocation by cosmetic grouping.
kernel/platform/rpi5/usb_xhci.tkb	xhci_msc_interface_num	xhci	one USB host controller and mass-storage transport	boot DTB; fixed DMA authorities; command rings/indices; fail-stop device state	review-device-layout	Separate controller/endpoint/BOT metadata from fixed DMA backing; no buffer relocation by cosmetic grouping.
kernel/platform/rpi5/usb_xhci.tkb	xhci_msc_bulk_in_ep	xhci	one USB host controller and mass-storage transport	boot DTB; fixed DMA authorities; command rings/indices; fail-stop device state	review-device-layout	Separate controller/endpoint/BOT metadata from fixed DMA backing; no buffer relocation by cosmetic grouping.
kernel/platform/rpi5/usb_xhci.tkb	xhci_msc_bulk_in_mps	xhci	one USB host controller and mass-storage transport	boot DTB; fixed DMA authorities; command rings/indices; fail-stop device state	review-device-layout	Separate controller/endpoint/BOT metadata from fixed DMA backing; no buffer relocation by cosmetic grouping.
kernel/platform/rpi5/usb_xhci.tkb	xhci_msc_bulk_in_burst	xhci	one USB host controller and mass-storage transport	boot DTB; fixed DMA authorities; command rings/indices; fail-stop device state	review-device-layout	Separate controller/endpoint/BOT metadata from fixed DMA backing; no buffer relocation by cosmetic grouping.
kernel/platform/rpi5/usb_xhci.tkb	xhci_msc_bulk_out_ep	xhci	one USB host controller and mass-storage transport	boot DTB; fixed DMA authorities; command rings/indices; fail-stop device state	review-device-layout	Separate controller/endpoint/BOT metadata from fixed DMA backing; no buffer relocation by cosmetic grouping.
kernel/platform/rpi5/usb_xhci.tkb	xhci_msc_bulk_out_mps	xhci	one USB host controller and mass-storage transport	boot DTB; fixed DMA authorities; command rings/indices; fail-stop device state	review-device-layout	Separate controller/endpoint/BOT metadata from fixed DMA backing; no buffer relocation by cosmetic grouping.
kernel/platform/rpi5/usb_xhci.tkb	xhci_msc_bulk_out_burst	xhci	one USB host controller and mass-storage transport	boot DTB; fixed DMA authorities; command rings/indices; fail-stop device state	review-device-layout	Separate controller/endpoint/BOT metadata from fixed DMA backing; no buffer relocation by cosmetic grouping.
kernel/platform/rpi5/usb_xhci.tkb	xhci_bulk_in_enq	xhci	one USB host controller and mass-storage transport	boot DTB; fixed DMA authorities; command rings/indices; fail-stop device state	review-device-layout	Separate controller/endpoint/BOT metadata from fixed DMA backing; no buffer relocation by cosmetic grouping.
kernel/platform/rpi5/usb_xhci.tkb	xhci_bulk_in_cycle	xhci	one USB host controller and mass-storage transport	boot DTB; fixed DMA authorities; command rings/indices; fail-stop device state	review-device-layout	Separate controller/endpoint/BOT metadata from fixed DMA backing; no buffer relocation by cosmetic grouping.
kernel/platform/rpi5/usb_xhci.tkb	xhci_bulk_in_dci	xhci	one USB host controller and mass-storage transport	boot DTB; fixed DMA authorities; command rings/indices; fail-stop device state	review-device-layout	Separate controller/endpoint/BOT metadata from fixed DMA backing; no buffer relocation by cosmetic grouping.
kernel/platform/rpi5/usb_xhci.tkb	xhci_bulk_out_enq	xhci	one USB host controller and mass-storage transport	boot DTB; fixed DMA authorities; command rings/indices; fail-stop device state	review-device-layout	Separate controller/endpoint/BOT metadata from fixed DMA backing; no buffer relocation by cosmetic grouping.
kernel/platform/rpi5/usb_xhci.tkb	xhci_bulk_out_cycle	xhci	one USB host controller and mass-storage transport	boot DTB; fixed DMA authorities; command rings/indices; fail-stop device state	review-device-layout	Separate controller/endpoint/BOT metadata from fixed DMA backing; no buffer relocation by cosmetic grouping.
kernel/platform/rpi5/usb_xhci.tkb	xhci_bulk_out_dci	xhci	one USB host controller and mass-storage transport	boot DTB; fixed DMA authorities; command rings/indices; fail-stop device state	review-device-layout	Separate controller/endpoint/BOT metadata from fixed DMA backing; no buffer relocation by cosmetic grouping.
kernel/platform/rpi5/usb_xhci.tkb	xhci_cmd_enq	xhci	one USB host controller and mass-storage transport	boot DTB; fixed DMA authorities; command rings/indices; fail-stop device state	review-device-layout	Separate controller/endpoint/BOT metadata from fixed DMA backing; no buffer relocation by cosmetic grouping.
kernel/platform/rpi5/usb_xhci.tkb	xhci_cmd_cycle	xhci	one USB host controller and mass-storage transport	boot DTB; fixed DMA authorities; command rings/indices; fail-stop device state	review-device-layout	Separate controller/endpoint/BOT metadata from fixed DMA backing; no buffer relocation by cosmetic grouping.
kernel/platform/rpi5/usb_xhci.tkb	msc_cbw_buf	xhci	one USB host controller and mass-storage transport	boot DTB; fixed DMA authorities; command rings/indices; fail-stop device state	review-device-layout	Separate controller/endpoint/BOT metadata from fixed DMA backing; no buffer relocation by cosmetic grouping.
kernel/platform/rpi5/usb_xhci.tkb	msc_csw_receive	xhci	one USB host controller and mass-storage transport	boot DTB; fixed DMA authorities; command rings/indices; fail-stop device state	review-device-layout	Separate controller/endpoint/BOT metadata from fixed DMA backing; no buffer relocation by cosmetic grouping.
kernel/platform/rpi5/usb_xhci.tkb	msc_bounce_buf	xhci	one USB host controller and mass-storage transport	boot DTB; fixed DMA authorities; command rings/indices; fail-stop device state	review-device-layout	Separate controller/endpoint/BOT metadata from fixed DMA backing; no buffer relocation by cosmetic grouping.
kernel/platform/rpi5/usb_xhci.tkb	msc_data_receive	xhci	one USB host controller and mass-storage transport	boot DTB; fixed DMA authorities; command rings/indices; fail-stop device state	review-device-layout	Separate controller/endpoint/BOT metadata from fixed DMA backing; no buffer relocation by cosmetic grouping.
kernel/platform/rpi5/usb_xhci.tkb	msc_tag	xhci	one USB host controller and mass-storage transport	boot DTB; fixed DMA authorities; command rings/indices; fail-stop device state	review-device-layout	Separate controller/endpoint/BOT metadata from fixed DMA backing; no buffer relocation by cosmetic grouping.
kernel/platform/rpi5/usb_xhci.tkb	msc_write10_command_count	xhci	one USB host controller and mass-storage transport	boot DTB; fixed DMA authorities; command rings/indices; fail-stop device state	review-device-layout	Separate controller/endpoint/BOT metadata from fixed DMA backing; no buffer relocation by cosmetic grouping.
kernel/platform/rpi5/usb_xhci.tkb	xhci_ready	xhci	one USB host controller and mass-storage transport	boot DTB; fixed DMA authorities; command rings/indices; fail-stop device state	review-device-layout	Separate controller/endpoint/BOT metadata from fixed DMA backing; no buffer relocation by cosmetic grouping.
kernel/platform/rpi5/usb_xhci.tkb	xhci_controller_unusable	xhci	one USB host controller and mass-storage transport	boot DTB; fixed DMA authorities; command rings/indices; fail-stop device state	review-device-layout	Separate controller/endpoint/BOT metadata from fixed DMA backing; no buffer relocation by cosmetic grouping.
kernel/platform/rpi5/usb_xhci.tkb	xhci_init_description	xhci	one USB host controller and mass-storage transport	boot DTB; fixed DMA authorities; command rings/indices; fail-stop device state	review-device-layout	Separate controller/endpoint/BOT metadata from fixed DMA backing; no buffer relocation by cosmetic grouping.
kernel/platform/rpi5/usb_xhci.tkb	xhci_init_attempted	xhci	one USB host controller and mass-storage transport	boot DTB; fixed DMA authorities; command rings/indices; fail-stop device state	review-device-layout	Separate controller/endpoint/BOT metadata from fixed DMA backing; no buffer relocation by cosmetic grouping.
kernel/printk/console_lock.tkb	console_tx_lock	console	one physical output queue admission	IRQ-masking indexed mutex guard; measurement protected by same guard	retain-owner	Keep singleton output lock and measurement scope; no locks taken by emergency reporters.
kernel/printk/console_lock.tkb	console_measure	console	one physical output queue admission	IRQ-masking indexed mutex guard; measurement protected by same guard	retain-owner	Keep singleton output lock and measurement scope; no locks taken by emergency reporters.
kernel/printk/console_lock.tkb	console_measure_enabled	console	one physical output queue admission	IRQ-masking indexed mutex guard; measurement protected by same guard	retain-owner	Keep singleton output lock and measurement scope; no locks taken by emergency reporters.
kernel/printk/log.tkb	kernel_log_text	log	retained log, per-CPU peer mailboxes and terminal TX	atomic ring publication; peer/core0 split; console guard for tagged TX; emergency bypass	candidate-diagnostics	Separate retained log, peer mailboxes and terminal TX contexts; do not combine their publication/exclusion.
kernel/printk/log.tkb	kernel_log_ticks	log	retained log, per-CPU peer mailboxes and terminal TX	atomic ring publication; peer/core0 split; console guard for tagged TX; emergency bypass	candidate-diagnostics	Separate retained log, peer mailboxes and terminal TX contexts; do not combine their publication/exclusion.
kernel/printk/log.tkb	kernel_log_lengths	log	retained log, per-CPU peer mailboxes and terminal TX	atomic ring publication; peer/core0 split; console guard for tagged TX; emergency bypass	candidate-diagnostics	Separate retained log, peer mailboxes and terminal TX contexts; do not combine their publication/exclusion.
kernel/printk/log.tkb	kernel_log_stamps	log	retained log, per-CPU peer mailboxes and terminal TX	atomic ring publication; peer/core0 split; console guard for tagged TX; emergency bypass	candidate-diagnostics	Separate retained log, peer mailboxes and terminal TX contexts; do not combine their publication/exclusion.
kernel/printk/log.tkb	kernel_log_started	log	retained log, per-CPU peer mailboxes and terminal TX	atomic ring publication; peer/core0 split; console guard for tagged TX; emergency bypass	candidate-diagnostics	Separate retained log, peer mailboxes and terminal TX contexts; do not combine their publication/exclusion.
kernel/printk/log.tkb	kernel_log_cpu	log	retained log, per-CPU peer mailboxes and terminal TX	atomic ring publication; peer/core0 split; console guard for tagged TX; emergency bypass	candidate-diagnostics	Separate retained log, peer mailboxes and terminal TX contexts; do not combine their publication/exclusion.
kernel/printk/log.tkb	kernel_log_deferred_cpu	log	retained log, per-CPU peer mailboxes and terminal TX	atomic ring publication; peer/core0 split; console guard for tagged TX; emergency bypass	candidate-diagnostics	Separate retained log, peer mailboxes and terminal TX contexts; do not combine their publication/exclusion.
kernel/printk/log.tkb	kernel_log_deferred_tick	log	retained log, per-CPU peer mailboxes and terminal TX	atomic ring publication; peer/core0 split; console guard for tagged TX; emergency bypass	candidate-diagnostics	Separate retained log, peer mailboxes and terminal TX contexts; do not combine their publication/exclusion.
kernel/printk/log.tkb	kernel_log_deferred	log	retained log, per-CPU peer mailboxes and terminal TX	atomic ring publication; peer/core0 split; console guard for tagged TX; emergency bypass	candidate-diagnostics	Separate retained log, peer mailboxes and terminal TX contexts; do not combine their publication/exclusion.
kernel/printk/log.tkb	kernel_log_oldest	log	retained log, per-CPU peer mailboxes and terminal TX	atomic ring publication; peer/core0 split; console guard for tagged TX; emergency bypass	candidate-diagnostics	Separate retained log, peer mailboxes and terminal TX contexts; do not combine their publication/exclusion.
kernel/printk/log.tkb	kernel_log_count	log	retained log, per-CPU peer mailboxes and terminal TX	atomic ring publication; peer/core0 split; console guard for tagged TX; emergency bypass	candidate-diagnostics	Separate retained log, peer mailboxes and terminal TX contexts; do not combine their publication/exclusion.
kernel/printk/log.tkb	kernel_log_overwritten	log	retained log, per-CPU peer mailboxes and terminal TX	atomic ring publication; peer/core0 split; console guard for tagged TX; emergency bypass	candidate-diagnostics	Separate retained log, peer mailboxes and terminal TX contexts; do not combine their publication/exclusion.
kernel/printk/log.tkb	kernel_log_capture_enabled	log	retained log, per-CPU peer mailboxes and terminal TX	atomic ring publication; peer/core0 split; console guard for tagged TX; emergency bypass	candidate-diagnostics	Separate retained log, peer mailboxes and terminal TX contexts; do not combine their publication/exclusion.
kernel/printk/log.tkb	kernel_log_active	log	retained log, per-CPU peer mailboxes and terminal TX	atomic ring publication; peer/core0 split; console guard for tagged TX; emergency bypass	candidate-diagnostics	Separate retained log, peer mailboxes and terminal TX contexts; do not combine their publication/exclusion.
kernel/printk/log.tkb	kernel_log_active_slot	log	retained log, per-CPU peer mailboxes and terminal TX	atomic ring publication; peer/core0 split; console guard for tagged TX; emergency bypass	candidate-diagnostics	Separate retained log, peer mailboxes and terminal TX contexts; do not combine their publication/exclusion.
kernel/printk/log.tkb	kernel_log_boot_tick	log	retained log, per-CPU peer mailboxes and terminal TX	atomic ring publication; peer/core0 split; console guard for tagged TX; emergency bypass	candidate-diagnostics	Separate retained log, peer mailboxes and terminal TX contexts; do not combine their publication/exclusion.
kernel/printk/log.tkb	kernel_log_frequency	log	retained log, per-CPU peer mailboxes and terminal TX	atomic ring publication; peer/core0 split; console guard for tagged TX; emergency bypass	candidate-diagnostics	Separate retained log, peer mailboxes and terminal TX contexts; do not combine their publication/exclusion.
kernel/printk/log.tkb	kernel_log_snapshots	log	retained log, per-CPU peer mailboxes and terminal TX	atomic ring publication; peer/core0 split; console guard for tagged TX; emergency bypass	candidate-diagnostics	Separate retained log, peer mailboxes and terminal TX contexts; do not combine their publication/exclusion.
kernel/printk/log.tkb	kernel_log_core_state	log	retained log, per-CPU peer mailboxes and terminal TX	atomic ring publication; peer/core0 split; console guard for tagged TX; emergency bypass	candidate-diagnostics	Separate retained log, peer mailboxes and terminal TX contexts; do not combine their publication/exclusion.
kernel/printk/log.tkb	kernel_log_peer_published	log	retained log, per-CPU peer mailboxes and terminal TX	atomic ring publication; peer/core0 split; console guard for tagged TX; emergency bypass	candidate-diagnostics	Separate retained log, peer mailboxes and terminal TX contexts; do not combine their publication/exclusion.
kernel/printk/log.tkb	kernel_log_peer_latest	log	retained log, per-CPU peer mailboxes and terminal TX	atomic ring publication; peer/core0 split; console guard for tagged TX; emergency bypass	candidate-diagnostics	Separate retained log, peer mailboxes and terminal TX contexts; do not combine their publication/exclusion.
kernel/printk/log.tkb	kernel_log_peer_lengths	log	retained log, per-CPU peer mailboxes and terminal TX	atomic ring publication; peer/core0 split; console guard for tagged TX; emergency bypass	candidate-diagnostics	Separate retained log, peer mailboxes and terminal TX contexts; do not combine their publication/exclusion.
kernel/printk/log.tkb	kernel_log_peer_truncated	log	retained log, per-CPU peer mailboxes and terminal TX	atomic ring publication; peer/core0 split; console guard for tagged TX; emergency bypass	candidate-diagnostics	Separate retained log, peer mailboxes and terminal TX contexts; do not combine their publication/exclusion.
kernel/printk/log.tkb	kernel_log_peer_ticks	log	retained log, per-CPU peer mailboxes and terminal TX	atomic ring publication; peer/core0 split; console guard for tagged TX; emergency bypass	candidate-diagnostics	Separate retained log, peer mailboxes and terminal TX contexts; do not combine their publication/exclusion.
kernel/printk/log.tkb	kernel_log_peer_text	log	retained log, per-CPU peer mailboxes and terminal TX	atomic ring publication; peer/core0 split; console guard for tagged TX; emergency bypass	candidate-diagnostics	Separate retained log, peer mailboxes and terminal TX contexts; do not combine their publication/exclusion.
kernel/printk/log.tkb	kernel_log_peer_consumed	log	retained log, per-CPU peer mailboxes and terminal TX	atomic ring publication; peer/core0 split; console guard for tagged TX; emergency bypass	candidate-diagnostics	Separate retained log, peer mailboxes and terminal TX contexts; do not combine their publication/exclusion.
kernel/printk/log.tkb	kernel_log_tx_spin_ticks	log	retained log, per-CPU peer mailboxes and terminal TX	atomic ring publication; peer/core0 split; console guard for tagged TX; emergency bypass	candidate-diagnostics	Separate retained log, peer mailboxes and terminal TX contexts; do not combine their publication/exclusion.
kernel/printk/log.tkb	kernel_log_tx_bytes	log	retained log, per-CPU peer mailboxes and terminal TX	atomic ring publication; peer/core0 split; console guard for tagged TX; emergency bypass	candidate-diagnostics	Separate retained log, peer mailboxes and terminal TX contexts; do not combine their publication/exclusion.
kernel/printk/log.tkb	kernel_log_tx_spun	log	retained log, per-CPU peer mailboxes and terminal TX	atomic ring publication; peer/core0 split; console guard for tagged TX; emergency bypass	candidate-diagnostics	Separate retained log, peer mailboxes and terminal TX contexts; do not combine their publication/exclusion.
kernel/printk/log.tkb	kernel_log_tx_queue	log	retained log, per-CPU peer mailboxes and terminal TX	atomic ring publication; peer/core0 split; console guard for tagged TX; emergency bypass	candidate-diagnostics	Separate retained log, peer mailboxes and terminal TX contexts; do not combine their publication/exclusion.
kernel/printk/log.tkb	kernel_log_tx_terminal	log	retained log, per-CPU peer mailboxes and terminal TX	atomic ring publication; peer/core0 split; console guard for tagged TX; emergency bypass	candidate-diagnostics	Separate retained log, peer mailboxes and terminal TX contexts; do not combine their publication/exclusion.
kernel/printk/log.tkb	kernel_log_terminal_column	log	retained log, per-CPU peer mailboxes and terminal TX	atomic ring publication; peer/core0 split; console guard for tagged TX; emergency bypass	candidate-diagnostics	Separate retained log, peer mailboxes and terminal TX contexts; do not combine their publication/exclusion.
kernel/printk/log.tkb	kernel_log_tx_head	log	retained log, per-CPU peer mailboxes and terminal TX	atomic ring publication; peer/core0 split; console guard for tagged TX; emergency bypass	candidate-diagnostics	Separate retained log, peer mailboxes and terminal TX contexts; do not combine their publication/exclusion.
kernel/printk/log.tkb	kernel_log_tx_tail	log	retained log, per-CPU peer mailboxes and terminal TX	atomic ring publication; peer/core0 split; console guard for tagged TX; emergency bypass	candidate-diagnostics	Separate retained log, peer mailboxes and terminal TX contexts; do not combine their publication/exclusion.
kernel/printk/log.tkb	kernel_log_tx_count	log	retained log, per-CPU peer mailboxes and terminal TX	atomic ring publication; peer/core0 split; console guard for tagged TX; emergency bypass	candidate-diagnostics	Separate retained log, peer mailboxes and terminal TX contexts; do not combine their publication/exclusion.
kernel/printk/log.tkb	kernel_log_wire_last	log	retained log, per-CPU peer mailboxes and terminal TX	atomic ring publication; peer/core0 split; console guard for tagged TX; emergency bypass	candidate-diagnostics	Separate retained log, peer mailboxes and terminal TX contexts; do not combine their publication/exclusion.
kernel/printk/log.tkb	kernel_log_wire_break_due	log	retained log, per-CPU peer mailboxes and terminal TX	atomic ring publication; peer/core0 split; console guard for tagged TX; emergency bypass	candidate-diagnostics	Separate retained log, peer mailboxes and terminal TX contexts; do not combine their publication/exclusion.
kernel/printk/log.tkb	kernel_log_tx_live	log	retained log, per-CPU peer mailboxes and terminal TX	atomic ring publication; peer/core0 split; console guard for tagged TX; emergency bypass	candidate-diagnostics	Separate retained log, peer mailboxes and terminal TX contexts; do not combine their publication/exclusion.
kernel/printk/log.tkb	kernel_log_terminal_input_stopped	log	retained log, per-CPU peer mailboxes and terminal TX	atomic ring publication; peer/core0 split; console guard for tagged TX; emergency bypass	candidate-diagnostics	Separate retained log, peer mailboxes and terminal TX contexts; do not combine their publication/exclusion.
kernel/printk/log.tkb	uart_user_write_waits	log	retained log, per-CPU peer mailboxes and terminal TX	atomic ring publication; peer/core0 split; console guard for tagged TX; emergency bypass	candidate-diagnostics	Separate retained log, peer mailboxes and terminal TX contexts; do not combine their publication/exclusion.
kernel/printk/log.tkb	uart_user_write_sleeps	log	retained log, per-CPU peer mailboxes and terminal TX	atomic ring publication; peer/core0 split; console guard for tagged TX; emergency bypass	candidate-diagnostics	Separate retained log, peer mailboxes and terminal TX contexts; do not combine their publication/exclusion.
kernel/printk/log.tkb	kernel_log_peer_drained	log	retained log, per-CPU peer mailboxes and terminal TX	atomic ring publication; peer/core0 split; console guard for tagged TX; emergency bypass	candidate-diagnostics	Separate retained log, peer mailboxes and terminal TX contexts; do not combine their publication/exclusion.
kernel/printk/log.tkb	kernel_log_peer_late	log	retained log, per-CPU peer mailboxes and terminal TX	atomic ring publication; peer/core0 split; console guard for tagged TX; emergency bypass	candidate-diagnostics	Separate retained log, peer mailboxes and terminal TX contexts; do not combine their publication/exclusion.
kernel/printk/log.tkb	kernel_log_peer_worst_ticks	log	retained log, per-CPU peer mailboxes and terminal TX	atomic ring publication; peer/core0 split; console guard for tagged TX; emergency bypass	candidate-diagnostics	Separate retained log, peer mailboxes and terminal TX contexts; do not combine their publication/exclusion.
kernel/printk/log.tkb	kernel_log_peer_worst_cpu	log	retained log, per-CPU peer mailboxes and terminal TX	atomic ring publication; peer/core0 split; console guard for tagged TX; emergency bypass	candidate-diagnostics	Separate retained log, peer mailboxes and terminal TX contexts; do not combine their publication/exclusion.
kernel/printk/log.tkb	kernel_log_peer_worst_length	log	retained log, per-CPU peer mailboxes and terminal TX	atomic ring publication; peer/core0 split; console guard for tagged TX; emergency bypass	candidate-diagnostics	Separate retained log, peer mailboxes and terminal TX contexts; do not combine their publication/exclusion.
kernel/printk/log.tkb	kernel_log_peer_worst_first	log	retained log, per-CPU peer mailboxes and terminal TX	atomic ring publication; peer/core0 split; console guard for tagged TX; emergency bypass	candidate-diagnostics	Separate retained log, peer mailboxes and terminal TX contexts; do not combine their publication/exclusion.
kernel/printk/log.tkb	kernel_log_peer_probe_emitted	log	retained log, per-CPU peer mailboxes and terminal TX	atomic ring publication; peer/core0 split; console guard for tagged TX; emergency bypass	candidate-diagnostics	Separate retained log, peer mailboxes and terminal TX contexts; do not combine their publication/exclusion.
kernel/printk/log.tkb	kernel_log_peer_console_probe_sent	log	retained log, per-CPU peer mailboxes and terminal TX	atomic ring publication; peer/core0 split; console guard for tagged TX; emergency bypass	candidate-diagnostics	Separate retained log, peer mailboxes and terminal TX contexts; do not combine their publication/exclusion.
kernel/printk/log.tkb	kernel_log_peer_console_probe_armed	log	retained log, per-CPU peer mailboxes and terminal TX	atomic ring publication; peer/core0 split; console guard for tagged TX; emergency bypass	candidate-diagnostics	Separate retained log, peer mailboxes and terminal TX contexts; do not combine their publication/exclusion.
kernel/printk/log.tkb	kernel_log_peer_console_probe_done	log	retained log, per-CPU peer mailboxes and terminal TX	atomic ring publication; peer/core0 split; console guard for tagged TX; emergency bypass	candidate-diagnostics	Separate retained log, peer mailboxes and terminal TX contexts; do not combine their publication/exclusion.
kernel/printk/number.tkb	kernel_decimal_places	immutable	immutable protocol/layout/configuration binding	no mutable binding; no write-once inference needed	retain-immutable	A top-level name is not mutable global state; preserve protocol/configuration constants.
