file	source_sha256	line	name	binding	visibility	type	initializer	main_targets	access_sites	direct_store_sites	address_sites	external_sites
kernel/arch/arm64/kernel/exception_evidence.tkb	12911efa7585c9f7685cac72220efa3443308d2276c9848b73d43341dcc48ae1	95	crash_snapshot	mutable	public	CrashSnapshot	-	qemu,rpi5	kernel/arch/arm64/kernel/exception_evidence.tkb:103@crash_snapshot_here;kernel/arch/arm64/kernel/exception_evidence.tkb:129@crash_snapshot_valid_address;kernel/arch/arm64/kernel/exception_evidence.tkb:131@crash_snapshot_valid_address;kernel/arch/arm64/kernel/exception_evidence.tkb:136@crash_snapshot_of;kernel/arch/arm64/kernel/exception_evidence.tkb:138@crash_snapshot_of	-	kernel/arch/arm64/kernel/exception_evidence.tkb:103@crash_snapshot_here;kernel/arch/arm64/kernel/exception_evidence.tkb:129@crash_snapshot_valid_address;kernel/arch/arm64/kernel/exception_evidence.tkb:131@crash_snapshot_valid_address;kernel/arch/arm64/kernel/exception_evidence.tkb:136@crash_snapshot_of;kernel/arch/arm64/kernel/exception_evidence.tkb:138@crash_snapshot_of	-
kernel/arch/arm64/kernel/exception_evidence.tkb	12911efa7585c9f7685cac72220efa3443308d2276c9848b73d43341dcc48ae1	96	crash_snapshot_capturing	mutable	public	bool	-	qemu,rpi5	kernel/arch/arm64/kernel/exception_evidence.tkb:143@crash_snapshot_capturing_here	-	kernel/arch/arm64/kernel/exception_evidence.tkb:143@crash_snapshot_capturing_here	-
kernel/arch/arm64/kernel/exception_evidence.tkb	12911efa7585c9f7685cac72220efa3443308d2276c9848b73d43341dcc48ae1	97	crash_snapshot_per_core	mutable	private	[CrashSnapshot; KERNEL_MAX_CORES]	-	qemu,rpi5	kernel/arch/arm64/kernel/exception_evidence.tkb:104@crash_snapshot_here;kernel/arch/arm64/kernel/exception_evidence.tkb:130@crash_snapshot_valid_address;kernel/arch/arm64/kernel/exception_evidence.tkb:137@crash_snapshot_of	-	-	-
kernel/arch/arm64/kernel/exception_evidence.tkb	12911efa7585c9f7685cac72220efa3443308d2276c9848b73d43341dcc48ae1	98	crash_snapshot_capturing_per_core	mutable	private	[bool; KERNEL_MAX_CORES]	-	qemu,rpi5	kernel/arch/arm64/kernel/exception_evidence.tkb:144@crash_snapshot_capturing_here	-	-	-
kernel/arch/arm64/kernel/exception_evidence.tkb	12911efa7585c9f7685cac72220efa3443308d2276c9848b73d43341dcc48ae1	117	crash_fault_order	mutable	private	usize	-	qemu,rpi5	kernel/arch/arm64/kernel/exception_evidence.tkb:120@crash_fault_order_address	-	kernel/arch/arm64/kernel/exception_evidence.tkb:120@crash_fault_order_address	-
kernel/arch/arm64/kernel/exception_evidence.tkb	12911efa7585c9f7685cac72220efa3443308d2276c9848b73d43341dcc48ae1	161	crash_console_owner	mutable	private	usize	-	qemu,rpi5	kernel/arch/arm64/kernel/exception_evidence.tkb:164@crash_console_owner_address	-	kernel/arch/arm64/kernel/exception_evidence.tkb:164@crash_console_owner_address	-
kernel/arch/arm64/kernel/exception_evidence.tkb	12911efa7585c9f7685cac72220efa3443308d2276c9848b73d43341dcc48ae1	190	crash_report_owner	mutable	private	usize	-	qemu,rpi5	kernel/arch/arm64/kernel/exception_evidence.tkb:193@crash_report_owner_address	-	kernel/arch/arm64/kernel/exception_evidence.tkb:193@crash_report_owner_address	-
kernel/arch/arm64/kernel/exception_evidence.tkb	12911efa7585c9f7685cac72220efa3443308d2276c9848b73d43341dcc48ae1	204	crash_report_contended	mutable	private	usize	-	qemu,rpi5	kernel/arch/arm64/kernel/exception_evidence.tkb:208@crash_report_contended_address;kernel/arch/arm64/kernel/exception_evidence.tkb:2642@crash_snapshot_render_every_core	-	kernel/arch/arm64/kernel/exception_evidence.tkb:208@crash_report_contended_address	-
kernel/arch/arm64/kernel/exception_evidence.tkb	12911efa7585c9f7685cac72220efa3443308d2276c9848b73d43341dcc48ae1	205	crash_report_abandoned	mutable	private	usize	-	qemu,rpi5	kernel/arch/arm64/kernel/exception_evidence.tkb:212@crash_report_abandoned_address;kernel/arch/arm64/kernel/exception_evidence.tkb:2644@crash_snapshot_render_every_core	-	kernel/arch/arm64/kernel/exception_evidence.tkb:212@crash_report_abandoned_address	-
kernel/arch/arm64/kernel/exception_evidence.tkb	12911efa7585c9f7685cac72220efa3443308d2276c9848b73d43341dcc48ae1	289	ddb_snapshot	mutable	private	DdbSnapshot	-	qemu,rpi5	kernel/arch/arm64/kernel/exception_evidence.tkb:787@ddb_render_user_memory;kernel/arch/arm64/kernel/exception_evidence.tkb:788@ddb_render_user_memory;kernel/arch/arm64/kernel/exception_evidence.tkb:789@ddb_render_user_memory;kernel/arch/arm64/kernel/exception_evidence.tkb:790@ddb_render_user_memory;kernel/arch/arm64/kernel/exception_evidence.tkb:796@ddb_render_user_memory;kernel/arch/arm64/kernel/exception_evidence.tkb:850@ddb_render_regs;kernel/arch/arm64/kernel/exception_evidence.tkb:1185@ddb_current_unwind_root;kernel/arch/arm64/kernel/exception_evidence.tkb:1188@ddb_current_unwind_root;kernel/arch/arm64/kernel/exception_evidence.tkb:1192@ddb_current_unwind_root;kernel/arch/arm64/kernel/exception_evidence.tkb:1194@ddb_current_unwind_root;kernel/arch/arm64/kernel/exception_evidence.tkb:1198@ddb_current_unwind_root;kernel/arch/arm64/kernel/exception_evidence.tkb:1207@ddb_render_backtrace_current;kernel/arch/arm64/kernel/exception_evidence.tkb:1212@ddb_render_backtrace_current;kernel/arch/arm64/kernel/exception_evidence.tkb:1213@ddb_render_backtrace_current;kernel/arch/arm64/kernel/exception_evidence.tkb:1232@ddb_render_backtrace_cpu;kernel/arch/arm64/kernel/exception_evidence.tkb:1273@ddb_render_backtrace_process;kernel/arch/arm64/kernel/exception_evidence.tkb:1278@ddb_render_backtrace_process;kernel/arch/arm64/kernel/exception_evidence.tkb:1279@ddb_render_backtrace_process;kernel/arch/arm64/kernel/exception_evidence.tkb:1280@ddb_render_backtrace_process;kernel/arch/arm64/kernel/exception_evidence.tkb:1299@ddb_render_backtrace_process;kernel/arch/arm64/kernel/exception_evidence.tkb:1327@ddb_render_backtrace_process;kernel/arch/arm64/kernel/exception_evidence.tkb:1340@ddb_render_backtrace_process;kernel/arch/arm64/kernel/exception_evidence.tkb:1423@ddb_render_trace;kernel/arch/arm64/kernel/exception_evidence.tkb:1426@ddb_render_trace;kernel/arch/arm64/kernel/exception_evidence.tkb:1428@ddb_render_trace;kernel/arch/arm64/kernel/exception_evidence.tkb:1430@ddb_render_trace;kernel/arch/arm64/kernel/exception_evidence.tkb:1432@ddb_render_trace;kernel/arch/arm64/kernel/exception_evidence.tkb:1434@ddb_render_trace;kernel/arch/arm64/kernel/exception_evidence.tkb:1436@ddb_render_trace;kernel/arch/arm64/kernel/exception_evidence.tkb:1438@ddb_render_trace;kernel/arch/arm64/kernel/exception_evidence.tkb:1440@ddb_render_trace;kernel/arch/arm64/kernel/exception_evidence.tkb:1442@ddb_render_trace;kernel/arch/arm64/kernel/exception_evidence.tkb:1444@ddb_render_trace;kernel/arch/arm64/kernel/exception_evidence.tkb:1446@ddb_render_trace;kernel/arch/arm64/kernel/exception_evidence.tkb:1448@ddb_render_trace;kernel/arch/arm64/kernel/exception_evidence.tkb:1508@ddb_render_oops;kernel/arch/arm64/kernel/exception_evidence.tkb:1510@ddb_render_oops;kernel/arch/arm64/kernel/exception_evidence.tkb:1511@ddb_render_oops;kernel/arch/arm64/kernel/exception_evidence.tkb:1518@ddb_render_current;kernel/arch/arm64/kernel/exception_evidence.tkb:1519@ddb_render_current;kernel/arch/arm64/kernel/exception_evidence.tkb:1520@ddb_render_current;kernel/arch/arm64/kernel/exception_evidence.tkb:1521@ddb_render_current;kernel/arch/arm64/kernel/exception_evidence.tkb:1541@ddb_render_intr;kernel/arch/arm64/kernel/exception_evidence.tkb:1543@ddb_render_intr;kernel/arch/arm64/kernel/exception_evidence.tkb:1544@ddb_render_intr;kernel/arch/arm64/kernel/exception_evidence.tkb:1546@ddb_render_intr;kernel/arch/arm64/kernel/exception_evidence.tkb:1547@ddb_render_intr;kernel/arch/arm64/kernel/exception_evidence.tkb:1548@ddb_render_intr;kernel/arch/arm64/kernel/exception_evidence.tkb:1550@ddb_render_intr;kernel/arch/arm64/kernel/exception_evidence.tkb:1551@ddb_render_intr;kernel/arch/arm64/kernel/exception_evidence.tkb:1552@ddb_render_intr;kernel/arch/arm64/kernel/exception_evidence.tkb:1577@ddb_render_sched;kernel/arch/arm64/kernel/exception_evidence.tkb:1578@ddb_render_sched;kernel/arch/arm64/kernel/exception_evidence.tkb:1587@ddb_render_sched;kernel/arch/arm64/kernel/exception_evidence.tkb:1588@ddb_render_sched;kernel/arch/arm64/kernel/exception_evidence.tkb:1589@ddb_render_sched;kernel/arch/arm64/kernel/exception_evidence.tkb:1597@ddb_render_sched;kernel/arch/arm64/kernel/exception_evidence.tkb:1632@ddb_render_vm;kernel/arch/arm64/kernel/exception_evidence.tkb:1633@ddb_render_vm;kernel/arch/arm64/kernel/exception_evidence.tkb:1634@ddb_render_vm;kernel/arch/arm64/kernel/exception_evidence.tkb:1635@ddb_render_vm;kernel/arch/arm64/kernel/exception_evidence.tkb:1636@ddb_render_vm;kernel/arch/arm64/kernel/exception_evidence.tkb:1652@ddb_render_fds;kernel/arch/arm64/kernel/exception_evidence.tkb:1656@ddb_render_fds;kernel/arch/arm64/kernel/exception_evidence.tkb:1658@ddb_render_fds;kernel/arch/arm64/kernel/exception_evidence.tkb:1659@ddb_render_fds;kernel/arch/arm64/kernel/exception_evidence.tkb:1784@ddb_render_ps;kernel/arch/arm64/kernel/exception_evidence.tkb:1785@ddb_render_ps;kernel/arch/arm64/kernel/exception_evidence.tkb:1788@ddb_render_ps;kernel/arch/arm64/kernel/exception_evidence.tkb:1790@ddb_render_ps;kernel/arch/arm64/kernel/exception_evidence.tkb:1791@ddb_render_ps;kernel/arch/arm64/kernel/exception_evidence.tkb:1792@ddb_render_ps;kernel/arch/arm64/kernel/exception_evidence.tkb:1793@ddb_render_ps;kernel/arch/arm64/kernel/exception_evidence.tkb:1834@ddb_stack_process;kernel/arch/arm64/kernel/exception_evidence.tkb:1835@ddb_stack_process;kernel/arch/arm64/kernel/exception_evidence.tkb:1837@ddb_stack_process;kernel/arch/arm64/kernel/exception_evidence.tkb:1838@ddb_stack_process;kernel/arch/arm64/kernel/exception_evidence.tkb:1843@ddb_stack_process;kernel/arch/arm64/kernel/exception_evidence.tkb:1850@ddb_stack_root;kernel/arch/arm64/kernel/exception_evidence.tkb:1952@ddb_render_stacks;kernel/arch/arm64/kernel/exception_evidence.tkb:1953@ddb_render_stacks;kernel/arch/arm64/kernel/exception_evidence.tkb:2152@ddb_render_wait;kernel/arch/arm64/kernel/exception_evidence.tkb:2153@ddb_render_wait;kernel/arch/arm64/kernel/exception_evidence.tkb:2154@ddb_render_wait;kernel/arch/arm64/kernel/exception_evidence.tkb:2155@ddb_render_wait;kernel/arch/arm64/kernel/exception_evidence.tkb:2156@ddb_render_wait;kernel/arch/arm64/kernel/exception_evidence.tkb:2157@ddb_render_wait;kernel/arch/arm64/kernel/exception_evidence.tkb:2158@ddb_render_wait;kernel/arch/arm64/kernel/exception_evidence.tkb:2159@ddb_render_wait;kernel/arch/arm64/kernel/exception_evidence.tkb:2160@ddb_render_wait;kernel/arch/arm64/kernel/exception_evidence.tkb:2161@ddb_render_wait;kernel/arch/arm64/kernel/exception_evidence.tkb:2162@ddb_render_wait;kernel/arch/arm64/kernel/exception_evidence.tkb:2223@ddb_render_proc;kernel/arch/arm64/kernel/exception_evidence.tkb:2224@ddb_render_proc;kernel/arch/arm64/kernel/exception_evidence.tkb:2226@ddb_render_proc;kernel/arch/arm64/kernel/exception_evidence.tkb:2227@ddb_render_proc;kernel/arch/arm64/kernel/exception_evidence.tkb:2228@ddb_render_proc;kernel/arch/arm64/kernel/exception_evidence.tkb:2229@ddb_render_proc;kernel/arch/arm64/kernel/exception_evidence.tkb:2234@ddb_render_proc;kernel/arch/arm64/kernel/exception_evidence.tkb:2248@kernel_ddb_enter_stopped;kernel/arch/arm64/kernel/exception_evidence.tkb:2249@kernel_ddb_enter_stopped;kernel/arch/arm64/kernel/exception_evidence.tkb:2250@kernel_ddb_enter_stopped;kernel/arch/arm64/kernel/exception_evidence.tkb:2251@kernel_ddb_enter_stopped;kernel/arch/arm64/kernel/exception_evidence.tkb:2252@kernel_ddb_enter_stopped;kernel/arch/arm64/kernel/exception_evidence.tkb:2261@kernel_ddb_enter_stopped;kernel/arch/arm64/kernel/exception_evidence.tkb:2262@kernel_ddb_enter_stopped;kernel/arch/arm64/kernel/exception_evidence.tkb:2263@kernel_ddb_enter_stopped;kernel/arch/arm64/kernel/exception_evidence.tkb:2264@kernel_ddb_enter_stopped;kernel/arch/arm64/kernel/exception_evidence.tkb:2266@kernel_ddb_enter_stopped;kernel/arch/arm64/kernel/exception_evidence.tkb:2267@kernel_ddb_enter_stopped;kernel/arch/arm64/kernel/exception_evidence.tkb:2268@kernel_ddb_enter_stopped;kernel/arch/arm64/kernel/exception_evidence.tkb:2270@kernel_ddb_enter_stopped;kernel/arch/arm64/kernel/exception_evidence.tkb:2271@kernel_ddb_enter_stopped;kernel/arch/arm64/kernel/exception_evidence.tkb:2272@kernel_ddb_enter_stopped;kernel/arch/arm64/kernel/exception_evidence.tkb:2273@kernel_ddb_enter_stopped;kernel/arch/arm64/kernel/exception_evidence.tkb:2274@kernel_ddb_enter_stopped;kernel/arch/arm64/kernel/exception_evidence.tkb:2275@kernel_ddb_enter_stopped;kernel/arch/arm64/kernel/exception_evidence.tkb:2276@kernel_ddb_enter_stopped;kernel/arch/arm64/kernel/exception_evidence.tkb:2277@kernel_ddb_enter_stopped;kernel/arch/arm64/kernel/exception_evidence.tkb:2279@kernel_ddb_enter_stopped;kernel/arch/arm64/kernel/exception_evidence.tkb:2280@kernel_ddb_enter_stopped;kernel/arch/arm64/kernel/exception_evidence.tkb:2281@kernel_ddb_enter_stopped;kernel/arch/arm64/kernel/exception_evidence.tkb:2282@kernel_ddb_enter_stopped;kernel/arch/arm64/kernel/exception_evidence.tkb:2283@kernel_ddb_enter_stopped;kernel/arch/arm64/kernel/exception_evidence.tkb:2285@kernel_ddb_enter_stopped;kernel/arch/arm64/kernel/exception_evidence.tkb:2286@kernel_ddb_enter_stopped;kernel/arch/arm64/kernel/exception_evidence.tkb:2287@kernel_ddb_enter_stopped;kernel/arch/arm64/kernel/exception_evidence.tkb:2288@kernel_ddb_enter_stopped;kernel/arch/arm64/kernel/exception_evidence.tkb:2291@kernel_ddb_enter_stopped;kernel/arch/arm64/kernel/exception_evidence.tkb:2292@kernel_ddb_enter_stopped;kernel/arch/arm64/kernel/exception_evidence.tkb:2293@kernel_ddb_enter_stopped;kernel/arch/arm64/kernel/exception_evidence.tkb:2294@kernel_ddb_enter_stopped;kernel/arch/arm64/kernel/exception_evidence.tkb:2295@kernel_ddb_enter_stopped;kernel/arch/arm64/kernel/exception_evidence.tkb:2296@kernel_ddb_enter_stopped;kernel/arch/arm64/kernel/exception_evidence.tkb:2297@kernel_ddb_enter_stopped;kernel/arch/arm64/kernel/exception_evidence.tkb:2299@kernel_ddb_enter_stopped;kernel/arch/arm64/kernel/exception_evidence.tkb:2301@kernel_ddb_enter_stopped;kernel/arch/arm64/kernel/exception_evidence.tkb:2303@kernel_ddb_enter_stopped;kernel/arch/arm64/kernel/exception_evidence.tkb:2304@kernel_ddb_enter_stopped;kernel/arch/arm64/kernel/exception_evidence.tkb:2307@kernel_ddb_enter_stopped;kernel/arch/arm64/kernel/exception_evidence.tkb:2309@kernel_ddb_enter_stopped;kernel/arch/arm64/kernel/exception_evidence.tkb:2313@kernel_ddb_enter_stopped;kernel/arch/arm64/kernel/exception_evidence.tkb:2314@kernel_ddb_enter_stopped;kernel/arch/arm64/kernel/exception_evidence.tkb:2318@kernel_ddb_enter_stopped	kernel/arch/arm64/kernel/exception_evidence.tkb:2248@kernel_ddb_enter_stopped;kernel/arch/arm64/kernel/exception_evidence.tkb:2249@kernel_ddb_enter_stopped;kernel/arch/arm64/kernel/exception_evidence.tkb:2250@kernel_ddb_enter_stopped;kernel/arch/arm64/kernel/exception_evidence.tkb:2251@kernel_ddb_enter_stopped;kernel/arch/arm64/kernel/exception_evidence.tkb:2252@kernel_ddb_enter_stopped;kernel/arch/arm64/kernel/exception_evidence.tkb:2261@kernel_ddb_enter_stopped;kernel/arch/arm64/kernel/exception_evidence.tkb:2262@kernel_ddb_enter_stopped;kernel/arch/arm64/kernel/exception_evidence.tkb:2263@kernel_ddb_enter_stopped;kernel/arch/arm64/kernel/exception_evidence.tkb:2264@kernel_ddb_enter_stopped;kernel/arch/arm64/kernel/exception_evidence.tkb:2266@kernel_ddb_enter_stopped;kernel/arch/arm64/kernel/exception_evidence.tkb:2267@kernel_ddb_enter_stopped;kernel/arch/arm64/kernel/exception_evidence.tkb:2268@kernel_ddb_enter_stopped;kernel/arch/arm64/kernel/exception_evidence.tkb:2270@kernel_ddb_enter_stopped;kernel/arch/arm64/kernel/exception_evidence.tkb:2271@kernel_ddb_enter_stopped;kernel/arch/arm64/kernel/exception_evidence.tkb:2272@kernel_ddb_enter_stopped;kernel/arch/arm64/kernel/exception_evidence.tkb:2273@kernel_ddb_enter_stopped;kernel/arch/arm64/kernel/exception_evidence.tkb:2274@kernel_ddb_enter_stopped;kernel/arch/arm64/kernel/exception_evidence.tkb:2275@kernel_ddb_enter_stopped;kernel/arch/arm64/kernel/exception_evidence.tkb:2276@kernel_ddb_enter_stopped;kernel/arch/arm64/kernel/exception_evidence.tkb:2277@kernel_ddb_enter_stopped;kernel/arch/arm64/kernel/exception_evidence.tkb:2280@kernel_ddb_enter_stopped;kernel/arch/arm64/kernel/exception_evidence.tkb:2281@kernel_ddb_enter_stopped;kernel/arch/arm64/kernel/exception_evidence.tkb:2282@kernel_ddb_enter_stopped;kernel/arch/arm64/kernel/exception_evidence.tkb:2283@kernel_ddb_enter_stopped;kernel/arch/arm64/kernel/exception_evidence.tkb:2285@kernel_ddb_enter_stopped;kernel/arch/arm64/kernel/exception_evidence.tkb:2287@kernel_ddb_enter_stopped;kernel/arch/arm64/kernel/exception_evidence.tkb:2292@kernel_ddb_enter_stopped;kernel/arch/arm64/kernel/exception_evidence.tkb:2293@kernel_ddb_enter_stopped;kernel/arch/arm64/kernel/exception_evidence.tkb:2294@kernel_ddb_enter_stopped;kernel/arch/arm64/kernel/exception_evidence.tkb:2295@kernel_ddb_enter_stopped;kernel/arch/arm64/kernel/exception_evidence.tkb:2296@kernel_ddb_enter_stopped;kernel/arch/arm64/kernel/exception_evidence.tkb:2297@kernel_ddb_enter_stopped;kernel/arch/arm64/kernel/exception_evidence.tkb:2299@kernel_ddb_enter_stopped;kernel/arch/arm64/kernel/exception_evidence.tkb:2301@kernel_ddb_enter_stopped;kernel/arch/arm64/kernel/exception_evidence.tkb:2303@kernel_ddb_enter_stopped;kernel/arch/arm64/kernel/exception_evidence.tkb:2309@kernel_ddb_enter_stopped;kernel/arch/arm64/kernel/exception_evidence.tkb:2313@kernel_ddb_enter_stopped	kernel/arch/arm64/kernel/exception_evidence.tkb:788@ddb_render_user_memory;kernel/arch/arm64/kernel/exception_evidence.tkb:1279@ddb_render_backtrace_process;kernel/arch/arm64/kernel/exception_evidence.tkb:1835@ddb_stack_process;kernel/arch/arm64/kernel/exception_evidence.tkb:1838@ddb_stack_process;kernel/arch/arm64/kernel/exception_evidence.tkb:2224@ddb_render_proc	-
kernel/arch/arm64/kernel/exception_evidence.tkb	12911efa7585c9f7685cac72220efa3443308d2276c9848b73d43341dcc48ae1	295	ddb_snapshot_published_sequence	mutable	private	usize	-	qemu,rpi5	kernel/arch/arm64/kernel/exception_evidence.tkb:356@ddb_snapshot_published_sequence_address	-	kernel/arch/arm64/kernel/exception_evidence.tkb:356@ddb_snapshot_published_sequence_address	-
kernel/arch/arm64/kernel/exception_evidence.tkb	12911efa7585c9f7685cac72220efa3443308d2276c9848b73d43341dcc48ae1	296	kernel_ddb_breakpoint_test_enabled	mutable	public	bool	-	qemu,rpi5	kernel/arch/arm64/kernel/exception_evidence.tkb:352@kernel_ddb_breakpoint_test_checkpoint	-	-	-
kernel/arch/arm64/kernel/exception_evidence.tkb	12911efa7585c9f7685cac72220efa3443308d2276c9848b73d43341dcc48ae1	297	kernel_ddb_memory_fault_test_enabled	mutable	public	bool	-	qemu,rpi5	kernel/arch/arm64/kernel/exception_evidence.tkb:2437@kernel_ddb_enter_stopped	-	-	-
kernel/arch/arm64/kernel/exception_evidence.tkb	12911efa7585c9f7685cac72220efa3443308d2276c9848b73d43341dcc48ae1	298	kernel_ddb_backtrace_test_enabled	mutable	public	bool	-	qemu,rpi5	kernel/arch/arm64/kernel/exception_evidence.tkb:2434@kernel_ddb_enter_stopped	-	-	-
kernel/arch/arm64/kernel/exception_evidence.tkb	12911efa7585c9f7685cac72220efa3443308d2276c9848b73d43341dcc48ae1	299	kernel_ddb_wait_test_enabled	mutable	public	bool	-	qemu,rpi5	kernel/arch/arm64/kernel/exception_evidence.tkb:2461@kernel_ddb_enter_stopped	-	-	-
kernel/arch/arm64/kernel/exception_evidence.tkb	12911efa7585c9f7685cac72220efa3443308d2276c9848b73d43341dcc48ae1	303	kernel_ddb_console_test_enabled	mutable	public	bool	-	qemu,rpi5	kernel/kernel/workload_evidence.tkb:1454@workload_peer_console_progress	-	-	kernel/kernel/workload_evidence.tkb:1454@workload_peer_console_progress
kernel/arch/arm64/kernel/exception_evidence.tkb	12911efa7585c9f7685cac72220efa3443308d2276c9848b73d43341dcc48ae1	304	kernel_ddb_console_hold_armed	mutable	public	bool	-	qemu,rpi5	kernel/kernel/workload_evidence.tkb:1468@workload_peer_console_progress	-	-	kernel/kernel/workload_evidence.tkb:1468@workload_peer_console_progress
kernel/arch/arm64/kernel/exception_evidence.tkb	12911efa7585c9f7685cac72220efa3443308d2276c9848b73d43341dcc48ae1	326	kernel_ddb_memory_access	mutable	private	[DdbGuardedRead; KERNEL_MAX_CORES]	-	qemu,rpi5	kernel/arch/arm64/kernel/exception_evidence.tkb:345@kernel_ddb_memory_access_here	-	-	-
kernel/arch/arm64/kernel/exception_evidence.tkb	12911efa7585c9f7685cac72220efa3443308d2276c9848b73d43341dcc48ae1	1058	ddb_stopped_root	mutable	private	[DdbStoppedRoot; KERNEL_MAX_CORES]	-	qemu,rpi5	kernel/arch/arm64/kernel/exception_evidence.tkb:1061@ddb_stopped_sequence_address;kernel/arch/arm64/kernel/exception_evidence.tkb:1073@kernel_ddb_stopped_root_publish;kernel/arch/arm64/kernel/exception_evidence.tkb:1080@kernel_ddb_stopped_root_publish;kernel/arch/arm64/kernel/exception_evidence.tkb:1081@kernel_ddb_stopped_root_publish;kernel/arch/arm64/kernel/exception_evidence.tkb:1082@kernel_ddb_stopped_root_publish;kernel/arch/arm64/kernel/exception_evidence.tkb:1112@kernel_ddb_stopped_root_retire;kernel/arch/arm64/kernel/exception_evidence.tkb:1115@kernel_ddb_stopped_root_retire;kernel/arch/arm64/kernel/exception_evidence.tkb:1156@ddb_stopped_unwind_root;kernel/arch/arm64/kernel/exception_evidence.tkb:1157@ddb_stopped_unwind_root	kernel/arch/arm64/kernel/exception_evidence.tkb:1080@kernel_ddb_stopped_root_publish;kernel/arch/arm64/kernel/exception_evidence.tkb:1081@kernel_ddb_stopped_root_publish;kernel/arch/arm64/kernel/exception_evidence.tkb:1082@kernel_ddb_stopped_root_publish;kernel/arch/arm64/kernel/exception_evidence.tkb:1112@kernel_ddb_stopped_root_retire	-	-
kernel/arch/arm64/kernel/exception_evidence.tkb	12911efa7585c9f7685cac72220efa3443308d2276c9848b73d43341dcc48ae1	2172	ddb_wait_test_records	mutable	private	[ProcessDdbRecord; DDB_PROCESS_RECORDS]	-	qemu,rpi5	kernel/arch/arm64/kernel/exception_evidence.tkb:2177@ddb_wait_test_record;kernel/arch/arm64/kernel/exception_evidence.tkb:2178@ddb_wait_test_record;kernel/arch/arm64/kernel/exception_evidence.tkb:2179@ddb_wait_test_record;kernel/arch/arm64/kernel/exception_evidence.tkb:2180@ddb_wait_test_record;kernel/arch/arm64/kernel/exception_evidence.tkb:2181@ddb_wait_test_record;kernel/arch/arm64/kernel/exception_evidence.tkb:2182@ddb_wait_test_record;kernel/arch/arm64/kernel/exception_evidence.tkb:2183@ddb_wait_test_record;kernel/arch/arm64/kernel/exception_evidence.tkb:2184@ddb_wait_test_record;kernel/arch/arm64/kernel/exception_evidence.tkb:2185@ddb_wait_test_record;kernel/arch/arm64/kernel/exception_evidence.tkb:2186@ddb_wait_test_record;kernel/arch/arm64/kernel/exception_evidence.tkb:2187@ddb_wait_test_record;kernel/arch/arm64/kernel/exception_evidence.tkb:2215@ddb_render_wait_test;kernel/arch/arm64/kernel/exception_evidence.tkb:2218@ddb_render_wait_test	kernel/arch/arm64/kernel/exception_evidence.tkb:2177@ddb_wait_test_record;kernel/arch/arm64/kernel/exception_evidence.tkb:2178@ddb_wait_test_record;kernel/arch/arm64/kernel/exception_evidence.tkb:2179@ddb_wait_test_record;kernel/arch/arm64/kernel/exception_evidence.tkb:2180@ddb_wait_test_record;kernel/arch/arm64/kernel/exception_evidence.tkb:2181@ddb_wait_test_record;kernel/arch/arm64/kernel/exception_evidence.tkb:2182@ddb_wait_test_record;kernel/arch/arm64/kernel/exception_evidence.tkb:2183@ddb_wait_test_record;kernel/arch/arm64/kernel/exception_evidence.tkb:2184@ddb_wait_test_record;kernel/arch/arm64/kernel/exception_evidence.tkb:2185@ddb_wait_test_record;kernel/arch/arm64/kernel/exception_evidence.tkb:2186@ddb_wait_test_record;kernel/arch/arm64/kernel/exception_evidence.tkb:2187@ddb_wait_test_record	-	-
kernel/arch/arm64/kernel/platform_uart_common.tkb	56bad91a428c8a38e544442664720660ca393a0851a502ca36c9a764b1630330	4	uart_rx_handler	mutable	public	fn !{unsafe}(u8) -> void	-	qemu,rpi5	kernel/arch/arm64/kernel/platform_uart_common.tkb:15@uart_set_rx_handler;kernel/drivers/serial/pl011.tkb:49@uart_irq_service;kernel/platform/qemu/uart.tkb:116@uart_init;kernel/platform/rpi5/uart.tkb:171@uart_init	kernel/arch/arm64/kernel/platform_uart_common.tkb:15@uart_set_rx_handler;kernel/platform/qemu/uart.tkb:116@uart_init;kernel/platform/rpi5/uart.tkb:171@uart_init	-	kernel/drivers/serial/pl011.tkb:49@uart_irq_service;kernel/platform/qemu/uart.tkb:116@uart_init;kernel/platform/rpi5/uart.tkb:171@uart_init
kernel/arch/arm64/kernel/secondary.tkb	1ef85e1e9e897e1263ba6fa70a7b101551d7c946735db6be5d43b21c42168c00	47	kernel_secondary_boot_state	mutable	private	[AtomicWord; KERNEL_MAX_CORES]	-	qemu,rpi5	kernel/arch/arm64/kernel/secondary.tkb:74@kernel_secondary_boot_state_clear;kernel/arch/arm64/kernel/secondary.tkb:81@kernel_secondary_boot_state_value_for;kernel/arch/arm64/kernel/secondary.tkb:173@kernel_secondary_main	-	kernel/arch/arm64/kernel/secondary.tkb:74@kernel_secondary_boot_state_clear;kernel/arch/arm64/kernel/secondary.tkb:81@kernel_secondary_boot_state_value_for;kernel/arch/arm64/kernel/secondary.tkb:173@kernel_secondary_main	-
kernel/arch/arm64/kernel/secondary.tkb	1ef85e1e9e897e1263ba6fa70a7b101551d7c946735db6be5d43b21c42168c00	54	kernel_online_cores	mutable	private	io usize	-	qemu,rpi5	kernel/arch/arm64/kernel/secondary.tkb:76@kernel_secondary_boot_state_clear;kernel/arch/arm64/kernel/secondary.tkb:89@kernel_online_core_note_cpu_on;kernel/arch/arm64/kernel/secondary.tkb:91@kernel_online_core_note_cpu_on;kernel/arch/arm64/kernel/secondary.tkb:99@kernel_online_core_count	kernel/arch/arm64/kernel/secondary.tkb:76@kernel_secondary_boot_state_clear;kernel/arch/arm64/kernel/secondary.tkb:91@kernel_online_core_note_cpu_on	-	-
kernel/arch/arm64/kernel/secondary.tkb	1ef85e1e9e897e1263ba6fa70a7b101551d7c946735db6be5d43b21c42168c00	64	secondary_tick_count	mutable	private	[AtomicWord; KERNEL_MAX_CORES]	-	qemu,rpi5	kernel/arch/arm64/kernel/secondary.tkb:112@secondary_tick_value_for;kernel/arch/arm64/kernel/secondary.tkb:128@kernel_core0_tick_note;kernel/arch/arm64/kernel/secondary.tkb:141@secondary_timer_tick	-	kernel/arch/arm64/kernel/secondary.tkb:112@secondary_tick_value_for;kernel/arch/arm64/kernel/secondary.tkb:128@kernel_core0_tick_note;kernel/arch/arm64/kernel/secondary.tkb:141@secondary_timer_tick	-
kernel/arch/arm64/mm/asid.tkb	c6a250e2a0cbb1d9451cac0e123b353c75bafd65a1cc353dc74a1368d4c3b22f	80	asid_bits	mutable	private	usize	ASID_BITS_FLOOR	qemu,rpi5	kernel/arch/arm64/mm/asid.tkb:130@asid_init;kernel/arch/arm64/mm/asid.tkb:132@asid_init;kernel/arch/arm64/mm/asid.tkb:151@asid_width_bits	kernel/arch/arm64/mm/asid.tkb:130@asid_init	-	-
kernel/arch/arm64/mm/asid.tkb	c6a250e2a0cbb1d9451cac0e123b353c75bafd65a1cc353dc74a1368d4c3b22f	84	asid_last	mutable	private	usize	255	qemu,rpi5	kernel/arch/arm64/mm/asid.tkb:132@asid_init;kernel/arch/arm64/mm/asid.tkb:155@asid_highest_value;kernel/arch/arm64/mm/asid.tkb:224@asid_assign_attempt;kernel/arch/arm64/mm/asid.tkb:240@asid_force_rollover_needed;kernel/arch/arm64/mm/asid.tkb:251@asid_rollover_stopped;kernel/arch/arm64/mm/asid.tkb:307@asid_assign_locked	kernel/arch/arm64/mm/asid.tkb:132@asid_init	-	-
kernel/arch/arm64/mm/asid.tkb	c6a250e2a0cbb1d9451cac0e123b353c75bafd65a1cc353dc74a1368d4c3b22f	85	asid_ready	mutable	private	bool	false	qemu,rpi5	kernel/arch/arm64/mm/asid.tkb:128@asid_init;kernel/arch/arm64/mm/asid.tkb:129@asid_init	kernel/arch/arm64/mm/asid.tkb:129@asid_init	-	-
kernel/arch/arm64/mm/asid.tkb	c6a250e2a0cbb1d9451cac0e123b353c75bafd65a1cc353dc74a1368d4c3b22f	121	asid_cell	mutable	private	LockedCell(AsidState)	-	qemu,rpi5	kernel/arch/arm64/mm/asid.tkb:137@asid_init;kernel/arch/arm64/mm/asid.tkb:146@asid_reporter_state;kernel/arch/arm64/mm/asid.tkb:165@asid_current_generation;kernel/arch/arm64/mm/asid.tkb:166@asid_current_generation;kernel/arch/arm64/mm/asid.tkb:168@asid_current_generation;kernel/arch/arm64/mm/asid.tkb:173@asid_rollover_count_value;kernel/arch/arm64/mm/asid.tkb:174@asid_rollover_count_value;kernel/arch/arm64/mm/asid.tkb:176@asid_rollover_count_value;kernel/arch/arm64/mm/asid.tkb:185@asid_next_value;kernel/arch/arm64/mm/asid.tkb:186@asid_next_value;kernel/arch/arm64/mm/asid.tkb:188@asid_next_value;kernel/arch/arm64/mm/asid.tkb:222@asid_assign_attempt;kernel/arch/arm64/mm/asid.tkb:223@asid_assign_attempt;kernel/arch/arm64/mm/asid.tkb:225@asid_assign_attempt;kernel/arch/arm64/mm/asid.tkb:231@asid_assign_attempt;kernel/arch/arm64/mm/asid.tkb:238@asid_force_rollover_needed;kernel/arch/arm64/mm/asid.tkb:239@asid_force_rollover_needed;kernel/arch/arm64/mm/asid.tkb:241@asid_force_rollover_needed;kernel/arch/arm64/mm/asid.tkb:248@asid_rollover_stopped;kernel/arch/arm64/mm/asid.tkb:249@asid_rollover_stopped;kernel/arch/arm64/mm/asid.tkb:255@asid_rollover_stopped;kernel/arch/arm64/mm/asid.tkb:284@asid_assign;kernel/arch/arm64/mm/asid.tkb:285@asid_assign;kernel/arch/arm64/mm/asid.tkb:287@asid_assign;kernel/arch/arm64/mm/asid.tkb:297@asid_assign_boot	-	kernel/arch/arm64/mm/asid.tkb:137@asid_init;kernel/arch/arm64/mm/asid.tkb:146@asid_reporter_state;kernel/arch/arm64/mm/asid.tkb:165@asid_current_generation;kernel/arch/arm64/mm/asid.tkb:166@asid_current_generation;kernel/arch/arm64/mm/asid.tkb:168@asid_current_generation;kernel/arch/arm64/mm/asid.tkb:173@asid_rollover_count_value;kernel/arch/arm64/mm/asid.tkb:174@asid_rollover_count_value;kernel/arch/arm64/mm/asid.tkb:176@asid_rollover_count_value;kernel/arch/arm64/mm/asid.tkb:185@asid_next_value;kernel/arch/arm64/mm/asid.tkb:186@asid_next_value;kernel/arch/arm64/mm/asid.tkb:188@asid_next_value;kernel/arch/arm64/mm/asid.tkb:222@asid_assign_attempt;kernel/arch/arm64/mm/asid.tkb:223@asid_assign_attempt;kernel/arch/arm64/mm/asid.tkb:225@asid_assign_attempt;kernel/arch/arm64/mm/asid.tkb:231@asid_assign_attempt;kernel/arch/arm64/mm/asid.tkb:238@asid_force_rollover_needed;kernel/arch/arm64/mm/asid.tkb:239@asid_force_rollover_needed;kernel/arch/arm64/mm/asid.tkb:241@asid_force_rollover_needed;kernel/arch/arm64/mm/asid.tkb:248@asid_rollover_stopped;kernel/arch/arm64/mm/asid.tkb:249@asid_rollover_stopped;kernel/arch/arm64/mm/asid.tkb:255@asid_rollover_stopped;kernel/arch/arm64/mm/asid.tkb:284@asid_assign;kernel/arch/arm64/mm/asid.tkb:285@asid_assign;kernel/arch/arm64/mm/asid.tkb:287@asid_assign;kernel/arch/arm64/mm/asid.tkb:297@asid_assign_boot	-
kernel/drivers/block/block_cache.tkb	a6480abc3acc299df9e2021f338f10d7e7780bc0a1c8a8d3c3160500f2b04c2c	50	block_cache_data	mutable	private	[u8; KERNEL_MAX_CORES * BLOCK_CACHE_SLOTS * BLOCK_CACHE_BYTES]	-	qemu,rpi5	kernel/drivers/block/block_cache.tkb:132@block_cache_store;kernel/drivers/block/block_cache.tkb:152@block_cache_read	-	-	-
kernel/drivers/block/block_cache.tkb	a6480abc3acc299df9e2021f338f10d7e7780bc0a1c8a8d3c3160500f2b04c2c	52	block_cache_backend	mutable	private	[u8; KERNEL_MAX_CORES * BLOCK_CACHE_SLOTS]	-	qemu,rpi5	kernel/drivers/block/block_cache.tkb:89@block_cache_find;kernel/drivers/block/block_cache.tkb:114@block_cache_victim;kernel/drivers/block/block_cache.tkb:134@block_cache_store	kernel/drivers/block/block_cache.tkb:134@block_cache_store	kernel/drivers/block/block_cache.tkb:89@block_cache_find	-
kernel/drivers/block/block_cache.tkb	a6480abc3acc299df9e2021f338f10d7e7780bc0a1c8a8d3c3160500f2b04c2c	53	block_cache_block	mutable	private	[usize; KERNEL_MAX_CORES * BLOCK_CACHE_SLOTS]	-	qemu,rpi5	kernel/drivers/block/block_cache.tkb:90@block_cache_find;kernel/drivers/block/block_cache.tkb:115@block_cache_victim;kernel/drivers/block/block_cache.tkb:135@block_cache_store	kernel/drivers/block/block_cache.tkb:135@block_cache_store	kernel/drivers/block/block_cache.tkb:90@block_cache_find;kernel/drivers/block/block_cache.tkb:115@block_cache_victim	-
kernel/drivers/block/block_cache.tkb	a6480abc3acc299df9e2021f338f10d7e7780bc0a1c8a8d3c3160500f2b04c2c	54	block_cache_valid	mutable	private	[bool; KERNEL_MAX_CORES * BLOCK_CACHE_SLOTS]	-	qemu,rpi5	kernel/drivers/block/block_cache.tkb:88@block_cache_find;kernel/drivers/block/block_cache.tkb:110@block_cache_victim;kernel/drivers/block/block_cache.tkb:137@block_cache_store	kernel/drivers/block/block_cache.tkb:137@block_cache_store	-	-
kernel/drivers/block/block_cache.tkb	a6480abc3acc299df9e2021f338f10d7e7780bc0a1c8a8d3c3160500f2b04c2c	55	block_cache_epoch	mutable	private	[usize; KERNEL_MAX_CORES * BLOCK_CACHE_SLOTS]	-	qemu,rpi5	kernel/drivers/block/block_cache.tkb:88@block_cache_find;kernel/drivers/block/block_cache.tkb:111@block_cache_victim;kernel/drivers/block/block_cache.tkb:136@block_cache_store	kernel/drivers/block/block_cache.tkb:136@block_cache_store	kernel/drivers/block/block_cache.tkb:88@block_cache_find	-
kernel/drivers/block/block_cache.tkb	a6480abc3acc299df9e2021f338f10d7e7780bc0a1c8a8d3c3160500f2b04c2c	56	block_cache_used	mutable	private	[usize; KERNEL_MAX_CORES * BLOCK_CACHE_SLOTS]	-	qemu,rpi5	kernel/drivers/block/block_cache.tkb:73@block_cache_touch;kernel/drivers/block/block_cache.tkb:118@block_cache_victim;kernel/drivers/block/block_cache.tkb:119@block_cache_victim	kernel/drivers/block/block_cache.tkb:73@block_cache_touch	-	-
kernel/drivers/block/block_cache.tkb	a6480abc3acc299df9e2021f338f10d7e7780bc0a1c8a8d3c3160500f2b04c2c	57	block_cache_tick	mutable	private	[usize; KERNEL_MAX_CORES]	-	qemu,rpi5	kernel/drivers/block/block_cache.tkb:71@block_cache_touch;kernel/drivers/block/block_cache.tkb:72@block_cache_touch	kernel/drivers/block/block_cache.tkb:72@block_cache_touch	-	-
kernel/drivers/block/block_cache.tkb	a6480abc3acc299df9e2021f338f10d7e7780bc0a1c8a8d3c3160500f2b04c2c	58	block_cache_hits	mutable	private	[usize; KERNEL_MAX_CORES]	-	qemu,rpi5	kernel/drivers/block/block_cache.tkb:154@block_cache_read;kernel/drivers/block/block_cache.tkb:201@block_cache_hit_total	kernel/drivers/block/block_cache.tkb:154@block_cache_read	-	-
kernel/drivers/block/block_cache.tkb	a6480abc3acc299df9e2021f338f10d7e7780bc0a1c8a8d3c3160500f2b04c2c	59	block_cache_writes	mutable	private	[AtomicWord; KERNEL_MAX_CORES]	-	qemu,rpi5	kernel/drivers/block/block_cache.tkb:64@block_cache_write_epoch;kernel/drivers/block/block_cache.tkb:175@block_cache_note_write;kernel/drivers/block/block_cache.tkb:176@block_cache_note_write;kernel/drivers/block/block_cache.tkb:188@block_cache_forget_all;kernel/drivers/block/block_cache.tkb:189@block_cache_forget_all	-	kernel/drivers/block/block_cache.tkb:64@block_cache_write_epoch;kernel/drivers/block/block_cache.tkb:175@block_cache_note_write;kernel/drivers/block/block_cache.tkb:176@block_cache_note_write;kernel/drivers/block/block_cache.tkb:188@block_cache_forget_all;kernel/drivers/block/block_cache.tkb:189@block_cache_forget_all	-
kernel/drivers/block/memory.tkb	31ff599252b96923471dd7501fab3e62f5be397af6f795774c1994b934a0a420	82	block_read_calls	mutable	private	[usize; KERNEL_MAX_CORES]	-	qemu,rpi5	kernel/drivers/block/memory.tkb:103@block_read_call_total;kernel/drivers/block/memory.tkb:108@block_read_call_count;kernel/drivers/block/memory.tkb:363@block_run_read;kernel/drivers/block/memory.tkb:468@block_read_device_locked	-	-	-
kernel/drivers/block/memory.tkb	31ff599252b96923471dd7501fab3e62f5be397af6f795774c1994b934a0a420	83	block_write_calls	mutable	private	[usize; KERNEL_MAX_CORES]	-	qemu,rpi5	kernel/drivers/block/memory.tkb:111@block_write_call_total;kernel/drivers/block/memory.tkb:496@block_write_device_locked	-	-	-
kernel/drivers/block/memory.tkb	31ff599252b96923471dd7501fab3e62f5be397af6f795774c1994b934a0a420	84	block_device_waits	mutable	private	[usize; KERNEL_MAX_CORES]	-	qemu,rpi5	kernel/drivers/block/memory.tkb:117@block_device_wait_count;kernel/drivers/block/memory.tkb:149@block_device_take	-	-	-
kernel/drivers/block/memory.tkb	31ff599252b96923471dd7501fab3e62f5be397af6f795774c1994b934a0a420	138	block_device_lock	mutable	private	TaskMutex	-	qemu,rpi5	kernel/drivers/block/memory.tkb:146@-;kernel/drivers/block/memory.tkb:148@block_device_take;kernel/drivers/block/memory.tkb:150@block_device_take;kernel/drivers/block/memory.tkb:152@block_device_take;kernel/drivers/block/memory.tkb:156@-;kernel/drivers/block/memory.tkb:157@block_device_give;kernel/drivers/block/memory.tkb:208@-;kernel/drivers/block/memory.tkb:378@-;kernel/drivers/block/memory.tkb:461@-;kernel/drivers/block/memory.tkb:489@-	-	kernel/drivers/block/memory.tkb:148@block_device_take;kernel/drivers/block/memory.tkb:150@block_device_take;kernel/drivers/block/memory.tkb:157@block_device_give	-
kernel/drivers/block/memory.tkb	31ff599252b96923471dd7501fab3e62f5be397af6f795774c1994b934a0a420	179	block_fault_armed	mutable	private	bool	-	qemu,rpi5	kernel/drivers/block/memory.tkb:189@block_fault_arm;kernel/drivers/block/memory.tkb:200@block_fault_disarm;kernel/drivers/block/memory.tkb:210@block_fault_hits;kernel/drivers/block/memory.tkb:218@block_fault_hits	kernel/drivers/block/memory.tkb:189@block_fault_arm;kernel/drivers/block/memory.tkb:200@block_fault_disarm;kernel/drivers/block/memory.tkb:218@block_fault_hits	-	-
kernel/drivers/block/memory.tkb	31ff599252b96923471dd7501fab3e62f5be397af6f795774c1994b934a0a420	180	block_fault_on_write	mutable	private	bool	-	qemu,rpi5	kernel/drivers/block/memory.tkb:190@block_fault_arm;kernel/drivers/block/memory.tkb:210@block_fault_hits	kernel/drivers/block/memory.tkb:190@block_fault_arm	-	-
kernel/drivers/block/memory.tkb	31ff599252b96923471dd7501fab3e62f5be397af6f795774c1994b934a0a420	181	block_fault_skip	mutable	private	usize	-	qemu,rpi5	kernel/drivers/block/memory.tkb:191@block_fault_arm;kernel/drivers/block/memory.tkb:213@block_fault_hits;kernel/drivers/block/memory.tkb:214@block_fault_hits	kernel/drivers/block/memory.tkb:191@block_fault_arm;kernel/drivers/block/memory.tkb:214@block_fault_hits	-	-
kernel/drivers/block/memory.tkb	31ff599252b96923471dd7501fab3e62f5be397af6f795774c1994b934a0a420	182	block_fault_sticky	mutable	private	bool	-	qemu,rpi5	kernel/drivers/block/memory.tkb:192@block_fault_arm;kernel/drivers/block/memory.tkb:218@block_fault_hits	kernel/drivers/block/memory.tkb:192@block_fault_arm	-	-
kernel/drivers/block/memory.tkb	31ff599252b96923471dd7501fab3e62f5be397af6f795774c1994b934a0a420	183	block_fault_injected	mutable	private	usize	-	qemu,rpi5	kernel/drivers/block/memory.tkb:193@block_fault_arm;kernel/drivers/block/memory.tkb:201@block_fault_disarm;kernel/drivers/block/memory.tkb:202@block_fault_disarm;kernel/drivers/block/memory.tkb:217@block_fault_hits	kernel/drivers/block/memory.tkb:193@block_fault_arm;kernel/drivers/block/memory.tkb:202@block_fault_disarm;kernel/drivers/block/memory.tkb:217@block_fault_hits	-	-
kernel/drivers/block/memory.tkb	31ff599252b96923471dd7501fab3e62f5be397af6f795774c1994b934a0a420	282	block_run_data	mutable	private	[u8; KERNEL_MAX_CORES * BLOCK_RUN_BLOCKS * KERNEL_BLOCK_SIZE]	-	qemu,rpi5	kernel/drivers/block/memory.tkb:321@block_run_take;kernel/drivers/block/memory.tkb:384@block_run_transfer_locked;kernel/drivers/block/memory.tkb:404@block_run_transfer_locked	-	-	-
kernel/drivers/block/memory.tkb	31ff599252b96923471dd7501fab3e62f5be397af6f795774c1994b934a0a420	284	block_run_backend	mutable	private	[u8; KERNEL_MAX_CORES]	-	qemu,rpi5	kernel/drivers/block/memory.tkb:302@block_run_hit_here;kernel/drivers/block/memory.tkb:367@block_run_read	kernel/drivers/block/memory.tkb:367@block_run_read	kernel/drivers/block/memory.tkb:302@block_run_hit_here	-
kernel/drivers/block/memory.tkb	31ff599252b96923471dd7501fab3e62f5be397af6f795774c1994b934a0a420	285	block_run_first	mutable	private	[usize; KERNEL_MAX_CORES]	-	qemu,rpi5	kernel/drivers/block/memory.tkb:300@block_run_hit_here;kernel/drivers/block/memory.tkb:314@block_run_take;kernel/drivers/block/memory.tkb:368@block_run_read	kernel/drivers/block/memory.tkb:368@block_run_read	-	-
kernel/drivers/block/memory.tkb	31ff599252b96923471dd7501fab3e62f5be397af6f795774c1994b934a0a420	286	block_run_count	mutable	private	[usize; KERNEL_MAX_CORES]	-	qemu,rpi5	kernel/drivers/block/memory.tkb:301@block_run_hit_here;kernel/drivers/block/memory.tkb:304@block_run_hit_here;kernel/drivers/block/memory.tkb:354@block_run_read;kernel/drivers/block/memory.tkb:370@block_run_read	kernel/drivers/block/memory.tkb:354@block_run_read;kernel/drivers/block/memory.tkb:370@block_run_read	-	-
kernel/drivers/block/memory.tkb	31ff599252b96923471dd7501fab3e62f5be397af6f795774c1994b934a0a420	287	block_run_epoch	mutable	private	[usize; KERNEL_MAX_CORES]	-	qemu,rpi5	kernel/drivers/block/memory.tkb:303@block_run_hit_here;kernel/drivers/block/memory.tkb:369@block_run_read	kernel/drivers/block/memory.tkb:369@block_run_read	kernel/drivers/block/memory.tkb:303@block_run_hit_here	-
kernel/drivers/block/memory.tkb	31ff599252b96923471dd7501fab3e62f5be397af6f795774c1994b934a0a420	290	block_run_next	mutable	private	[usize; KERNEL_MAX_CORES]	-	qemu,rpi5	kernel/drivers/block/memory.tkb:330@block_run_wanted;kernel/drivers/block/memory.tkb:338@block_run_note_single;kernel/drivers/block/memory.tkb:371@block_run_read	kernel/drivers/block/memory.tkb:338@block_run_note_single;kernel/drivers/block/memory.tkb:371@block_run_read	-	-
kernel/drivers/block/memory.tkb	31ff599252b96923471dd7501fab3e62f5be397af6f795774c1994b934a0a420	291	block_run_next_backend	mutable	private	[u8; KERNEL_MAX_CORES]	-	qemu,rpi5	kernel/drivers/block/memory.tkb:331@block_run_wanted;kernel/drivers/block/memory.tkb:339@block_run_note_single;kernel/drivers/block/memory.tkb:372@block_run_read	kernel/drivers/block/memory.tkb:339@block_run_note_single;kernel/drivers/block/memory.tkb:372@block_run_read	kernel/drivers/block/memory.tkb:331@block_run_wanted	-
kernel/drivers/block/memory.tkb	31ff599252b96923471dd7501fab3e62f5be397af6f795774c1994b934a0a420	292	block_run_reads	mutable	private	[usize; KERNEL_MAX_CORES]	-	qemu,rpi5	kernel/drivers/block/memory.tkb:373@block_run_read;kernel/drivers/block/memory.tkb:414@block_run_read_total	kernel/drivers/block/memory.tkb:373@block_run_read	-	-
kernel/drivers/block/memory.tkb	31ff599252b96923471dd7501fab3e62f5be397af6f795774c1994b934a0a420	293	block_run_hits	mutable	private	[usize; KERNEL_MAX_CORES]	-	qemu,rpi5	kernel/drivers/block/memory.tkb:322@block_run_take;kernel/drivers/block/memory.tkb:418@block_run_hit_total	kernel/drivers/block/memory.tkb:322@block_run_take	-	-
kernel/drivers/block/virtio_blk.tkb	3b1f1a75c454d69dc19eafe0168980c5c523275c304b8d415a1bd52f39a4f09d	55	virtio_blk_base	mutable	public	i32	0	qemu,rpi5	kernel/drivers/block/virtio_blk.tkb:181@virtio_blk_reg;kernel/drivers/block/virtio_blk.tkb:213@virtio_blk_init;kernel/drivers/block/virtio_blk.tkb:378@virtio_blk_capacity_sectors;kernel/drivers/block/virtio_blk.tkb:379@virtio_blk_capacity_sectors;kernel/platform/qemu/init.tkb:183@main;kernel/platform/qemu/uart.tkb:186@qemu_virtio_apply_boot_dtb	kernel/platform/qemu/uart.tkb:186@qemu_virtio_apply_boot_dtb	-	kernel/platform/qemu/init.tkb:183@main;kernel/platform/qemu/uart.tkb:186@qemu_virtio_apply_boot_dtb
kernel/drivers/block/virtio_blk.tkb	3b1f1a75c454d69dc19eafe0168980c5c523275c304b8d415a1bd52f39a4f09d	56	virtio_blk_ready	mutable	public	bool	-	qemu,rpi5	kernel/drivers/block/virtio_blk.tkb:194@virtio_blk_reset;kernel/drivers/block/virtio_blk.tkb:212@virtio_blk_init;kernel/drivers/block/virtio_blk.tkb:228@virtio_blk_init	kernel/drivers/block/virtio_blk.tkb:194@virtio_blk_reset;kernel/drivers/block/virtio_blk.tkb:228@virtio_blk_init	-	-
kernel/drivers/block/virtio_blk.tkb	3b1f1a75c454d69dc19eafe0168980c5c523275c304b8d415a1bd52f39a4f09d	59	virtio_blk_disabled	mutable	public	bool	-	qemu,rpi5	kernel/drivers/block/virtio_blk.tkb:204@virtio_blk_reset;kernel/drivers/block/virtio_blk.tkb:211@virtio_blk_init	kernel/drivers/block/virtio_blk.tkb:204@virtio_blk_reset	-	-
kernel/drivers/block/virtio_blk.tkb	3b1f1a75c454d69dc19eafe0168980c5c523275c304b8d415a1bd52f39a4f09d	60	virtio_blk_queue	mutable	public	[u8; 2 * VIRTIO_BLK_PAGE_SIZE] align(4096)	-	qemu,rpi5	kernel/drivers/block/virtio_blk.tkb:188@virtio_blk_setup_queue;kernel/drivers/block/virtio_blk.tkb:218@virtio_blk_init;kernel/drivers/block/virtio_blk.tkb:249@virtio_blk_submit_owned	kernel/drivers/block/virtio_blk.tkb:218@virtio_blk_init	-	-
kernel/drivers/block/virtio_blk.tkb	3b1f1a75c454d69dc19eafe0168980c5c523275c304b8d415a1bd52f39a4f09d	70	virtio_blk_data_buf	mutable	public	[u8; 1024] align(64)	-	qemu,rpi5	kernel/drivers/block/virtio_blk.tkb:241@virtio_blk_submit_owned;kernel/drivers/block/virtio_blk.tkb:264@virtio_blk_submit_owned;kernel/drivers/block/virtio_blk.tkb:276@virtio_blk_submit_owned	-	-	-
kernel/drivers/block/virtio_blk.tkb	3b1f1a75c454d69dc19eafe0168980c5c523275c304b8d415a1bd52f39a4f09d	71	virtio_blk_request_buf	mutable	public	[u8; 16] align(64)	-	qemu,rpi5	kernel/drivers/block/virtio_blk.tkb:243@virtio_blk_submit_owned;kernel/drivers/block/virtio_blk.tkb:253@virtio_blk_submit_owned;kernel/drivers/block/virtio_blk.tkb:257@virtio_blk_submit_owned	-	-	-
kernel/drivers/block/virtio_blk.tkb	3b1f1a75c454d69dc19eafe0168980c5c523275c304b8d415a1bd52f39a4f09d	74	virtio_blk_receive	mutable	private	VirtioBlkReceive align(64)	-	qemu,rpi5	-	-	-	-
kernel/drivers/block/virtio_blk.tkb	3b1f1a75c454d69dc19eafe0168980c5c523275c304b8d415a1bd52f39a4f09d	131	virtio_blk_used_seen	mutable	public	VirtioRingIndex	-	qemu,rpi5	kernel/drivers/block/virtio_blk.tkb:227@virtio_blk_init;kernel/drivers/block/virtio_blk.tkb:295@virtio_blk_submit_owned;kernel/drivers/block/virtio_blk.tkb:298@virtio_blk_submit_owned;kernel/drivers/block/virtio_blk.tkb:306@virtio_blk_submit_owned;kernel/drivers/block/virtio_blk.tkb:334@virtio_blk_submit_owned	kernel/drivers/block/virtio_blk.tkb:227@virtio_blk_init;kernel/drivers/block/virtio_blk.tkb:334@virtio_blk_submit_owned	kernel/drivers/block/virtio_blk.tkb:295@virtio_blk_submit_owned	-
kernel/drivers/block/virtio_blk.tkb	3b1f1a75c454d69dc19eafe0168980c5c523275c304b8d415a1bd52f39a4f09d	146	virtio_blk_timeouts	mutable	public	usize	0	qemu,rpi5	kernel/drivers/block/virtio_blk.tkb:159@virtio_blk_timeout_count;kernel/drivers/block/virtio_blk.tkb:313@virtio_blk_submit_owned;kernel/drivers/block/virtio_blk.tkb:315@virtio_blk_submit_owned	kernel/drivers/block/virtio_blk.tkb:315@virtio_blk_submit_owned	-	-
kernel/drivers/block/virtio_blk.tkb	3b1f1a75c454d69dc19eafe0168980c5c523275c304b8d415a1bd52f39a4f09d	150	virtio_blk_completion_max_ticks	mutable	public	usize	0	qemu,rpi5	kernel/drivers/block/virtio_blk.tkb:154@virtio_blk_completion_max;kernel/drivers/block/virtio_blk.tkb:328@virtio_blk_submit_owned;kernel/drivers/block/virtio_blk.tkb:329@virtio_blk_submit_owned	kernel/drivers/block/virtio_blk.tkb:329@virtio_blk_submit_owned	-	-
kernel/drivers/block/virtio_blk.tkb	3b1f1a75c454d69dc19eafe0168980c5c523275c304b8d415a1bd52f39a4f09d	151	virtio_blk_completions	mutable	public	usize	0	qemu,rpi5	kernel/drivers/block/virtio_blk.tkb:155@virtio_blk_completion_count;kernel/drivers/block/virtio_blk.tkb:331@virtio_blk_submit_owned	kernel/drivers/block/virtio_blk.tkb:331@virtio_blk_submit_owned	-	-
kernel/drivers/block/virtio_blk.tkb	3b1f1a75c454d69dc19eafe0168980c5c523275c304b8d415a1bd52f39a4f09d	152	virtio_blk_completion_total_ticks	mutable	public	usize	0	qemu,rpi5	kernel/drivers/block/virtio_blk.tkb:153@virtio_blk_completion_total;kernel/drivers/block/virtio_blk.tkb:332@virtio_blk_submit_owned	kernel/drivers/block/virtio_blk.tkb:332@virtio_blk_submit_owned	-	-
kernel/drivers/block/virtio_blk.tkb	3b1f1a75c454d69dc19eafe0168980c5c523275c304b8d415a1bd52f39a4f09d	156	virtio_blk_timeout_first	mutable	public	VirtioBlkTimeoutSnapshot	-	qemu,rpi5	kernel/drivers/block/virtio_blk.tkb:161@virtio_blk_timeout_first_snapshot;kernel/drivers/block/virtio_blk.tkb:313@virtio_blk_submit_owned	kernel/drivers/block/virtio_blk.tkb:313@virtio_blk_submit_owned	-	-
kernel/drivers/block/virtio_blk.tkb	3b1f1a75c454d69dc19eafe0168980c5c523275c304b8d415a1bd52f39a4f09d	157	virtio_blk_timeout_last	mutable	public	VirtioBlkTimeoutSnapshot	-	qemu,rpi5	kernel/drivers/block/virtio_blk.tkb:164@virtio_blk_timeout_last_snapshot;kernel/drivers/block/virtio_blk.tkb:314@virtio_blk_submit_owned	kernel/drivers/block/virtio_blk.tkb:314@virtio_blk_submit_owned	-	-
kernel/drivers/net/rp1_gem.tkb	4c71c22f56ace727afda973cd47a64e90e0dec6d6bec5dbaa998f0d768de6efe	51	gem_rx_desc	mutable	private	[u32; 16] align(64)	-	rpi5	kernel/drivers/net/rp1_gem.tkb:160@gem_rearm_rx;kernel/drivers/net/rp1_gem.tkb:161@gem_rearm_rx;kernel/drivers/net/rp1_gem.tkb:229@net_init;kernel/drivers/net/rp1_gem.tkb:234@net_init;kernel/drivers/net/rp1_gem.tkb:235@net_init;kernel/drivers/net/rp1_gem.tkb:236@net_init;kernel/drivers/net/rp1_gem.tkb:237@net_init;kernel/drivers/net/rp1_gem.tkb:247@net_init;kernel/drivers/net/rp1_gem.tkb:281@kernel_net_rx_frame_pending;kernel/drivers/net/rp1_gem.tkb:282@kernel_net_rx_frame_pending;kernel/drivers/net/rp1_gem.tkb:299@net_rx_wait;kernel/drivers/net/rp1_gem.tkb:300@net_rx_wait;kernel/drivers/net/rp1_gem.tkb:310@net_rx_acquire;kernel/drivers/net/rp1_gem.tkb:311@net_rx_acquire;kernel/drivers/net/rp1_gem.tkb:314@net_rx_acquire	kernel/drivers/net/rp1_gem.tkb:160@gem_rearm_rx;kernel/drivers/net/rp1_gem.tkb:234@net_init;kernel/drivers/net/rp1_gem.tkb:235@net_init;kernel/drivers/net/rp1_gem.tkb:236@net_init;kernel/drivers/net/rp1_gem.tkb:237@net_init	-	-
kernel/drivers/net/rp1_gem.tkb	4c71c22f56ace727afda973cd47a64e90e0dec6d6bec5dbaa998f0d768de6efe	52	gem_tx_desc	mutable	private	[u32; 16] align(64)	-	rpi5	kernel/drivers/net/rp1_gem.tkb:231@net_init;kernel/drivers/net/rp1_gem.tkb:238@net_init;kernel/drivers/net/rp1_gem.tkb:239@net_init;kernel/drivers/net/rp1_gem.tkb:240@net_init;kernel/drivers/net/rp1_gem.tkb:241@net_init;kernel/drivers/net/rp1_gem.tkb:242@net_init;kernel/drivers/net/rp1_gem.tkb:243@net_init;kernel/drivers/net/rp1_gem.tkb:244@net_init;kernel/drivers/net/rp1_gem.tkb:245@net_init;kernel/drivers/net/rp1_gem.tkb:248@net_init;kernel/drivers/net/rp1_gem.tkb:352@net_transmit;kernel/drivers/net/rp1_gem.tkb:357@net_transmit;kernel/drivers/net/rp1_gem.tkb:358@net_transmit;kernel/drivers/net/rp1_gem.tkb:359@net_transmit;kernel/drivers/net/rp1_gem.tkb:360@net_transmit;kernel/drivers/net/rp1_gem.tkb:363@net_transmit;kernel/drivers/net/rp1_gem.tkb:364@net_transmit;kernel/drivers/net/rp1_gem.tkb:365@net_transmit;kernel/drivers/net/rp1_gem.tkb:366@net_transmit;kernel/drivers/net/rp1_gem.tkb:370@net_transmit;kernel/drivers/net/rp1_gem.tkb:381@gem_tx_slot_done;kernel/drivers/net/rp1_gem.tkb:382@gem_tx_slot_done;kernel/drivers/net/rp1_gem.tkb:383@gem_tx_slot_done;kernel/drivers/net/rp1_gem.tkb:410@net_transmit_ready;kernel/drivers/net/rp1_gem.tkb:411@net_transmit_ready;kernel/drivers/net/rp1_gem.tkb:412@net_transmit_ready;kernel/drivers/net/rp1_gem.tkb:413@net_transmit_ready;kernel/drivers/net/rp1_gem.tkb:416@net_transmit_ready;kernel/drivers/net/rp1_gem.tkb:417@net_transmit_ready;kernel/drivers/net/rp1_gem.tkb:418@net_transmit_ready;kernel/drivers/net/rp1_gem.tkb:419@net_transmit_ready;kernel/drivers/net/rp1_gem.tkb:423@net_transmit_ready	kernel/drivers/net/rp1_gem.tkb:238@net_init;kernel/drivers/net/rp1_gem.tkb:239@net_init;kernel/drivers/net/rp1_gem.tkb:240@net_init;kernel/drivers/net/rp1_gem.tkb:241@net_init;kernel/drivers/net/rp1_gem.tkb:242@net_init;kernel/drivers/net/rp1_gem.tkb:243@net_init;kernel/drivers/net/rp1_gem.tkb:244@net_init;kernel/drivers/net/rp1_gem.tkb:245@net_init;kernel/drivers/net/rp1_gem.tkb:357@net_transmit;kernel/drivers/net/rp1_gem.tkb:358@net_transmit;kernel/drivers/net/rp1_gem.tkb:359@net_transmit;kernel/drivers/net/rp1_gem.tkb:360@net_transmit;kernel/drivers/net/rp1_gem.tkb:363@net_transmit;kernel/drivers/net/rp1_gem.tkb:364@net_transmit;kernel/drivers/net/rp1_gem.tkb:365@net_transmit;kernel/drivers/net/rp1_gem.tkb:366@net_transmit;kernel/drivers/net/rp1_gem.tkb:410@net_transmit_ready;kernel/drivers/net/rp1_gem.tkb:411@net_transmit_ready;kernel/drivers/net/rp1_gem.tkb:412@net_transmit_ready;kernel/drivers/net/rp1_gem.tkb:413@net_transmit_ready;kernel/drivers/net/rp1_gem.tkb:416@net_transmit_ready;kernel/drivers/net/rp1_gem.tkb:417@net_transmit_ready;kernel/drivers/net/rp1_gem.tkb:418@net_transmit_ready;kernel/drivers/net/rp1_gem.tkb:419@net_transmit_ready	-	-
kernel/drivers/net/rp1_gem.tkb	4c71c22f56ace727afda973cd47a64e90e0dec6d6bec5dbaa998f0d768de6efe	53	gem_rx_buf	mutable	public	[u8; 2048] align(64)	-	rpi5	kernel/drivers/net/rp1_gem.tkb:159@gem_rearm_rx;kernel/drivers/net/rp1_gem.tkb:227@net_init;kernel/drivers/net/rp1_gem.tkb:246@net_init;kernel/drivers/net/rp1_gem.tkb:315@net_rx_acquire;kernel/drivers/net/rp1_gem.tkb:330@net_rx_frame;kernel/drivers/net/rp1_gem.tkb:353@net_transmit	-	-	-
kernel/drivers/net/rp1_gem.tkb	4c71c22f56ace727afda973cd47a64e90e0dec6d6bec5dbaa998f0d768de6efe	54	gem_tx_buf	mutable	public	[u8; 1536] align(64)	-	rpi5	kernel/drivers/net/rp1_gem.tkb:350@net_transmit;kernel/drivers/net/rp1_gem.tkb:353@net_transmit;kernel/drivers/net/rp1_gem.tkb:354@net_transmit;kernel/drivers/net/rp1_gem.tkb:404@net_transmit_ready;kernel/drivers/net/rp1_gem.tkb:406@net_transmit_ready;kernel/drivers/net/rp1_gem.tkb:407@net_transmit_ready	-	-	-
kernel/drivers/net/rp1_gem.tkb	4c71c22f56ace727afda973cd47a64e90e0dec6d6bec5dbaa998f0d768de6efe	55	net_init_once	mutable	private	InitOnce	-	rpi5	kernel/drivers/net/rp1_gem.tkb:182@net_init;kernel/drivers/net/rp1_gem.tkb:200@net_init;kernel/drivers/net/rp1_gem.tkb:213@net_init;kernel/drivers/net/rp1_gem.tkb:217@net_init;kernel/drivers/net/rp1_gem.tkb:272@net_init	-	kernel/drivers/net/rp1_gem.tkb:182@net_init;kernel/drivers/net/rp1_gem.tkb:200@net_init;kernel/drivers/net/rp1_gem.tkb:213@net_init;kernel/drivers/net/rp1_gem.tkb:217@net_init;kernel/drivers/net/rp1_gem.tkb:272@net_init	-
kernel/drivers/net/rp1_gem.tkb	4c71c22f56ace727afda973cd47a64e90e0dec6d6bec5dbaa998f0d768de6efe	56	rp1_gem_net_ready	mutable	private	bool	false	rpi5	kernel/drivers/net/rp1_gem.tkb:271@net_init;kernel/drivers/net/rp1_gem.tkb:280@kernel_net_rx_frame_pending	kernel/drivers/net/rp1_gem.tkb:271@net_init	-	-
kernel/drivers/net/rp1_gem.tkb	4c71c22f56ace727afda973cd47a64e90e0dec6d6bec5dbaa998f0d768de6efe	57	gem_tx_next	mutable	public	i32	0	rpi5	kernel/drivers/net/rp1_gem.tkb:356@net_transmit;kernel/drivers/net/rp1_gem.tkb:361@net_transmit;kernel/drivers/net/rp1_gem.tkb:367@net_transmit;kernel/drivers/net/rp1_gem.tkb:409@net_transmit_ready;kernel/drivers/net/rp1_gem.tkb:414@net_transmit_ready;kernel/drivers/net/rp1_gem.tkb:420@net_transmit_ready	kernel/drivers/net/rp1_gem.tkb:361@net_transmit;kernel/drivers/net/rp1_gem.tkb:367@net_transmit;kernel/drivers/net/rp1_gem.tkb:414@net_transmit_ready;kernel/drivers/net/rp1_gem.tkb:420@net_transmit_ready	-	-
kernel/drivers/net/rp1_gem.tkb	4c71c22f56ace727afda973cd47a64e90e0dec6d6bec5dbaa998f0d768de6efe	58	rp1_gem_base	mutable	public	usize	RP1_GEM_BASE	rpi5	kernel/drivers/net/rp1_gem.tkb:66@gem_read;kernel/drivers/net/rp1_gem.tkb:71@gem_write;kernel/platform/rpi5/rp1_gem_dtb.tkb:68@rpi5_gem_apply_boot_dtb;kernel/platform/rpi5/rp1_gem_dtb.tkb:75@rpi5_gem_apply_boot_dtb;kernel/platform/rpi5/rp1_gem_dtb.tkb:84@rpi5_gem_boot_dtb_status	kernel/platform/rpi5/rp1_gem_dtb.tkb:68@rpi5_gem_apply_boot_dtb	-	kernel/platform/rpi5/rp1_gem_dtb.tkb:68@rpi5_gem_apply_boot_dtb;kernel/platform/rpi5/rp1_gem_dtb.tkb:75@rpi5_gem_apply_boot_dtb;kernel/platform/rpi5/rp1_gem_dtb.tkb:84@rpi5_gem_boot_dtb_status
kernel/drivers/net/rp1_gem.tkb	4c71c22f56ace727afda973cd47a64e90e0dec6d6bec5dbaa998f0d768de6efe	59	rp1_clocks_base	mutable	public	usize	RP1_CLOCKS_BASE	rpi5	kernel/drivers/net/rp1_gem.tkb:193@net_init;kernel/platform/rpi5/rp1_gem_dtb.tkb:69@rpi5_gem_apply_boot_dtb;kernel/platform/rpi5/rp1_gem_dtb.tkb:75@rpi5_gem_apply_boot_dtb;kernel/platform/rpi5/rp1_gem_dtb.tkb:84@rpi5_gem_boot_dtb_status	kernel/platform/rpi5/rp1_gem_dtb.tkb:69@rpi5_gem_apply_boot_dtb	-	kernel/platform/rpi5/rp1_gem_dtb.tkb:69@rpi5_gem_apply_boot_dtb;kernel/platform/rpi5/rp1_gem_dtb.tkb:75@rpi5_gem_apply_boot_dtb;kernel/platform/rpi5/rp1_gem_dtb.tkb:84@rpi5_gem_boot_dtb_status
kernel/drivers/net/rp1_gem.tkb	4c71c22f56ace727afda973cd47a64e90e0dec6d6bec5dbaa998f0d768de6efe	60	rp1_gpio_ctrl_base	mutable	public	usize	RP1_GPIO_CTRL_BASE	rpi5	kernel/drivers/net/rp1_gem.tkb:100@gem_phy_reset;kernel/platform/rpi5/rp1_gem_dtb.tkb:70@rpi5_gem_apply_boot_dtb;kernel/platform/rpi5/rp1_gem_dtb.tkb:75@rpi5_gem_apply_boot_dtb;kernel/platform/rpi5/rp1_gem_dtb.tkb:84@rpi5_gem_boot_dtb_status	kernel/platform/rpi5/rp1_gem_dtb.tkb:70@rpi5_gem_apply_boot_dtb	-	kernel/platform/rpi5/rp1_gem_dtb.tkb:70@rpi5_gem_apply_boot_dtb;kernel/platform/rpi5/rp1_gem_dtb.tkb:75@rpi5_gem_apply_boot_dtb;kernel/platform/rpi5/rp1_gem_dtb.tkb:84@rpi5_gem_boot_dtb_status
kernel/drivers/net/rp1_gem.tkb	4c71c22f56ace727afda973cd47a64e90e0dec6d6bec5dbaa998f0d768de6efe	61	rp1_gpio_rio_base	mutable	public	usize	RP1_GPIO_RIO_BASE	rpi5	kernel/drivers/net/rp1_gem.tkb:103@gem_phy_reset;kernel/drivers/net/rp1_gem.tkb:106@gem_phy_reset;kernel/drivers/net/rp1_gem.tkb:109@gem_phy_reset;kernel/platform/rpi5/rp1_gem_dtb.tkb:71@rpi5_gem_apply_boot_dtb;kernel/platform/rpi5/rp1_gem_dtb.tkb:76@rpi5_gem_apply_boot_dtb;kernel/platform/rpi5/rp1_gem_dtb.tkb:85@rpi5_gem_boot_dtb_status	kernel/platform/rpi5/rp1_gem_dtb.tkb:71@rpi5_gem_apply_boot_dtb	-	kernel/platform/rpi5/rp1_gem_dtb.tkb:71@rpi5_gem_apply_boot_dtb;kernel/platform/rpi5/rp1_gem_dtb.tkb:76@rpi5_gem_apply_boot_dtb;kernel/platform/rpi5/rp1_gem_dtb.tkb:85@rpi5_gem_boot_dtb_status
kernel/drivers/net/rp1_gem.tkb	4c71c22f56ace727afda973cd47a64e90e0dec6d6bec5dbaa998f0d768de6efe	62	rp1_gpio_pads_base	mutable	public	usize	RP1_GPIO_PADS_BASE	rpi5	kernel/drivers/net/rp1_gem.tkb:112@gem_phy_reset;kernel/platform/rpi5/rp1_gem_dtb.tkb:72@rpi5_gem_apply_boot_dtb;kernel/platform/rpi5/rp1_gem_dtb.tkb:76@rpi5_gem_apply_boot_dtb;kernel/platform/rpi5/rp1_gem_dtb.tkb:85@rpi5_gem_boot_dtb_status	kernel/platform/rpi5/rp1_gem_dtb.tkb:72@rpi5_gem_apply_boot_dtb	-	kernel/platform/rpi5/rp1_gem_dtb.tkb:72@rpi5_gem_apply_boot_dtb;kernel/platform/rpi5/rp1_gem_dtb.tkb:76@rpi5_gem_apply_boot_dtb;kernel/platform/rpi5/rp1_gem_dtb.tkb:85@rpi5_gem_boot_dtb_status
kernel/drivers/net/rp1_gem.tkb	4c71c22f56ace727afda973cd47a64e90e0dec6d6bec5dbaa998f0d768de6efe	63	rp1_gem_dtb_status	mutable	public	usize	-	rpi5	kernel/platform/rpi5/rp1_gem_dtb.tkb:14@rpi5_gem_apply_boot_dtb;kernel/platform/rpi5/rp1_gem_dtb.tkb:18@rpi5_gem_apply_boot_dtb;kernel/platform/rpi5/rp1_gem_dtb.tkb:23@rpi5_gem_apply_boot_dtb;kernel/platform/rpi5/rp1_gem_dtb.tkb:33@rpi5_gem_apply_boot_dtb;kernel/platform/rpi5/rp1_gem_dtb.tkb:37@rpi5_gem_apply_boot_dtb;kernel/platform/rpi5/rp1_gem_dtb.tkb:42@rpi5_gem_apply_boot_dtb;kernel/platform/rpi5/rp1_gem_dtb.tkb:52@rpi5_gem_apply_boot_dtb;kernel/platform/rpi5/rp1_gem_dtb.tkb:56@rpi5_gem_apply_boot_dtb;kernel/platform/rpi5/rp1_gem_dtb.tkb:65@rpi5_gem_apply_boot_dtb;kernel/platform/rpi5/rp1_gem_dtb.tkb:73@rpi5_gem_apply_boot_dtb;kernel/platform/rpi5/rp1_gem_dtb.tkb:82@rpi5_gem_boot_dtb_status;kernel/platform/rpi5/rp1_gem_dtb.tkb:87@rpi5_gem_boot_dtb_status	kernel/platform/rpi5/rp1_gem_dtb.tkb:14@rpi5_gem_apply_boot_dtb;kernel/platform/rpi5/rp1_gem_dtb.tkb:18@rpi5_gem_apply_boot_dtb;kernel/platform/rpi5/rp1_gem_dtb.tkb:23@rpi5_gem_apply_boot_dtb;kernel/platform/rpi5/rp1_gem_dtb.tkb:33@rpi5_gem_apply_boot_dtb;kernel/platform/rpi5/rp1_gem_dtb.tkb:37@rpi5_gem_apply_boot_dtb;kernel/platform/rpi5/rp1_gem_dtb.tkb:42@rpi5_gem_apply_boot_dtb;kernel/platform/rpi5/rp1_gem_dtb.tkb:52@rpi5_gem_apply_boot_dtb;kernel/platform/rpi5/rp1_gem_dtb.tkb:56@rpi5_gem_apply_boot_dtb;kernel/platform/rpi5/rp1_gem_dtb.tkb:65@rpi5_gem_apply_boot_dtb;kernel/platform/rpi5/rp1_gem_dtb.tkb:73@rpi5_gem_apply_boot_dtb	-	kernel/platform/rpi5/rp1_gem_dtb.tkb:14@rpi5_gem_apply_boot_dtb;kernel/platform/rpi5/rp1_gem_dtb.tkb:18@rpi5_gem_apply_boot_dtb;kernel/platform/rpi5/rp1_gem_dtb.tkb:23@rpi5_gem_apply_boot_dtb;kernel/platform/rpi5/rp1_gem_dtb.tkb:33@rpi5_gem_apply_boot_dtb;kernel/platform/rpi5/rp1_gem_dtb.tkb:37@rpi5_gem_apply_boot_dtb;kernel/platform/rpi5/rp1_gem_dtb.tkb:42@rpi5_gem_apply_boot_dtb;kernel/platform/rpi5/rp1_gem_dtb.tkb:52@rpi5_gem_apply_boot_dtb;kernel/platform/rpi5/rp1_gem_dtb.tkb:56@rpi5_gem_apply_boot_dtb;kernel/platform/rpi5/rp1_gem_dtb.tkb:65@rpi5_gem_apply_boot_dtb;kernel/platform/rpi5/rp1_gem_dtb.tkb:73@rpi5_gem_apply_boot_dtb;kernel/platform/rpi5/rp1_gem_dtb.tkb:82@rpi5_gem_boot_dtb_status;kernel/platform/rpi5/rp1_gem_dtb.tkb:87@rpi5_gem_boot_dtb_status
kernel/drivers/net/virtio_net.tkb	bace59a9e77e2d0b01a73e6c5758d2dbf0608f3bc74f7e1bf1e98d3e0e8cda74	121	virtio_base	mutable	public	i32	0	qemu	kernel/drivers/net/virtio_net.tkb:162@vreg;kernel/drivers/net/virtio_net.tkb:166@virtio_net_find;kernel/drivers/net/virtio_net.tkb:459@net_read_mac;kernel/platform/qemu/init.tkb:179@main;kernel/platform/qemu/uart.tkb:178@qemu_virtio_apply_boot_dtb	kernel/platform/qemu/uart.tkb:178@qemu_virtio_apply_boot_dtb	-	kernel/platform/qemu/init.tkb:179@main;kernel/platform/qemu/uart.tkb:178@qemu_virtio_apply_boot_dtb
kernel/drivers/net/virtio_net.tkb	bace59a9e77e2d0b01a73e6c5758d2dbf0608f3bc74f7e1bf1e98d3e0e8cda74	125	virtio_net_gic_intid	mutable	public	i32	-1	qemu	kernel/drivers/net/virtio_net.tkb:166@virtio_net_find;kernel/drivers/net/virtio_net.tkb:178@virtio_net_gic_enable;kernel/drivers/net/virtio_net.tkb:179@virtio_net_gic_enable;kernel/drivers/net/virtio_net.tkb:189@virtio_net_gic_enable;kernel/platform/qemu/init.tkb:181@main;kernel/platform/qemu/intc.tkb:181@platform_irq_dispatch_inner;kernel/platform/qemu/uart.tkb:179@qemu_virtio_apply_boot_dtb	kernel/platform/qemu/uart.tkb:179@qemu_virtio_apply_boot_dtb	kernel/drivers/net/virtio_net.tkb:166@virtio_net_find;kernel/platform/qemu/intc.tkb:181@platform_irq_dispatch_inner	kernel/platform/qemu/init.tkb:181@main;kernel/platform/qemu/intc.tkb:181@platform_irq_dispatch_inner;kernel/platform/qemu/uart.tkb:179@qemu_virtio_apply_boot_dtb
kernel/drivers/net/virtio_net.tkb	bace59a9e77e2d0b01a73e6c5758d2dbf0608f3bc74f7e1bf1e98d3e0e8cda74	126	net_init_once	mutable	private	InitOnce	-	qemu	kernel/drivers/net/virtio_net.tkb:271@net_init;kernel/drivers/net/virtio_net.tkb:276@net_init;kernel/drivers/net/virtio_net.tkb:300@net_init	-	kernel/drivers/net/virtio_net.tkb:271@net_init;kernel/drivers/net/virtio_net.tkb:276@net_init;kernel/drivers/net/virtio_net.tkb:300@net_init	-
kernel/drivers/net/virtio_net.tkb	bace59a9e77e2d0b01a73e6c5758d2dbf0608f3bc74f7e1bf1e98d3e0e8cda74	127	virtio_rx_irq_flag	mutable	public	io u32	-	qemu	kernel/drivers/net/virtio_net.tkb:200@virtio_net_irq_handler;kernel/drivers/net/virtio_net.tkb:280@net_init;kernel/drivers/net/virtio_net.tkb:330@net_rx_wait;kernel/drivers/net/virtio_net.tkb:335@net_rx_acquire;kernel/drivers/net/virtio_net.tkb:338@net_rx_acquire;kernel/drivers/net/virtio_net.tkb:342@net_rx_acquire	kernel/drivers/net/virtio_net.tkb:200@virtio_net_irq_handler;kernel/drivers/net/virtio_net.tkb:280@net_init;kernel/drivers/net/virtio_net.tkb:338@net_rx_acquire;kernel/drivers/net/virtio_net.tkb:342@net_rx_acquire	-	-
kernel/drivers/net/virtio_net.tkb	bace59a9e77e2d0b01a73e6c5758d2dbf0608f3bc74f7e1bf1e98d3e0e8cda74	128	virtio_tx_irq_flag	mutable	public	io u32	-	qemu	kernel/drivers/net/virtio_net.tkb:201@virtio_net_irq_handler;kernel/drivers/net/virtio_net.tkb:281@net_init;kernel/drivers/net/virtio_net.tkb:398@net_transmit;kernel/drivers/net/virtio_net.tkb:406@net_tx_complete;kernel/drivers/net/virtio_net.tkb:408@net_tx_complete;kernel/drivers/net/virtio_net.tkb:442@net_transmit_ready;kernel/drivers/net/virtio_net.tkb:445@net_transmit_ready;kernel/drivers/net/virtio_net.tkb:447@net_transmit_ready	kernel/drivers/net/virtio_net.tkb:201@virtio_net_irq_handler;kernel/drivers/net/virtio_net.tkb:281@net_init;kernel/drivers/net/virtio_net.tkb:398@net_transmit;kernel/drivers/net/virtio_net.tkb:406@net_tx_complete;kernel/drivers/net/virtio_net.tkb:442@net_transmit_ready;kernel/drivers/net/virtio_net.tkb:445@net_transmit_ready	-	-
kernel/drivers/net/virtio_net.tkb	bace59a9e77e2d0b01a73e6c5758d2dbf0608f3bc74f7e1bf1e98d3e0e8cda74	129	virtio_net_ready	mutable	private	bool	false	qemu	kernel/drivers/net/virtio_net.tkb:299@net_init;kernel/drivers/net/virtio_net.tkb:308@kernel_net_rx_frame_pending	kernel/drivers/net/virtio_net.tkb:299@net_init	-	-
kernel/drivers/net/virtio_net.tkb	bace59a9e77e2d0b01a73e6c5758d2dbf0608f3bc74f7e1bf1e98d3e0e8cda74	135	rx_queue_mem	mutable	public	[u8; 2 * VIRTIO_PAGE_SIZE] align(4096)	-	qemu	kernel/drivers/net/virtio_net.tkb:285@net_init;kernel/drivers/net/virtio_net.tkb:292@net_init;kernel/drivers/net/virtio_net.tkb:293@net_init;kernel/drivers/net/virtio_net.tkb:296@net_init;kernel/drivers/net/virtio_net.tkb:310@kernel_net_rx_frame_pending;kernel/drivers/net/virtio_net.tkb:339@net_rx_acquire;kernel/drivers/net/virtio_net.tkb:346@net_rx_acquire;kernel/drivers/net/virtio_net.tkb:347@net_rx_acquire;kernel/drivers/net/virtio_net.tkb:365@net_rx_repost;kernel/drivers/net/virtio_net.tkb:367@net_rx_repost	-	-	-
kernel/drivers/net/virtio_net.tkb	bace59a9e77e2d0b01a73e6c5758d2dbf0608f3bc74f7e1bf1e98d3e0e8cda74	136	tx_queue_mem	mutable	public	[u8; 2 * VIRTIO_PAGE_SIZE] align(4096)	-	qemu	kernel/drivers/net/virtio_net.tkb:286@net_init;kernel/drivers/net/virtio_net.tkb:393@net_transmit;kernel/drivers/net/virtio_net.tkb:395@net_transmit;kernel/drivers/net/virtio_net.tkb:397@net_transmit;kernel/drivers/net/virtio_net.tkb:405@net_tx_complete;kernel/drivers/net/virtio_net.tkb:407@net_tx_complete;kernel/drivers/net/virtio_net.tkb:437@net_transmit_ready;kernel/drivers/net/virtio_net.tkb:439@net_transmit_ready;kernel/drivers/net/virtio_net.tkb:441@net_transmit_ready;kernel/drivers/net/virtio_net.tkb:444@net_transmit_ready;kernel/drivers/net/virtio_net.tkb:446@net_transmit_ready	-	-	-
kernel/drivers/net/virtio_net.tkb	bace59a9e77e2d0b01a73e6c5758d2dbf0608f3bc74f7e1bf1e98d3e0e8cda74	137	rx_bufs	mutable	public	[u8; QNUM * RX_BUF_SIZE]	-	qemu	kernel/drivers/net/virtio_net.tkb:291@net_init;kernel/drivers/net/virtio_net.tkb:360@net_rx_frame;kernel/drivers/net/virtio_net.tkb:392@net_transmit	-	-	-
kernel/drivers/net/virtio_net.tkb	bace59a9e77e2d0b01a73e6c5758d2dbf0608f3bc74f7e1bf1e98d3e0e8cda74	147	tx_ready_buf	mutable	public	[u8; VIRTIO_NET_HDR_LEN + 1514] align(4096)	-	qemu	kernel/drivers/net/virtio_net.tkb:432@net_transmit_ready;kernel/drivers/net/virtio_net.tkb:435@net_transmit_ready;kernel/drivers/net/virtio_net.tkb:436@net_transmit_ready	-	-	-
kernel/drivers/net/virtio_net.tkb	bace59a9e77e2d0b01a73e6c5758d2dbf0608f3bc74f7e1bf1e98d3e0e8cda74	152	rx_used_seen	mutable	public	VirtioRingIndex	VirtioRingIndex::Zero	qemu	kernel/drivers/net/virtio_net.tkb:310@kernel_net_rx_frame_pending;kernel/drivers/net/virtio_net.tkb:339@net_rx_acquire;kernel/drivers/net/virtio_net.tkb:344@net_rx_acquire;kernel/drivers/net/virtio_net.tkb:369@net_rx_repost	kernel/drivers/net/virtio_net.tkb:369@net_rx_repost	-	-
kernel/drivers/net/virtio_net.tkb	bace59a9e77e2d0b01a73e6c5758d2dbf0608f3bc74f7e1bf1e98d3e0e8cda74	154	tx_used_seen	mutable	public	VirtioRingIndex	VirtioRingIndex::Zero	qemu	kernel/drivers/net/virtio_net.tkb:405@net_tx_complete;kernel/drivers/net/virtio_net.tkb:407@net_tx_complete;kernel/drivers/net/virtio_net.tkb:414@net_tx_complete;kernel/drivers/net/virtio_net.tkb:444@net_transmit_ready;kernel/drivers/net/virtio_net.tkb:446@net_transmit_ready;kernel/drivers/net/virtio_net.tkb:453@net_transmit_ready	kernel/drivers/net/virtio_net.tkb:414@net_tx_complete;kernel/drivers/net/virtio_net.tkb:453@net_transmit_ready	-	-
kernel/drivers/net/virtio_net.tkb	bace59a9e77e2d0b01a73e6c5758d2dbf0608f3bc74f7e1bf1e98d3e0e8cda74	156	rx_avail_idx	mutable	public	VirtioRingIndex	VirtioRingIndex::Zero	qemu	kernel/drivers/net/virtio_net.tkb:295@net_init;kernel/drivers/net/virtio_net.tkb:296@net_init;kernel/drivers/net/virtio_net.tkb:364@net_rx_repost;kernel/drivers/net/virtio_net.tkb:366@net_rx_repost;kernel/drivers/net/virtio_net.tkb:367@net_rx_repost	kernel/drivers/net/virtio_net.tkb:295@net_init;kernel/drivers/net/virtio_net.tkb:366@net_rx_repost	-	-
kernel/drivers/net/virtio_net.tkb	bace59a9e77e2d0b01a73e6c5758d2dbf0608f3bc74f7e1bf1e98d3e0e8cda74	158	tx_avail_idx	mutable	public	VirtioRingIndex	VirtioRingIndex::Zero	qemu	kernel/drivers/net/virtio_net.tkb:396@net_transmit;kernel/drivers/net/virtio_net.tkb:397@net_transmit;kernel/drivers/net/virtio_net.tkb:440@net_transmit_ready;kernel/drivers/net/virtio_net.tkb:441@net_transmit_ready	kernel/drivers/net/virtio_net.tkb:396@net_transmit;kernel/drivers/net/virtio_net.tkb:440@net_transmit_ready	-	-
kernel/drivers/serial/terminal.tkb	0c2f42e627aad4239e26dac1bb55d7f7f342589928b997b08b29aaa0d664dcb3	21	terminal_settings	mutable	private	[u8; TERMINAL_TERMIOS_BYTES]	-	qemu,rpi5	kernel/drivers/serial/terminal.tkb:31@terminal_store_word;kernel/drivers/serial/terminal.tkb:50@terminal_initialize;kernel/drivers/serial/terminal.tkb:56@terminal_initialize;kernel/drivers/serial/terminal.tkb:57@terminal_initialize;kernel/drivers/serial/terminal.tkb:58@terminal_initialize;kernel/drivers/serial/terminal.tkb:59@terminal_initialize;kernel/drivers/serial/terminal.tkb:60@terminal_initialize;kernel/drivers/serial/terminal.tkb:61@terminal_initialize;kernel/drivers/serial/terminal.tkb:62@terminal_initialize;kernel/drivers/serial/terminal.tkb:63@terminal_initialize;kernel/drivers/serial/terminal.tkb:64@terminal_initialize;kernel/drivers/serial/terminal.tkb:65@terminal_initialize;kernel/drivers/serial/terminal.tkb:66@terminal_initialize;kernel/drivers/serial/terminal.tkb:67@terminal_initialize;kernel/drivers/serial/terminal.tkb:73@terminal_settings_byte;kernel/drivers/serial/terminal.tkb:102@terminal_settings_apply;kernel/drivers/serial/terminal.tkb:115@terminal_local_flags;kernel/drivers/serial/terminal.tkb:124@terminal_output_flags;kernel/drivers/serial/terminal.tkb:153@terminal_input_flow_enabled;kernel/drivers/serial/terminal.tkb:159@terminal_control_byte;kernel/drivers/serial/terminal.tkb:211@terminal_input_decode	kernel/drivers/serial/terminal.tkb:31@terminal_store_word;kernel/drivers/serial/terminal.tkb:50@terminal_initialize;kernel/drivers/serial/terminal.tkb:56@terminal_initialize;kernel/drivers/serial/terminal.tkb:57@terminal_initialize;kernel/drivers/serial/terminal.tkb:58@terminal_initialize;kernel/drivers/serial/terminal.tkb:59@terminal_initialize;kernel/drivers/serial/terminal.tkb:60@terminal_initialize;kernel/drivers/serial/terminal.tkb:61@terminal_initialize;kernel/drivers/serial/terminal.tkb:62@terminal_initialize;kernel/drivers/serial/terminal.tkb:63@terminal_initialize;kernel/drivers/serial/terminal.tkb:64@terminal_initialize;kernel/drivers/serial/terminal.tkb:65@terminal_initialize;kernel/drivers/serial/terminal.tkb:66@terminal_initialize;kernel/drivers/serial/terminal.tkb:67@terminal_initialize;kernel/drivers/serial/terminal.tkb:102@terminal_settings_apply	-	-
kernel/drivers/serial/terminal.tkb	0c2f42e627aad4239e26dac1bb55d7f7f342589928b997b08b29aaa0d664dcb3	22	terminal_settings_initialized	mutable	private	bool	-	qemu,rpi5	kernel/drivers/serial/terminal.tkb:48@terminal_initialize;kernel/drivers/serial/terminal.tkb:68@terminal_initialize;kernel/drivers/serial/terminal.tkb:104@terminal_settings_apply	kernel/drivers/serial/terminal.tkb:68@terminal_initialize;kernel/drivers/serial/terminal.tkb:104@terminal_settings_apply	-	-
kernel/drivers/serial/terminal.tkb	0c2f42e627aad4239e26dac1bb55d7f7f342589928b997b08b29aaa0d664dcb3	23	terminal_literal_next	mutable	private	bool	-	qemu,rpi5	kernel/drivers/serial/terminal.tkb:105@terminal_settings_apply;kernel/drivers/serial/terminal.tkb:206@terminal_input_decode;kernel/drivers/serial/terminal.tkb:207@terminal_input_decode;kernel/drivers/serial/terminal.tkb:233@terminal_input_decode;kernel/drivers/serial/terminal.tkb:251@terminal_input_cancel_literal	kernel/drivers/serial/terminal.tkb:105@terminal_settings_apply;kernel/drivers/serial/terminal.tkb:207@terminal_input_decode;kernel/drivers/serial/terminal.tkb:233@terminal_input_decode;kernel/drivers/serial/terminal.tkb:251@terminal_input_cancel_literal	-	-
kernel/drivers/serial/terminal.tkb	0c2f42e627aad4239e26dac1bb55d7f7f342589928b997b08b29aaa0d664dcb3	26	terminal_output_stop_word	mutable	private	AtomicWord	-	qemu,rpi5	kernel/drivers/serial/terminal.tkb:130@terminal_output_pause;kernel/drivers/serial/terminal.tkb:134@terminal_output_paused	-	kernel/drivers/serial/terminal.tkb:130@terminal_output_pause;kernel/drivers/serial/terminal.tkb:134@terminal_output_paused	-
kernel/drivers/serial/terminal.tkb	0c2f42e627aad4239e26dac1bb55d7f7f342589928b997b08b29aaa0d664dcb3	27	terminal_input_stop_word	mutable	private	AtomicWord	-	qemu,rpi5	kernel/drivers/serial/terminal.tkb:108@terminal_settings_apply;kernel/drivers/serial/terminal.tkb:139@terminal_input_flow_requested;kernel/drivers/serial/terminal.tkb:145@terminal_input_flow_update;kernel/drivers/serial/terminal.tkb:147@terminal_input_flow_update	-	kernel/drivers/serial/terminal.tkb:108@terminal_settings_apply;kernel/drivers/serial/terminal.tkb:139@terminal_input_flow_requested;kernel/drivers/serial/terminal.tkb:145@terminal_input_flow_update;kernel/drivers/serial/terminal.tkb:147@terminal_input_flow_update	-
kernel/drivers/serial/terminal_echo.tkb	7429a1c460e76c67d4048be0f0a4b0f1f57f2667585f383e0a9ecbaa9d366857	12	terminal_echo_operations	mutable	private	[u32; TERMINAL_ECHO_OPERATIONS]	-	qemu,rpi5	kernel/drivers/serial/terminal_echo.tkb:59@terminal_echo_push;kernel/drivers/serial/terminal_echo.tkb:75@terminal_echo_read;kernel/drivers/serial/terminal_echo.tkb:101@terminal_echo_read	kernel/drivers/serial/terminal_echo.tkb:59@terminal_echo_push;kernel/drivers/serial/terminal_echo.tkb:101@terminal_echo_read	-	-
kernel/drivers/serial/terminal_echo.tkb	7429a1c460e76c67d4048be0f0a4b0f1f57f2667585f383e0a9ecbaa9d366857	13	terminal_echo_head	mutable	private	usize	-	qemu,rpi5	kernel/drivers/serial/terminal_echo.tkb:23@terminal_echo_reset;kernel/drivers/serial/terminal_echo.tkb:66@terminal_echo_retire;kernel/drivers/serial/terminal_echo.tkb:73@terminal_echo_read	kernel/drivers/serial/terminal_echo.tkb:23@terminal_echo_reset;kernel/drivers/serial/terminal_echo.tkb:66@terminal_echo_retire	-	-
kernel/drivers/serial/terminal_echo.tkb	7429a1c460e76c67d4048be0f0a4b0f1f57f2667585f383e0a9ecbaa9d366857	14	terminal_echo_tail	mutable	private	usize	-	qemu,rpi5	kernel/drivers/serial/terminal_echo.tkb:24@terminal_echo_reset;kernel/drivers/serial/terminal_echo.tkb:54@terminal_echo_push;kernel/drivers/serial/terminal_echo.tkb:60@terminal_echo_push	kernel/drivers/serial/terminal_echo.tkb:24@terminal_echo_reset;kernel/drivers/serial/terminal_echo.tkb:60@terminal_echo_push	-	-
kernel/drivers/serial/terminal_echo.tkb	7429a1c460e76c67d4048be0f0a4b0f1f57f2667585f383e0a9ecbaa9d366857	15	terminal_echo_count	mutable	private	usize	-	qemu,rpi5	kernel/drivers/serial/terminal_echo.tkb:19@terminal_echo_pending;kernel/drivers/serial/terminal_echo.tkb:25@terminal_echo_reset;kernel/drivers/serial/terminal_echo.tkb:56@terminal_echo_push;kernel/drivers/serial/terminal_echo.tkb:61@terminal_echo_push;kernel/drivers/serial/terminal_echo.tkb:67@terminal_echo_retire;kernel/drivers/serial/terminal_echo.tkb:72@terminal_echo_read	kernel/drivers/serial/terminal_echo.tkb:25@terminal_echo_reset;kernel/drivers/serial/terminal_echo.tkb:61@terminal_echo_push;kernel/drivers/serial/terminal_echo.tkb:67@terminal_echo_retire	-	-
kernel/drivers/serial/terminal_echo.tkb	7429a1c460e76c67d4048be0f0a4b0f1f57f2667585f383e0a9ecbaa9d366857	16	terminal_echo_phase	mutable	private	u8	-	qemu,rpi5	kernel/drivers/serial/terminal_echo.tkb:26@terminal_echo_reset;kernel/drivers/serial/terminal_echo.tkb:68@terminal_echo_retire;kernel/drivers/serial/terminal_echo.tkb:83@terminal_echo_read;kernel/drivers/serial/terminal_echo.tkb:84@terminal_echo_read;kernel/drivers/serial/terminal_echo.tkb:91@terminal_echo_read;kernel/drivers/serial/terminal_echo.tkb:92@terminal_echo_read;kernel/drivers/serial/terminal_echo.tkb:95@terminal_echo_read;kernel/drivers/serial/terminal_echo.tkb:96@terminal_echo_read;kernel/drivers/serial/terminal_echo.tkb:99@terminal_echo_read;kernel/drivers/serial/terminal_echo.tkb:105@terminal_echo_read;kernel/drivers/serial/terminal_echo.tkb:106@terminal_echo_read	kernel/drivers/serial/terminal_echo.tkb:26@terminal_echo_reset;kernel/drivers/serial/terminal_echo.tkb:68@terminal_echo_retire;kernel/drivers/serial/terminal_echo.tkb:84@terminal_echo_read;kernel/drivers/serial/terminal_echo.tkb:92@terminal_echo_read;kernel/drivers/serial/terminal_echo.tkb:96@terminal_echo_read;kernel/drivers/serial/terminal_echo.tkb:99@terminal_echo_read;kernel/drivers/serial/terminal_echo.tkb:106@terminal_echo_read	-	-
kernel/drivers/serial/terminal_echo.tkb	7429a1c460e76c67d4048be0f0a4b0f1f57f2667585f383e0a9ecbaa9d366857	17	terminal_echo_dropped	mutable	private	usize	-	qemu,rpi5	kernel/drivers/serial/terminal_echo.tkb:20@terminal_echo_drop_count;kernel/drivers/serial/terminal_echo.tkb:30@terminal_echo_full;kernel/drivers/serial/terminal_echo.tkb:31@terminal_echo_full	kernel/drivers/serial/terminal_echo.tkb:31@terminal_echo_full	-	-
kernel/drivers/serial/uart_rx_ring.tkb	729757b59244df16a918d95f07d63759aad76701628bfa79bd8cc449b2da02fc	36	kernel_uart_rx_buf	mutable	private	[u8; KERNEL_UART_RX_CAPACITY]	-	qemu,rpi5	kernel/drivers/serial/uart_rx_ring.tkb:76@kernel_uart_rx_canonical_set;kernel/drivers/serial/uart_rx_ring.tkb:84@kernel_uart_rx_canonical_set;kernel/drivers/serial/uart_rx_ring.tkb:142@kernel_uart_rx_terminal_push;kernel/drivers/serial/uart_rx_ring.tkb:169@kernel_uart_rx_read;kernel/drivers/serial/uart_rx_ring.tkb:188@kernel_uart_rx_erase;kernel/drivers/serial/uart_rx_ring.tkb:190@kernel_uart_rx_erase;kernel/drivers/serial/uart_rx_ring.tkb:209@kernel_uart_rx_peek_last;kernel/drivers/serial/uart_rx_ring.tkb:249@kernel_uart_rx_unfinished_byte	kernel/drivers/serial/uart_rx_ring.tkb:76@kernel_uart_rx_canonical_set;kernel/drivers/serial/uart_rx_ring.tkb:142@kernel_uart_rx_terminal_push;kernel/drivers/serial/uart_rx_ring.tkb:190@kernel_uart_rx_erase	kernel/drivers/serial/uart_rx_ring.tkb:84@kernel_uart_rx_canonical_set	-
kernel/drivers/serial/uart_rx_ring.tkb	729757b59244df16a918d95f07d63759aad76701628bfa79bd8cc449b2da02fc	37	kernel_uart_rx_head	mutable	private	io usize	-	qemu,rpi5	kernel/drivers/serial/uart_rx_ring.tkb:48@kernel_uart_rx_ring_reset;kernel/drivers/serial/uart_rx_ring.tkb:56@kernel_uart_rx_pending;kernel/drivers/serial/uart_rx_ring.tkb:95@kernel_uart_rx_canonical_set;kernel/drivers/serial/uart_rx_ring.tkb:106@kernel_uart_rx_queued;kernel/drivers/serial/uart_rx_ring.tkb:134@kernel_uart_rx_terminal_push;kernel/drivers/serial/uart_rx_ring.tkb:149@kernel_uart_rx_terminal_push;kernel/drivers/serial/uart_rx_ring.tkb:181@kernel_uart_rx_erase;kernel/drivers/serial/uart_rx_ring.tkb:195@kernel_uart_rx_erase;kernel/drivers/serial/uart_rx_ring.tkb:202@kernel_uart_rx_peek_last;kernel/drivers/serial/uart_rx_ring.tkb:216@kernel_uart_rx_unfinished_length;kernel/drivers/serial/uart_rx_ring.tkb:235@kernel_uart_rx_unfinished_snapshot	kernel/drivers/serial/uart_rx_ring.tkb:48@kernel_uart_rx_ring_reset;kernel/drivers/serial/uart_rx_ring.tkb:95@kernel_uart_rx_canonical_set;kernel/drivers/serial/uart_rx_ring.tkb:149@kernel_uart_rx_terminal_push;kernel/drivers/serial/uart_rx_ring.tkb:195@kernel_uart_rx_erase	-	-
kernel/drivers/serial/uart_rx_ring.tkb	729757b59244df16a918d95f07d63759aad76701628bfa79bd8cc449b2da02fc	38	kernel_uart_rx_tail	mutable	private	io usize	-	qemu,rpi5	kernel/drivers/serial/uart_rx_ring.tkb:49@kernel_uart_rx_ring_reset;kernel/drivers/serial/uart_rx_ring.tkb:56@kernel_uart_rx_pending;kernel/drivers/serial/uart_rx_ring.tkb:63@kernel_uart_rx_canonical_set;kernel/drivers/serial/uart_rx_ring.tkb:107@kernel_uart_rx_queued;kernel/drivers/serial/uart_rx_ring.tkb:139@kernel_uart_rx_terminal_push;kernel/drivers/serial/uart_rx_ring.tkb:164@kernel_uart_rx_read;kernel/drivers/serial/uart_rx_ring.tkb:166@kernel_uart_rx_read;kernel/drivers/serial/uart_rx_ring.tkb:174@kernel_uart_rx_read;kernel/drivers/serial/uart_rx_ring.tkb:182@kernel_uart_rx_erase;kernel/drivers/serial/uart_rx_ring.tkb:203@kernel_uart_rx_peek_last	kernel/drivers/serial/uart_rx_ring.tkb:49@kernel_uart_rx_ring_reset;kernel/drivers/serial/uart_rx_ring.tkb:166@kernel_uart_rx_read;kernel/drivers/serial/uart_rx_ring.tkb:174@kernel_uart_rx_read	-	-
kernel/drivers/serial/uart_rx_ring.tkb	729757b59244df16a918d95f07d63759aad76701628bfa79bd8cc449b2da02fc	39	kernel_uart_rx_dropped	mutable	private	io usize	-	qemu,rpi5	kernel/drivers/serial/uart_rx_ring.tkb:113@kernel_uart_rx_count_drop;kernel/drivers/serial/uart_rx_ring.tkb:115@kernel_uart_rx_count_drop;kernel/drivers/serial/uart_rx_ring.tkb:255@kernel_uart_rx_dropped_count	kernel/drivers/serial/uart_rx_ring.tkb:115@kernel_uart_rx_count_drop	-	-
kernel/drivers/serial/uart_rx_ring.tkb	729757b59244df16a918d95f07d63759aad76701628bfa79bd8cc449b2da02fc	40	kernel_uart_rx_marks	mutable	private	[u8; KERNEL_UART_RX_CAPACITY]	-	qemu,rpi5	kernel/drivers/serial/uart_rx_ring.tkb:73@kernel_uart_rx_canonical_set;kernel/drivers/serial/uart_rx_ring.tkb:77@kernel_uart_rx_canonical_set;kernel/drivers/serial/uart_rx_ring.tkb:83@kernel_uart_rx_canonical_set;kernel/drivers/serial/uart_rx_ring.tkb:85@kernel_uart_rx_canonical_set;kernel/drivers/serial/uart_rx_ring.tkb:87@kernel_uart_rx_canonical_set;kernel/drivers/serial/uart_rx_ring.tkb:143@kernel_uart_rx_terminal_push;kernel/drivers/serial/uart_rx_ring.tkb:170@kernel_uart_rx_read;kernel/drivers/serial/uart_rx_ring.tkb:187@kernel_uart_rx_erase;kernel/drivers/serial/uart_rx_ring.tkb:208@kernel_uart_rx_peek_last;kernel/drivers/serial/uart_rx_ring.tkb:225@kernel_uart_rx_unfinished_length	kernel/drivers/serial/uart_rx_ring.tkb:77@kernel_uart_rx_canonical_set;kernel/drivers/serial/uart_rx_ring.tkb:85@kernel_uart_rx_canonical_set;kernel/drivers/serial/uart_rx_ring.tkb:143@kernel_uart_rx_terminal_push	-	-
kernel/drivers/serial/uart_rx_ring.tkb	729757b59244df16a918d95f07d63759aad76701628bfa79bd8cc449b2da02fc	41	kernel_uart_rx_columns	mutable	private	[u8; KERNEL_UART_RX_CAPACITY]	-	qemu,rpi5	kernel/drivers/serial/uart_rx_ring.tkb:78@kernel_uart_rx_canonical_set;kernel/drivers/serial/uart_rx_ring.tkb:144@kernel_uart_rx_terminal_push;kernel/drivers/serial/uart_rx_ring.tkb:189@kernel_uart_rx_erase;kernel/drivers/serial/uart_rx_ring.tkb:191@kernel_uart_rx_erase;kernel/drivers/serial/uart_rx_ring.tkb:210@kernel_uart_rx_peek_last;kernel/drivers/serial/uart_rx_ring.tkb:264@kernel_uart_rx_reprint_width;kernel/drivers/serial/uart_rx_ring.tkb:268@kernel_uart_rx_reprint_width	kernel/drivers/serial/uart_rx_ring.tkb:78@kernel_uart_rx_canonical_set;kernel/drivers/serial/uart_rx_ring.tkb:144@kernel_uart_rx_terminal_push;kernel/drivers/serial/uart_rx_ring.tkb:191@kernel_uart_rx_erase;kernel/drivers/serial/uart_rx_ring.tkb:268@kernel_uart_rx_reprint_width	-	-
kernel/drivers/serial/uart_rx_ring.tkb	729757b59244df16a918d95f07d63759aad76701628bfa79bd8cc449b2da02fc	42	kernel_uart_rx_lines	mutable	private	io usize	-	qemu,rpi5	kernel/drivers/serial/uart_rx_ring.tkb:50@kernel_uart_rx_ring_reset;kernel/drivers/serial/uart_rx_ring.tkb:55@kernel_uart_rx_pending;kernel/drivers/serial/uart_rx_ring.tkb:62@kernel_uart_rx_canonical_set;kernel/drivers/serial/uart_rx_ring.tkb:88@kernel_uart_rx_canonical_set;kernel/drivers/serial/uart_rx_ring.tkb:145@kernel_uart_rx_terminal_push;kernel/drivers/serial/uart_rx_ring.tkb:171@kernel_uart_rx_read;kernel/drivers/serial/uart_rx_ring.tkb:172@kernel_uart_rx_read	kernel/drivers/serial/uart_rx_ring.tkb:50@kernel_uart_rx_ring_reset;kernel/drivers/serial/uart_rx_ring.tkb:62@kernel_uart_rx_canonical_set;kernel/drivers/serial/uart_rx_ring.tkb:88@kernel_uart_rx_canonical_set;kernel/drivers/serial/uart_rx_ring.tkb:145@kernel_uart_rx_terminal_push;kernel/drivers/serial/uart_rx_ring.tkb:172@kernel_uart_rx_read	kernel/drivers/serial/uart_rx_ring.tkb:171@kernel_uart_rx_read	-
kernel/drivers/serial/uart_rx_ring.tkb	729757b59244df16a918d95f07d63759aad76701628bfa79bd8cc449b2da02fc	43	kernel_uart_rx_canonical	mutable	private	io bool	-	qemu,rpi5	kernel/drivers/serial/uart_rx_ring.tkb:55@kernel_uart_rx_pending;kernel/drivers/serial/uart_rx_ring.tkb:60@kernel_uart_rx_canonical_set;kernel/drivers/serial/uart_rx_ring.tkb:61@kernel_uart_rx_canonical_set;kernel/drivers/serial/uart_rx_ring.tkb:130@kernel_uart_rx_terminal_push;kernel/drivers/serial/uart_rx_ring.tkb:176@kernel_uart_rx_read	kernel/drivers/serial/uart_rx_ring.tkb:61@kernel_uart_rx_canonical_set	-	-
kernel/drivers/serial/uart_rx_ring.tkb	729757b59244df16a918d95f07d63759aad76701628bfa79bd8cc449b2da02fc	44	kernel_uart_rx_line_columns	mutable	private	usize	-	qemu,rpi5	kernel/drivers/serial/uart_rx_ring.tkb:51@kernel_uart_rx_ring_reset;kernel/drivers/serial/uart_rx_ring.tkb:96@kernel_uart_rx_canonical_set;kernel/drivers/serial/uart_rx_ring.tkb:100@kernel_uart_rx_echo_column;kernel/drivers/serial/uart_rx_ring.tkb:146@kernel_uart_rx_terminal_push;kernel/drivers/serial/uart_rx_ring.tkb:147@kernel_uart_rx_terminal_push;kernel/drivers/serial/uart_rx_ring.tkb:192@kernel_uart_rx_erase;kernel/drivers/serial/uart_rx_ring.tkb:193@kernel_uart_rx_erase;kernel/drivers/serial/uart_rx_ring.tkb:265@kernel_uart_rx_reprint_width;kernel/drivers/serial/uart_rx_ring.tkb:266@kernel_uart_rx_reprint_width;kernel/drivers/serial/uart_rx_ring.tkb:269@kernel_uart_rx_reprint_width	kernel/drivers/serial/uart_rx_ring.tkb:51@kernel_uart_rx_ring_reset;kernel/drivers/serial/uart_rx_ring.tkb:96@kernel_uart_rx_canonical_set;kernel/drivers/serial/uart_rx_ring.tkb:146@kernel_uart_rx_terminal_push;kernel/drivers/serial/uart_rx_ring.tkb:147@kernel_uart_rx_terminal_push;kernel/drivers/serial/uart_rx_ring.tkb:193@kernel_uart_rx_erase;kernel/drivers/serial/uart_rx_ring.tkb:266@kernel_uart_rx_reprint_width;kernel/drivers/serial/uart_rx_ring.tkb:269@kernel_uart_rx_reprint_width	-	-
kernel/fs/elf64.tkb	e5ead97c5e881c4f6188823358ecd1f9de5082b210042cf8688df341453a0694	36	ELF_HEADER_SIZE	immutable	public	usize	sizeof(KernelElf64Header)	qemu,rpi5	kernel/fs/elf64.tkb:77@distro_elf_validate_with_length	-	-	-
kernel/fs/elf64.tkb	e5ead97c5e881c4f6188823358ecd1f9de5082b210042cf8688df341453a0694	37	ELF_PROGRAM_HEADER_SIZE	immutable	public	usize	sizeof(KernelElf64ProgramHeader)	qemu,rpi5	kernel/fs/elf64.tkb:78@distro_elf_validate_with_length;kernel/fs/elf64.tkb:87@distro_elf_validate_with_length;kernel/fs/elf64.tkb:96@distro_elf_validate_with_length;kernel/mm/process_image.tkb:1704@process_image_prepare_stack;kernel/mm/process_image.tkb:1796@process_dynamic_prepare_stack;kernel/mm/process_image.tkb:2178@process_image_map_segments	-	-	kernel/mm/process_image.tkb:1704@process_image_prepare_stack;kernel/mm/process_image.tkb:1796@process_dynamic_prepare_stack;kernel/mm/process_image.tkb:2178@process_image_map_segments
kernel/fs/elf64.tkb	e5ead97c5e881c4f6188823358ecd1f9de5082b210042cf8688df341453a0694	57	ELF_IDENT_MAGIC	mutable	public	[u8; 7]	{0x7F, 0x45, 0x4C, 0x46, 2, 1, 1}	qemu,rpi5	kernel/fs/elf64.tkb:73@distro_elf_validate_with_length	-	-	-
kernel/fs/ext2/ext2.tkb	59c8378c1b101ef15acf818530f8e4bca887daab94a5960bfe1cc6aeec073d59	34	ext2_scratch	mutable	private	[Ext2Scratch; KERNEL_MAX_CORES]	-	qemu,rpi5	kernel/fs/ext2/ext2.tkb:39@ext2_scratch_here	-	-	-
kernel/fs/ext2/ext2.tkb	59c8378c1b101ef15acf818530f8e4bca887daab94a5960bfe1cc6aeec073d59	35	ext2_write_blocks	mutable	private	[usize; KERNEL_MAX_CORES * EXT2_MAX_WRITE_ALLOCATIONS]	-	qemu,rpi5	kernel/fs/ext2/ext2.tkb:1428@ext2_write_allocations_record;kernel/fs/ext2/ext2.tkb:1442@ext2_write_allocations_block	kernel/fs/ext2/ext2.tkb:1428@ext2_write_allocations_record	-	-
kernel/fs/ext2/ext2.tkb	59c8378c1b101ef15acf818530f8e4bca887daab94a5960bfe1cc6aeec073d59	926	ext2_fenced	mutable	private	bool	-	qemu,rpi5	kernel/fs/ext2/ext2.tkb:940@ext2_is_fenced;kernel/fs/ext2/ext2.tkb:948@ext2_block_write;kernel/fs/ext2/ext2.tkb:1078@ext2_settle_claim;kernel/fs/ext2/ext2.tkb:1102@ext2_recover;kernel/fs/ext2/ext2.tkb:1490@ext2_write_abort;kernel/fs/ext2/ext2.tkb:1493@ext2_write_abort;kernel/fs/ext2/ext2.tkb:1535@ext2_update_regular_file;kernel/fs/ext2/ext2.tkb:1820@ext2_update_regular_file	kernel/fs/ext2/ext2.tkb:1078@ext2_settle_claim;kernel/fs/ext2/ext2.tkb:1102@ext2_recover;kernel/fs/ext2/ext2.tkb:1490@ext2_write_abort;kernel/fs/ext2/ext2.tkb:1820@ext2_update_regular_file	-	-
kernel/fs/ext2/ext2.tkb	59c8378c1b101ef15acf818530f8e4bca887daab94a5960bfe1cc6aeec073d59	929	ext2_fence_pending	mutable	private	[usize; EXT2_FENCE_PENDING_MAX]	-	qemu,rpi5	kernel/fs/ext2/ext2.tkb:935@ext2_fence_pending_add;kernel/fs/ext2/ext2.tkb:1089@ext2_recover	kernel/fs/ext2/ext2.tkb:935@ext2_fence_pending_add	-	-
kernel/fs/ext2/ext2.tkb	59c8378c1b101ef15acf818530f8e4bca887daab94a5960bfe1cc6aeec073d59	930	ext2_fence_pending_count	mutable	private	usize	-	qemu,rpi5	kernel/fs/ext2/ext2.tkb:933@ext2_fence_pending_add;kernel/fs/ext2/ext2.tkb:936@ext2_fence_pending_add;kernel/fs/ext2/ext2.tkb:1088@ext2_recover;kernel/fs/ext2/ext2.tkb:1101@ext2_recover	kernel/fs/ext2/ext2.tkb:936@ext2_fence_pending_add;kernel/fs/ext2/ext2.tkb:1101@ext2_recover	-	-
kernel/fs/ext2/mutation_lock.tkb	503bc7f79955950899582023a6ee557792de77e92f026f328c70917184511851	92	ext2_mutation_lock	mutable	private	TaskMutex	-	qemu,rpi5	kernel/fs/ext2/mutation_lock.tkb:114@-;kernel/fs/ext2/mutation_lock.tkb:119@ext2_mutation_take;kernel/fs/ext2/mutation_lock.tkb:127@ext2_mutation_take;kernel/fs/ext2/mutation_lock.tkb:135@-;kernel/fs/ext2/mutation_lock.tkb:138@ext2_mutation_take_without_readers_unchecked;kernel/fs/ext2/mutation_lock.tkb:139@ext2_mutation_take_without_readers_unchecked;kernel/fs/ext2/mutation_lock.tkb:149@ext2_read_enter;kernel/fs/ext2/mutation_lock.tkb:164@-;kernel/fs/ext2/mutation_lock.tkb:165@ext2_mutation_give;kernel/fs/ext2/mutation_lock.tkb:171@ext2_mutation_in_flight	-	kernel/fs/ext2/mutation_lock.tkb:119@ext2_mutation_take;kernel/fs/ext2/mutation_lock.tkb:138@ext2_mutation_take_without_readers_unchecked;kernel/fs/ext2/mutation_lock.tkb:149@ext2_read_enter;kernel/fs/ext2/mutation_lock.tkb:165@ext2_mutation_give;kernel/fs/ext2/mutation_lock.tkb:171@ext2_mutation_in_flight	-
kernel/fs/ext2/mutation_lock.tkb	503bc7f79955950899582023a6ee557792de77e92f026f328c70917184511851	112	ext2_readers	mutable	private	AtomicWord	-	qemu,rpi5	kernel/fs/ext2/mutation_lock.tkb:126@ext2_mutation_take;kernel/fs/ext2/mutation_lock.tkb:147@ext2_read_enter;kernel/fs/ext2/mutation_lock.tkb:151@ext2_read_enter;kernel/fs/ext2/mutation_lock.tkb:161@ext2_read_leave	-	kernel/fs/ext2/mutation_lock.tkb:126@ext2_mutation_take;kernel/fs/ext2/mutation_lock.tkb:147@ext2_read_enter;kernel/fs/ext2/mutation_lock.tkb:151@ext2_read_enter;kernel/fs/ext2/mutation_lock.tkb:161@ext2_read_leave	-
kernel/init/ext2_fixture.tkb	ac0522c1c4241f5afb1655a02c16884908d0ec5b0ee6f4fe3f2b58160b81056f	28	ext2_write_fixture_source	mutable	private	[u8; EXT2_WRITE_FIXTURE_BYTES]	-	qemu,rpi5	kernel/init/ext2_fixture.tkb:185@ext2_write_exhaustion_check;kernel/init/ext2_fixture.tkb:236@ext2_write_indirect_check;kernel/init/ext2_fixture.tkb:243@ext2_write_indirect_check;kernel/init/ext2_fixture.tkb:280@ext2_write_indirect_check;kernel/init/ext2_fixture.tkb:309@ext2_write_indirect_check;kernel/init/ext2_fixture.tkb:330@ext2_write_indirect_check;kernel/init/ext2_fixture.tkb:529@ext2_io_file_is;kernel/init/ext2_fixture.tkb:556@ext2_io_case;kernel/init/ext2_fixture.tkb:565@ext2_io_case;kernel/init/ext2_fixture.tkb:674@ext2_io_fence;kernel/init/ext2_fixture.tkb:724@ext2_io_failure_check	kernel/init/ext2_fixture.tkb:236@ext2_write_indirect_check;kernel/init/ext2_fixture.tkb:724@ext2_io_failure_check	-	-
kernel/init/ext2_fixture.tkb	ac0522c1c4241f5afb1655a02c16884908d0ec5b0ee6f4fe3f2b58160b81056f	29	ext2_write_fixture_readback	mutable	private	[u8; KERNEL_BLOCK_SIZE]	-	qemu,rpi5	kernel/init/ext2_fixture.tkb:73@ext2_exhaustion_mode;kernel/init/ext2_fixture.tkb:81@ext2_exhaustion_mode;kernel/init/ext2_fixture.tkb:88@ext2_exhaustion_mode;kernel/init/ext2_fixture.tkb:257@ext2_write_indirect_check;kernel/init/ext2_fixture.tkb:265@ext2_write_indirect_check;kernel/init/ext2_fixture.tkb:301@ext2_write_indirect_check;kernel/init/ext2_fixture.tkb:308@ext2_write_indirect_check;kernel/init/ext2_fixture.tkb:479@ext2_io_bitmap_matches;kernel/init/ext2_fixture.tkb:486@ext2_io_bitmap_matches;kernel/init/ext2_fixture.tkb:521@ext2_io_file_is;kernel/init/ext2_fixture.tkb:528@ext2_io_file_is	-	-	-
kernel/init/ext2_fixture.tkb	ac0522c1c4241f5afb1655a02c16884908d0ec5b0ee6f4fe3f2b58160b81056f	30	ext2_write_fixture_bitmap	mutable	private	[u8; KERNEL_BLOCK_SIZE]	-	qemu,rpi5	kernel/init/ext2_fixture.tkb:179@ext2_write_exhaustion_check;kernel/init/ext2_fixture.tkb:210@ext2_write_indirect_check;kernel/init/ext2_fixture.tkb:264@ext2_write_indirect_check;kernel/init/ext2_fixture.tkb:487@ext2_io_bitmap_matches;kernel/init/ext2_fixture.tkb:549@ext2_io_case;kernel/init/ext2_fixture.tkb:711@ext2_io_failure_check	-	-	-
kernel/init/test_driver.tkb	192eb7e3520d1b84912ccfebba2f42e0419bf4317d3b18c24f5ea881d357fe3a	34	ext2_read_fixture	mutable	public	[u8; 32]	-	qemu,rpi5	kernel/init/ext2_fixture.tkb:223@ext2_write_indirect_check;kernel/init/ext2_fixture.tkb:227@ext2_write_indirect_check;kernel/init/ext2_fixture.tkb:270@ext2_write_indirect_check;kernel/init/ext2_fixture.tkb:274@ext2_write_indirect_check;kernel/init/ext2_fixture.tkb:366@ext2_create_check;kernel/init/ext2_fixture.tkb:369@ext2_create_check;kernel/init/ext2_fixture.tkb:415@ext2_create_in_directory_check;kernel/init/ext2_fixture.tkb:418@ext2_create_in_directory_check;kernel/init/ext2_fixture.tkb:503@ext2_io_file_is;kernel/init/ext2_fixture.tkb:507@ext2_io_file_is	-	-	kernel/init/ext2_fixture.tkb:223@ext2_write_indirect_check;kernel/init/ext2_fixture.tkb:227@ext2_write_indirect_check;kernel/init/ext2_fixture.tkb:270@ext2_write_indirect_check;kernel/init/ext2_fixture.tkb:274@ext2_write_indirect_check;kernel/init/ext2_fixture.tkb:366@ext2_create_check;kernel/init/ext2_fixture.tkb:369@ext2_create_check;kernel/init/ext2_fixture.tkb:415@ext2_create_in_directory_check;kernel/init/ext2_fixture.tkb:418@ext2_create_in_directory_check;kernel/init/ext2_fixture.tkb:503@ext2_io_file_is;kernel/init/ext2_fixture.tkb:507@ext2_io_file_is
kernel/init/test_driver.tkb	192eb7e3520d1b84912ccfebba2f42e0419bf4317d3b18c24f5ea881d357fe3a	35	ext2_symlink_fixture	mutable	public	[u8; 64]	-	qemu,rpi5	kernel/init/ext2_fixture.tkb:859@kernel_ext2_fixture_run;kernel/init/ext2_fixture.tkb:865@kernel_ext2_fixture_run;kernel/init/ext2_fixture.tkb:869@kernel_ext2_fixture_run	-	-	kernel/init/ext2_fixture.tkb:859@kernel_ext2_fixture_run;kernel/init/ext2_fixture.tkb:865@kernel_ext2_fixture_run;kernel/init/ext2_fixture.tkb:869@kernel_ext2_fixture_run
kernel/init/test_driver.tkb	192eb7e3520d1b84912ccfebba2f42e0419bf4317d3b18c24f5ea881d357fe3a	42	saved_ext2_mount	mutable	public	Ext2Mount	-	qemu,rpi5	kernel/init/ext2_fixture.tkb:788@kernel_ext2_fixture_run;kernel/init/test_driver.tkb:257@kernel_exec_primary_is_busybox_extras;kernel/init/test_driver.tkb:757@kernel_initial_process_map;kernel/init/test_driver.tkb:809@kernel_process_child_exec_prepare_with;kernel/init/test_driver.tkb:845@kernel_process_child_exec_prepare_with;kernel/init/test_driver.tkb:853@kernel_process_child_exec_prepare_with;kernel/init/test_driver.tkb:857@kernel_process_child_exec_prepare_with;kernel/init/test_driver.tkb:919@kernel_process_child_exec_prepare_with;kernel/init/test_driver.tkb:1004@httpd_image_mapping_check;kernel/init/test_driver.tkb:1031@httpd_image_mapping_check;kernel/init/test_driver.tkb:1309@kernel_test_driver_run;kernel/init/test_driver.tkb:1371@kernel_test_driver_run;kernel/init/test_driver.tkb:1393@kernel_test_driver_run;kernel/init/test_driver.tkb:1397@kernel_test_driver_run	kernel/init/ext2_fixture.tkb:788@kernel_ext2_fixture_run	-	kernel/init/ext2_fixture.tkb:788@kernel_ext2_fixture_run
kernel/init/test_driver.tkb	192eb7e3520d1b84912ccfebba2f42e0419bf4317d3b18c24f5ea881d357fe3a	43	ext2_mount_ready	mutable	public	bool	-	qemu,rpi5	kernel/init/ext2_fixture.tkb:789@kernel_ext2_fixture_run;kernel/init/test_driver.tkb:808@kernel_process_child_exec_prepare_with;kernel/init/test_driver.tkb:844@kernel_process_child_exec_prepare_with;kernel/init/test_driver.tkb:1307@kernel_test_driver_run;kernel/init/test_driver.tkb:1370@kernel_test_driver_run	kernel/init/ext2_fixture.tkb:789@kernel_ext2_fixture_run	-	kernel/init/ext2_fixture.tkb:789@kernel_ext2_fixture_run
kernel/init/test_driver.tkb	192eb7e3520d1b84912ccfebba2f42e0419bf4317d3b18c24f5ea881d357fe3a	50	rootfs_metadata	mutable	public	[u8; EXEC_METADATA_SIZE]	-	qemu,rpi5	kernel/init/test_driver.tkb:1310@kernel_test_driver_run	-	-	-
kernel/init/test_driver.tkb	192eb7e3520d1b84912ccfebba2f42e0419bf4317d3b18c24f5ea881d357fe3a	64	exec_scratch	mutable	private	[ExecScratch; KERNEL_MAX_CORES]	-	qemu,rpi5	kernel/init/test_driver.tkb:68@exec_scratch_here	-	-	-
kernel/init/test_driver.tkb	192eb7e3520d1b84912ccfebba2f42e0419bf4317d3b18c24f5ea881d357fe3a	82	kernel_init_socket_evidence	mutable	public	bool	-	qemu,rpi5	kernel/init/test_driver.tkb:956@kernel_init_script_socket_evidence	-	-	-
kernel/init/test_driver.tkb	192eb7e3520d1b84912ccfebba2f42e0419bf4317d3b18c24f5ea881d357fe3a	83	saved_rootfs_plan	mutable	public	DistroElfLoadPlan	-	qemu,rpi5	kernel/init/test_driver.tkb:804@kernel_process_child_exec_prepare_with;kernel/init/test_driver.tkb:1315@kernel_test_driver_run;kernel/init/test_driver.tkb:1458@kernel_test_driver_run;kernel/init/test_driver.tkb:1460@kernel_test_driver_run	kernel/init/test_driver.tkb:1315@kernel_test_driver_run	-	-
kernel/init/test_driver.tkb	192eb7e3520d1b84912ccfebba2f42e0419bf4317d3b18c24f5ea881d357fe3a	84	rootfs_plan_ready	mutable	public	bool	-	qemu,rpi5	kernel/init/test_driver.tkb:805@kernel_process_child_exec_prepare_with;kernel/init/test_driver.tkb:1304@kernel_test_driver_run;kernel/init/test_driver.tkb:1318@kernel_test_driver_run;kernel/init/test_driver.tkb:1456@kernel_test_driver_run;kernel/init/test_driver.tkb:1458@kernel_test_driver_run	kernel/init/test_driver.tkb:1304@kernel_test_driver_run;kernel/init/test_driver.tkb:1318@kernel_test_driver_run	-	-
kernel/init/test_driver.tkb	192eb7e3520d1b84912ccfebba2f42e0419bf4317d3b18c24f5ea881d357fe3a	85	saved_rootfs_inode	mutable	public	usize	-	qemu,rpi5	kernel/init/test_driver.tkb:806@kernel_process_child_exec_prepare_with;kernel/init/test_driver.tkb:1305@kernel_test_driver_run;kernel/init/test_driver.tkb:1316@kernel_test_driver_run;kernel/init/test_driver.tkb:1459@kernel_test_driver_run	kernel/init/test_driver.tkb:1305@kernel_test_driver_run;kernel/init/test_driver.tkb:1316@kernel_test_driver_run	-	-
kernel/init/test_driver.tkb	192eb7e3520d1b84912ccfebba2f42e0419bf4317d3b18c24f5ea881d357fe3a	86	saved_rootfs_length	mutable	public	usize	-	qemu,rpi5	kernel/init/test_driver.tkb:807@kernel_process_child_exec_prepare_with;kernel/init/test_driver.tkb:1306@kernel_test_driver_run;kernel/init/test_driver.tkb:1317@kernel_test_driver_run;kernel/init/test_driver.tkb:1459@kernel_test_driver_run	kernel/init/test_driver.tkb:1306@kernel_test_driver_run;kernel/init/test_driver.tkb:1317@kernel_test_driver_run	-	-
kernel/init/test_driver.tkb	192eb7e3520d1b84912ccfebba2f42e0419bf4317d3b18c24f5ea881d357fe3a	93	process_pool_baseline	mutable	private	usize	-	qemu,rpi5	kernel/init/test_driver.tkb:650@kernel_init_boot_fixture_poll;kernel/init/test_driver.tkb:659@kernel_init_boot_fixture_poll;kernel/init/test_driver.tkb:1269@kernel_test_driver_run	kernel/init/test_driver.tkb:1269@kernel_test_driver_run	-	-
kernel/init/test_driver.tkb	192eb7e3520d1b84912ccfebba2f42e0419bf4317d3b18c24f5ea881d357fe3a	94	address_space_baseline	mutable	private	usize	-	qemu,rpi5	kernel/init/test_driver.tkb:651@kernel_init_boot_fixture_poll;kernel/init/test_driver.tkb:663@kernel_init_boot_fixture_poll;kernel/init/test_driver.tkb:1270@kernel_test_driver_run	kernel/init/test_driver.tkb:1270@kernel_test_driver_run	-	-
kernel/init/test_driver.tkb	192eb7e3520d1b84912ccfebba2f42e0419bf4317d3b18c24f5ea881d357fe3a	95	image_record_baseline	mutable	private	usize	-	qemu,rpi5	kernel/init/test_driver.tkb:652@kernel_init_boot_fixture_poll;kernel/init/test_driver.tkb:667@kernel_init_boot_fixture_poll;kernel/init/test_driver.tkb:1271@kernel_test_driver_run	kernel/init/test_driver.tkb:1271@kernel_test_driver_run	-	-
kernel/init/test_driver.tkb	192eb7e3520d1b84912ccfebba2f42e0419bf4317d3b18c24f5ea881d357fe3a	96	fd_context_baseline	mutable	private	usize	-	qemu,rpi5	kernel/init/test_driver.tkb:653@kernel_init_boot_fixture_poll;kernel/init/test_driver.tkb:671@kernel_init_boot_fixture_poll;kernel/init/test_driver.tkb:1272@kernel_test_driver_run	kernel/init/test_driver.tkb:1272@kernel_test_driver_run	-	-
kernel/init/test_driver.tkb	192eb7e3520d1b84912ccfebba2f42e0419bf4317d3b18c24f5ea881d357fe3a	97	page_baseline	mutable	private	usize	-	qemu,rpi5	kernel/init/test_driver.tkb:732@kernel_init_boot_fixture_poll;kernel/init/test_driver.tkb:1296@kernel_test_driver_run;kernel/init/test_driver.tkb:1489@kernel_test_driver_run	kernel/init/test_driver.tkb:1296@kernel_test_driver_run;kernel/init/test_driver.tkb:1489@kernel_test_driver_run	-	-
kernel/init/test_driver.tkb	192eb7e3520d1b84912ccfebba2f42e0419bf4317d3b18c24f5ea881d357fe3a	98	init_boot_fixture_reported	mutable	private	bool	-	qemu,rpi5	kernel/init/test_driver.tkb:382@kernel_init_boot_fixture_reaped;kernel/init/test_driver.tkb:391@kernel_init_boot_fixture_poll	kernel/init/test_driver.tkb:391@kernel_init_boot_fixture_poll	-	-
kernel/init/test_driver.tkb	192eb7e3520d1b84912ccfebba2f42e0419bf4317d3b18c24f5ea881d357fe3a	99	init_boot_fixture_pending	mutable	private	bool	-	qemu,rpi5	kernel/init/test_driver.tkb:384@kernel_init_boot_fixture_reaped;kernel/init/test_driver.tkb:388@kernel_init_boot_fixture_poll;kernel/init/test_driver.tkb:390@kernel_init_boot_fixture_poll	kernel/init/test_driver.tkb:384@kernel_init_boot_fixture_reaped;kernel/init/test_driver.tkb:390@kernel_init_boot_fixture_poll	-	-
kernel/init/test_driver.tkb	192eb7e3520d1b84912ccfebba2f42e0419bf4317d3b18c24f5ea881d357fe3a	100	clone_growth_probe_ok	mutable	private	bool	-	qemu,rpi5	kernel/init/test_driver.tkb:979@kernel_init_script_success_evidence;kernel/init/test_driver.tkb:1200@kernel_test_common_probes	kernel/init/test_driver.tkb:1200@kernel_test_common_probes	-	-
kernel/init/test_driver.tkb	192eb7e3520d1b84912ccfebba2f42e0419bf4317d3b18c24f5ea881d357fe3a	1228	kernel_test_rpi5_extended	mutable	public	bool	-	qemu,rpi5	kernel/platform/qemu/init.tkb:203@main;kernel/platform/rpi5/init.tkb:427@main	kernel/platform/qemu/init.tkb:203@main;kernel/platform/rpi5/init.tkb:427@main	-	kernel/platform/qemu/init.tkb:203@main;kernel/platform/rpi5/init.tkb:427@main
kernel/init/test_driver.tkb	192eb7e3520d1b84912ccfebba2f42e0419bf4317d3b18c24f5ea881d357fe3a	1229	kernel_test_init_script	mutable	public	bool	-	qemu,rpi5	kernel/init/test_driver.tkb:1427@kernel_test_driver_run;kernel/platform/qemu/init.tkb:204@main;kernel/platform/rpi5/init.tkb:428@main	kernel/platform/qemu/init.tkb:204@main;kernel/platform/rpi5/init.tkb:428@main	-	kernel/platform/qemu/init.tkb:204@main;kernel/platform/rpi5/init.tkb:428@main
kernel/kernel/asid_contention_evidence.tkb	d77525af4dd714cbadd95a33c6c54bfa6214011e9c583fc0107d850649d02e7f	46	asid_probe_armed	mutable	private	usize	-	qemu,rpi5	kernel/kernel/asid_contention_evidence.tkb:53@asid_probe_armed_address	-	kernel/kernel/asid_contention_evidence.tkb:53@asid_probe_armed_address	-
kernel/kernel/asid_contention_evidence.tkb	d77525af4dd714cbadd95a33c6c54bfa6214011e9c583fc0107d850649d02e7f	47	asid_probe_primary	mutable	private	usize	-	qemu,rpi5	kernel/kernel/asid_contention_evidence.tkb:57@asid_probe_primary_address	-	kernel/kernel/asid_contention_evidence.tkb:57@asid_probe_primary_address	-
kernel/kernel/asid_contention_evidence.tkb	d77525af4dd714cbadd95a33c6c54bfa6214011e9c583fc0107d850649d02e7f	48	asid_probe_secondary	mutable	private	usize	-	qemu,rpi5	kernel/kernel/asid_contention_evidence.tkb:61@asid_probe_secondary_address	-	kernel/kernel/asid_contention_evidence.tkb:61@asid_probe_secondary_address	-
kernel/kernel/asid_contention_evidence.tkb	d77525af4dd714cbadd95a33c6c54bfa6214011e9c583fc0107d850649d02e7f	49	asid_probe_active	mutable	private	usize	-	qemu,rpi5	kernel/kernel/asid_contention_evidence.tkb:65@asid_probe_active_address	-	kernel/kernel/asid_contention_evidence.tkb:65@asid_probe_active_address	-
kernel/kernel/asid_contention_evidence.tkb	d77525af4dd714cbadd95a33c6c54bfa6214011e9c583fc0107d850649d02e7f	50	asid_probe_overlap	mutable	private	usize	-	qemu,rpi5	kernel/kernel/asid_contention_evidence.tkb:69@asid_probe_overlap_address	-	kernel/kernel/asid_contention_evidence.tkb:69@asid_probe_overlap_address	-
kernel/kernel/console_contention_evidence.tkb	af1598e10a65508bd680c2dd2b454bad900609ef77730214eda454544bb07716	13	console_probe_armed	mutable	private	AtomicWord	-	qemu,rpi5	kernel/kernel/console_contention_evidence.tkb:22@console_contention_is_armed;kernel/kernel/console_contention_evidence.tkb:31@console_contention_secondary_run;kernel/kernel/console_contention_evidence.tkb:46@console_contention_secondary_run;kernel/kernel/console_contention_evidence.tkb:66@console_probe_phase_run;kernel/kernel/console_contention_evidence.tkb:68@console_probe_phase_run;kernel/kernel/console_contention_evidence.tkb:84@console_probe_phase_run	-	kernel/kernel/console_contention_evidence.tkb:22@console_contention_is_armed;kernel/kernel/console_contention_evidence.tkb:31@console_contention_secondary_run;kernel/kernel/console_contention_evidence.tkb:46@console_contention_secondary_run;kernel/kernel/console_contention_evidence.tkb:66@console_probe_phase_run;kernel/kernel/console_contention_evidence.tkb:68@console_probe_phase_run;kernel/kernel/console_contention_evidence.tkb:84@console_probe_phase_run	-
kernel/kernel/console_contention_evidence.tkb	af1598e10a65508bd680c2dd2b454bad900609ef77730214eda454544bb07716	14	console_probe_phase	mutable	private	AtomicWord	-	qemu,rpi5	kernel/kernel/console_contention_evidence.tkb:26@console_contention_secondary_run;kernel/kernel/console_contention_evidence.tkb:60@console_probe_phase_run	-	kernel/kernel/console_contention_evidence.tkb:26@console_contention_secondary_run;kernel/kernel/console_contention_evidence.tkb:60@console_probe_phase_run	-
kernel/kernel/console_contention_evidence.tkb	af1598e10a65508bd680c2dd2b454bad900609ef77730214eda454544bb07716	15	console_probe_ready	mutable	private	AtomicWord	-	qemu,rpi5	kernel/kernel/console_contention_evidence.tkb:29@console_contention_secondary_run;kernel/kernel/console_contention_evidence.tkb:61@console_probe_phase_run;kernel/kernel/console_contention_evidence.tkb:67@console_probe_phase_run	-	kernel/kernel/console_contention_evidence.tkb:29@console_contention_secondary_run;kernel/kernel/console_contention_evidence.tkb:61@console_probe_phase_run;kernel/kernel/console_contention_evidence.tkb:67@console_probe_phase_run	-
kernel/kernel/console_contention_evidence.tkb	af1598e10a65508bd680c2dd2b454bad900609ef77730214eda454544bb07716	16	console_probe_go	mutable	private	AtomicWord	-	qemu,rpi5	kernel/kernel/console_contention_evidence.tkb:30@console_contention_secondary_run;kernel/kernel/console_contention_evidence.tkb:62@console_probe_phase_run;kernel/kernel/console_contention_evidence.tkb:72@console_probe_phase_run	-	kernel/kernel/console_contention_evidence.tkb:30@console_contention_secondary_run;kernel/kernel/console_contention_evidence.tkb:62@console_probe_phase_run;kernel/kernel/console_contention_evidence.tkb:72@console_probe_phase_run	-
kernel/kernel/console_contention_evidence.tkb	af1598e10a65508bd680c2dd2b454bad900609ef77730214eda454544bb07716	17	console_probe_arrived	mutable	private	AtomicWord	-	qemu,rpi5	kernel/kernel/console_contention_evidence.tkb:37@console_contention_secondary_run;kernel/kernel/console_contention_evidence.tkb:38@console_contention_secondary_run;kernel/kernel/console_contention_evidence.tkb:63@console_probe_phase_run;kernel/kernel/console_contention_evidence.tkb:73@console_probe_phase_run;kernel/kernel/console_contention_evidence.tkb:75@console_probe_phase_run	-	kernel/kernel/console_contention_evidence.tkb:37@console_contention_secondary_run;kernel/kernel/console_contention_evidence.tkb:38@console_contention_secondary_run;kernel/kernel/console_contention_evidence.tkb:63@console_probe_phase_run;kernel/kernel/console_contention_evidence.tkb:73@console_probe_phase_run;kernel/kernel/console_contention_evidence.tkb:75@console_probe_phase_run	-
kernel/kernel/console_contention_evidence.tkb	af1598e10a65508bd680c2dd2b454bad900609ef77730214eda454544bb07716	18	console_probe_entered	mutable	private	AtomicWord	-	qemu,rpi5	kernel/kernel/console_contention_evidence.tkb:40@console_contention_secondary_run;kernel/kernel/console_contention_evidence.tkb:43@console_contention_secondary_run;kernel/kernel/console_contention_evidence.tkb:64@console_probe_phase_run;kernel/kernel/console_contention_evidence.tkb:77@console_probe_phase_run;kernel/kernel/console_contention_evidence.tkb:79@console_probe_phase_run;kernel/kernel/console_contention_evidence.tkb:86@console_probe_phase_run	-	kernel/kernel/console_contention_evidence.tkb:40@console_contention_secondary_run;kernel/kernel/console_contention_evidence.tkb:43@console_contention_secondary_run;kernel/kernel/console_contention_evidence.tkb:64@console_probe_phase_run;kernel/kernel/console_contention_evidence.tkb:77@console_probe_phase_run;kernel/kernel/console_contention_evidence.tkb:79@console_probe_phase_run;kernel/kernel/console_contention_evidence.tkb:86@console_probe_phase_run	-
kernel/kernel/console_contention_evidence.tkb	af1598e10a65508bd680c2dd2b454bad900609ef77730214eda454544bb07716	19	console_probe_done	mutable	private	AtomicWord	-	qemu,rpi5	kernel/kernel/console_contention_evidence.tkb:32@console_contention_secondary_run;kernel/kernel/console_contention_evidence.tkb:47@console_contention_secondary_run;kernel/kernel/console_contention_evidence.tkb:65@console_probe_phase_run;kernel/kernel/console_contention_evidence.tkb:83@console_probe_phase_run	-	kernel/kernel/console_contention_evidence.tkb:32@console_contention_secondary_run;kernel/kernel/console_contention_evidence.tkb:47@console_contention_secondary_run;kernel/kernel/console_contention_evidence.tkb:65@console_probe_phase_run;kernel/kernel/console_contention_evidence.tkb:83@console_probe_phase_run	-
kernel/kernel/console_contention_evidence.tkb	af1598e10a65508bd680c2dd2b454bad900609ef77730214eda454544bb07716	103	console_ddb_phase	mutable	public	AtomicWord	-	qemu,rpi5	kernel/kernel/console_contention_evidence.tkb:108@console_ddb_peer_hold;kernel/kernel/console_contention_evidence.tkb:114@console_ddb_peer_hold;kernel/kernel/console_contention_evidence.tkb:117@console_ddb_peer_hold;kernel/kernel/console_contention_evidence.tkb:137@console_ddb_peer_hold;kernel/kernel/console_contention_evidence.tkb:144@console_ddb_note_entry;kernel/kernel/console_contention_evidence.tkb:151@console_ddb_probe_phase;kernel/kernel/console_contention_evidence.tkb:164@console_ddb_hold_checkpoint	-	kernel/kernel/console_contention_evidence.tkb:108@console_ddb_peer_hold;kernel/kernel/console_contention_evidence.tkb:114@console_ddb_peer_hold;kernel/kernel/console_contention_evidence.tkb:117@console_ddb_peer_hold;kernel/kernel/console_contention_evidence.tkb:137@console_ddb_peer_hold;kernel/kernel/console_contention_evidence.tkb:144@console_ddb_note_entry;kernel/kernel/console_contention_evidence.tkb:151@console_ddb_probe_phase;kernel/kernel/console_contention_evidence.tkb:164@console_ddb_hold_checkpoint	-
kernel/kernel/console_contention_evidence.tkb	af1598e10a65508bd680c2dd2b454bad900609ef77730214eda454544bb07716	104	console_ddb_release_reason	mutable	private	AtomicWord	-	qemu,rpi5	kernel/kernel/console_contention_evidence.tkb:109@console_ddb_peer_hold;kernel/kernel/console_contention_evidence.tkb:136@console_ddb_peer_hold;kernel/kernel/console_contention_evidence.tkb:154@console_ddb_probe_release_reason	-	kernel/kernel/console_contention_evidence.tkb:109@console_ddb_peer_hold;kernel/kernel/console_contention_evidence.tkb:136@console_ddb_peer_hold;kernel/kernel/console_contention_evidence.tkb:154@console_ddb_probe_release_reason	-
kernel/kernel/console_contention_evidence.tkb	af1598e10a65508bd680c2dd2b454bad900609ef77730214eda454544bb07716	105	console_ddb_entry_held	mutable	private	AtomicWord	-	qemu,rpi5	kernel/kernel/console_contention_evidence.tkb:110@console_ddb_peer_hold;kernel/kernel/console_contention_evidence.tkb:146@console_ddb_note_entry;kernel/kernel/console_contention_evidence.tkb:157@console_ddb_probe_entry_held	-	kernel/kernel/console_contention_evidence.tkb:110@console_ddb_peer_hold;kernel/kernel/console_contention_evidence.tkb:146@console_ddb_note_entry;kernel/kernel/console_contention_evidence.tkb:157@console_ddb_probe_entry_held	-
kernel/kernel/ext2_mutation_contention_evidence.tkb	704c490cab697f284d7945ec5f63e7aa8c03173cad380ad943617706933422d4	62	ext2_mutation_probe_armed	mutable	private	usize	-	qemu,rpi5	kernel/kernel/ext2_mutation_contention_evidence.tkb:88@ext2_mutation_contention_is_armed;kernel/kernel/ext2_mutation_contention_evidence.tkb:119@ext2_mutation_contention_secondary_run;kernel/kernel/ext2_mutation_contention_evidence.tkb:146@ext2_mutation_probe_reader;kernel/kernel/ext2_mutation_contention_evidence.tkb:175@ext2_mutation_probe_mutator;kernel/kernel/ext2_mutation_contention_evidence.tkb:192@ext2_mutation_probe_core0_reader;kernel/kernel/ext2_mutation_contention_evidence.tkb:210@ext2_mutation_probe_core0_reader;kernel/kernel/ext2_mutation_contention_evidence.tkb:214@ext2_mutation_probe_core0_reader;kernel/kernel/ext2_mutation_contention_evidence.tkb:232@ext2_mutation_probe_overlap;kernel/kernel/ext2_mutation_contention_evidence.tkb:242@ext2_mutation_probe_overlap;kernel/kernel/ext2_mutation_contention_evidence.tkb:266@ext2_mutation_probe_overlap;kernel/kernel/ext2_mutation_contention_evidence.tkb:281@ext2_mutation_probe_run_phase;kernel/kernel/ext2_mutation_contention_evidence.tkb:287@ext2_mutation_probe_run_phase;kernel/kernel/ext2_mutation_contention_evidence.tkb:290@ext2_mutation_probe_run_phase	-	kernel/kernel/ext2_mutation_contention_evidence.tkb:88@ext2_mutation_contention_is_armed;kernel/kernel/ext2_mutation_contention_evidence.tkb:119@ext2_mutation_contention_secondary_run;kernel/kernel/ext2_mutation_contention_evidence.tkb:146@ext2_mutation_probe_reader;kernel/kernel/ext2_mutation_contention_evidence.tkb:175@ext2_mutation_probe_mutator;kernel/kernel/ext2_mutation_contention_evidence.tkb:192@ext2_mutation_probe_core0_reader;kernel/kernel/ext2_mutation_contention_evidence.tkb:210@ext2_mutation_probe_core0_reader;kernel/kernel/ext2_mutation_contention_evidence.tkb:214@ext2_mutation_probe_core0_reader;kernel/kernel/ext2_mutation_contention_evidence.tkb:232@ext2_mutation_probe_overlap;kernel/kernel/ext2_mutation_contention_evidence.tkb:242@ext2_mutation_probe_overlap;kernel/kernel/ext2_mutation_contention_evidence.tkb:266@ext2_mutation_probe_overlap;kernel/kernel/ext2_mutation_contention_evidence.tkb:281@ext2_mutation_probe_run_phase;kernel/kernel/ext2_mutation_contention_evidence.tkb:287@ext2_mutation_probe_run_phase;kernel/kernel/ext2_mutation_contention_evidence.tkb:290@ext2_mutation_probe_run_phase	-
kernel/kernel/ext2_mutation_contention_evidence.tkb	704c490cab697f284d7945ec5f63e7aa8c03173cad380ad943617706933422d4	63	ext2_mutation_probe_phase	mutable	private	usize	-	qemu,rpi5	kernel/kernel/ext2_mutation_contention_evidence.tkb:96@ext2_mutation_contention_secondary_run;kernel/kernel/ext2_mutation_contention_evidence.tkb:191@ext2_mutation_probe_core0_reader;kernel/kernel/ext2_mutation_contention_evidence.tkb:231@ext2_mutation_probe_overlap;kernel/kernel/ext2_mutation_contention_evidence.tkb:279@ext2_mutation_probe_run_phase	-	kernel/kernel/ext2_mutation_contention_evidence.tkb:96@ext2_mutation_contention_secondary_run;kernel/kernel/ext2_mutation_contention_evidence.tkb:191@ext2_mutation_probe_core0_reader;kernel/kernel/ext2_mutation_contention_evidence.tkb:231@ext2_mutation_probe_overlap;kernel/kernel/ext2_mutation_contention_evidence.tkb:279@ext2_mutation_probe_run_phase	-
kernel/kernel/ext2_mutation_contention_evidence.tkb	704c490cab697f284d7945ec5f63e7aa8c03173cad380ad943617706933422d4	68	ext2_mutation_probe_clear_seen	mutable	private	usize	-	qemu,rpi5	kernel/kernel/ext2_mutation_contention_evidence.tkb:112@ext2_mutation_contention_secondary_run;kernel/kernel/ext2_mutation_contention_evidence.tkb:303@ext2_mutation_probe_report;kernel/kernel/ext2_mutation_contention_evidence.tkb:315@ext2_mutation_contention_probe;kernel/kernel/ext2_mutation_contention_evidence.tkb:380@ext2_mutation_contention_probe	-	kernel/kernel/ext2_mutation_contention_evidence.tkb:112@ext2_mutation_contention_secondary_run;kernel/kernel/ext2_mutation_contention_evidence.tkb:303@ext2_mutation_probe_report;kernel/kernel/ext2_mutation_contention_evidence.tkb:315@ext2_mutation_contention_probe;kernel/kernel/ext2_mutation_contention_evidence.tkb:380@ext2_mutation_contention_probe	-
kernel/kernel/ext2_mutation_contention_evidence.tkb	704c490cab697f284d7945ec5f63e7aa8c03173cad380ad943617706933422d4	69	ext2_mutation_probe_held_seen	mutable	private	usize	-	qemu,rpi5	kernel/kernel/ext2_mutation_contention_evidence.tkb:116@ext2_mutation_contention_secondary_run;kernel/kernel/ext2_mutation_contention_evidence.tkb:306@ext2_mutation_probe_report;kernel/kernel/ext2_mutation_contention_evidence.tkb:317@ext2_mutation_contention_probe;kernel/kernel/ext2_mutation_contention_evidence.tkb:382@ext2_mutation_contention_probe	-	kernel/kernel/ext2_mutation_contention_evidence.tkb:116@ext2_mutation_contention_secondary_run;kernel/kernel/ext2_mutation_contention_evidence.tkb:306@ext2_mutation_probe_report;kernel/kernel/ext2_mutation_contention_evidence.tkb:317@ext2_mutation_contention_probe;kernel/kernel/ext2_mutation_contention_evidence.tkb:382@ext2_mutation_contention_probe	-
kernel/kernel/ext2_mutation_contention_evidence.tkb	704c490cab697f284d7945ec5f63e7aa8c03173cad380ad943617706933422d4	70	ext2_mutation_probe_asked	mutable	private	usize	-	qemu,rpi5	kernel/kernel/ext2_mutation_contention_evidence.tkb:108@ext2_mutation_contention_secondary_run;kernel/kernel/ext2_mutation_contention_evidence.tkb:300@ext2_mutation_probe_report;kernel/kernel/ext2_mutation_contention_evidence.tkb:319@ext2_mutation_contention_probe;kernel/kernel/ext2_mutation_contention_evidence.tkb:378@ext2_mutation_contention_probe	-	kernel/kernel/ext2_mutation_contention_evidence.tkb:108@ext2_mutation_contention_secondary_run;kernel/kernel/ext2_mutation_contention_evidence.tkb:300@ext2_mutation_probe_report;kernel/kernel/ext2_mutation_contention_evidence.tkb:319@ext2_mutation_contention_probe;kernel/kernel/ext2_mutation_contention_evidence.tkb:378@ext2_mutation_contention_probe	-
kernel/kernel/ext2_mutation_contention_evidence.tkb	704c490cab697f284d7945ec5f63e7aa8c03173cad380ad943617706933422d4	76	ext2_mutation_probe_inside	mutable	private	usize	-	qemu,rpi5	kernel/kernel/ext2_mutation_contention_evidence.tkb:126@ext2_mutation_probe_reader;kernel/kernel/ext2_mutation_contention_evidence.tkb:226@ext2_mutation_probe_overlap;kernel/kernel/ext2_mutation_contention_evidence.tkb:237@ext2_mutation_probe_overlap;kernel/kernel/ext2_mutation_contention_evidence.tkb:240@ext2_mutation_probe_overlap	-	kernel/kernel/ext2_mutation_contention_evidence.tkb:126@ext2_mutation_probe_reader;kernel/kernel/ext2_mutation_contention_evidence.tkb:226@ext2_mutation_probe_overlap;kernel/kernel/ext2_mutation_contention_evidence.tkb:237@ext2_mutation_probe_overlap;kernel/kernel/ext2_mutation_contention_evidence.tkb:240@ext2_mutation_probe_overlap	-
kernel/kernel/ext2_mutation_contention_evidence.tkb	704c490cab697f284d7945ec5f63e7aa8c03173cad380ad943617706933422d4	77	ext2_mutation_probe_trying	mutable	private	usize	-	qemu,rpi5	kernel/kernel/ext2_mutation_contention_evidence.tkb:132@ext2_mutation_probe_reader;kernel/kernel/ext2_mutation_contention_evidence.tkb:157@ext2_mutation_probe_mutator;kernel/kernel/ext2_mutation_contention_evidence.tkb:185@ext2_mutation_probe_core0_reader;kernel/kernel/ext2_mutation_contention_evidence.tkb:197@ext2_mutation_probe_core0_reader;kernel/kernel/ext2_mutation_contention_evidence.tkb:200@ext2_mutation_probe_core0_reader;kernel/kernel/ext2_mutation_contention_evidence.tkb:227@ext2_mutation_probe_overlap;kernel/kernel/ext2_mutation_contention_evidence.tkb:246@ext2_mutation_probe_overlap	-	kernel/kernel/ext2_mutation_contention_evidence.tkb:132@ext2_mutation_probe_reader;kernel/kernel/ext2_mutation_contention_evidence.tkb:157@ext2_mutation_probe_mutator;kernel/kernel/ext2_mutation_contention_evidence.tkb:185@ext2_mutation_probe_core0_reader;kernel/kernel/ext2_mutation_contention_evidence.tkb:197@ext2_mutation_probe_core0_reader;kernel/kernel/ext2_mutation_contention_evidence.tkb:200@ext2_mutation_probe_core0_reader;kernel/kernel/ext2_mutation_contention_evidence.tkb:227@ext2_mutation_probe_overlap;kernel/kernel/ext2_mutation_contention_evidence.tkb:246@ext2_mutation_probe_overlap	-
kernel/kernel/ext2_mutation_contention_evidence.tkb	704c490cab697f284d7945ec5f63e7aa8c03173cad380ad943617706933422d4	78	ext2_mutation_probe_taken	mutable	private	usize	-	qemu,rpi5	kernel/kernel/ext2_mutation_contention_evidence.tkb:137@ext2_mutation_probe_reader;kernel/kernel/ext2_mutation_contention_evidence.tkb:162@ext2_mutation_probe_mutator;kernel/kernel/ext2_mutation_contention_evidence.tkb:167@ext2_mutation_probe_mutator;kernel/kernel/ext2_mutation_contention_evidence.tkb:186@ext2_mutation_probe_core0_reader;kernel/kernel/ext2_mutation_contention_evidence.tkb:204@ext2_mutation_probe_core0_reader;kernel/kernel/ext2_mutation_contention_evidence.tkb:228@ext2_mutation_probe_overlap;kernel/kernel/ext2_mutation_contention_evidence.tkb:250@ext2_mutation_probe_overlap;kernel/kernel/ext2_mutation_contention_evidence.tkb:255@ext2_mutation_probe_overlap	-	kernel/kernel/ext2_mutation_contention_evidence.tkb:137@ext2_mutation_probe_reader;kernel/kernel/ext2_mutation_contention_evidence.tkb:162@ext2_mutation_probe_mutator;kernel/kernel/ext2_mutation_contention_evidence.tkb:167@ext2_mutation_probe_mutator;kernel/kernel/ext2_mutation_contention_evidence.tkb:186@ext2_mutation_probe_core0_reader;kernel/kernel/ext2_mutation_contention_evidence.tkb:204@ext2_mutation_probe_core0_reader;kernel/kernel/ext2_mutation_contention_evidence.tkb:228@ext2_mutation_probe_overlap;kernel/kernel/ext2_mutation_contention_evidence.tkb:250@ext2_mutation_probe_overlap;kernel/kernel/ext2_mutation_contention_evidence.tkb:255@ext2_mutation_probe_overlap	-
kernel/kernel/ext2_mutation_contention_evidence.tkb	704c490cab697f284d7945ec5f63e7aa8c03173cad380ad943617706933422d4	79	ext2_mutation_probe_overlapped	mutable	private	usize	-	qemu,rpi5	kernel/kernel/ext2_mutation_contention_evidence.tkb:139@ext2_mutation_probe_reader;kernel/kernel/ext2_mutation_contention_evidence.tkb:229@ext2_mutation_probe_overlap;kernel/kernel/ext2_mutation_contention_evidence.tkb:269@ext2_mutation_probe_overlap	-	kernel/kernel/ext2_mutation_contention_evidence.tkb:139@ext2_mutation_probe_reader;kernel/kernel/ext2_mutation_contention_evidence.tkb:229@ext2_mutation_probe_overlap;kernel/kernel/ext2_mutation_contention_evidence.tkb:269@ext2_mutation_probe_overlap	-
kernel/kernel/ext2_mutation_contention_evidence.tkb	704c490cab697f284d7945ec5f63e7aa8c03173cad380ad943617706933422d4	80	ext2_mutation_probe_left	mutable	private	usize	-	qemu,rpi5	kernel/kernel/ext2_mutation_contention_evidence.tkb:142@ext2_mutation_probe_reader;kernel/kernel/ext2_mutation_contention_evidence.tkb:170@ext2_mutation_probe_mutator;kernel/kernel/ext2_mutation_contention_evidence.tkb:187@ext2_mutation_probe_core0_reader;kernel/kernel/ext2_mutation_contention_evidence.tkb:206@ext2_mutation_probe_core0_reader;kernel/kernel/ext2_mutation_contention_evidence.tkb:230@ext2_mutation_probe_overlap;kernel/kernel/ext2_mutation_contention_evidence.tkb:260@ext2_mutation_probe_overlap	-	kernel/kernel/ext2_mutation_contention_evidence.tkb:142@ext2_mutation_probe_reader;kernel/kernel/ext2_mutation_contention_evidence.tkb:170@ext2_mutation_probe_mutator;kernel/kernel/ext2_mutation_contention_evidence.tkb:187@ext2_mutation_probe_core0_reader;kernel/kernel/ext2_mutation_contention_evidence.tkb:206@ext2_mutation_probe_core0_reader;kernel/kernel/ext2_mutation_contention_evidence.tkb:230@ext2_mutation_probe_overlap;kernel/kernel/ext2_mutation_contention_evidence.tkb:260@ext2_mutation_probe_overlap	-
kernel/kernel/fd_table.tkb	2af5afde92a550dbd009f12097b942417a554b89299fd41f1562f821a0ddb683	138	fd_block_pool	mutable	private	RegionPool(FdBlock)	-	qemu,rpi5	kernel/kernel/fd_table.tkb:178@fd_block_slot_free;kernel/kernel/fd_table.tkb:384@fd_block_matches;kernel/kernel/fd_table.tkb:408@fd_block_alloc;kernel/kernel/fd_table.tkb:412@fd_block_alloc;kernel/kernel/fd_table.tkb:421@fd_block_alloc;kernel/kernel/fd_table.tkb:478@fd_block_free;kernel/kernel/fd_table.tkb:513@fd_block_lookup;kernel/kernel/fd_table.tkb:551@fd_block_ensure;kernel/kernel/fd_table.tkb:583@fd_blocks_release;kernel/kernel/fd_table.tkb:1282@unified_fd_next_open;kernel/kernel/fd_table.tkb:1760@unified_terminal_is_open;kernel/kernel/fd_table.tkb:1889@unified_fd_alloc;kernel/kernel/fd_table.tkb:1987@unified_socket_lookup;kernel/kernel/fd_table.tkb:2097@unified_fd_duplicate;kernel/kernel/fd_table.tkb:2122@unified_fd_set_close_on_exec;kernel/kernel/fd_table.tkb:2145@unified_fd_close_on_exec;kernel/kernel/fd_table.tkb:2420@unified_file_lookup;kernel/kernel/fd_table.tkb:2464@unified_directory_lookup;kernel/kernel/fd_table.tkb:2607@unified_fd_install;kernel/kernel/fd_table.tkb:2644@unified_fd_close;kernel/kernel/fd_table.tkb:2811@unified_fd_clone_run;kernel/kernel/fd_table.tkb:2866@unified_fd_clone_run;kernel/kernel/fd_table.tkb:2957@unified_fd_set_offset;kernel/kernel/fd_table.tkb:2994@unified_fd_offset;kernel/kernel/fd_table.tkb:3697@unified_fd_probe_object_references;kernel/kernel/fd_table.tkb:3916@kernel_fd_table_crash_kind;kernel/kernel/fd_table.tkb:3943@kernel_fd_table_crash_object;kernel/kernel/fd_table.tkb:3970@fd_block_pool_space_stats	-	kernel/kernel/fd_table.tkb:178@fd_block_slot_free;kernel/kernel/fd_table.tkb:384@fd_block_matches;kernel/kernel/fd_table.tkb:408@fd_block_alloc;kernel/kernel/fd_table.tkb:412@fd_block_alloc;kernel/kernel/fd_table.tkb:421@fd_block_alloc;kernel/kernel/fd_table.tkb:478@fd_block_free;kernel/kernel/fd_table.tkb:513@fd_block_lookup;kernel/kernel/fd_table.tkb:551@fd_block_ensure;kernel/kernel/fd_table.tkb:583@fd_blocks_release;kernel/kernel/fd_table.tkb:1282@unified_fd_next_open;kernel/kernel/fd_table.tkb:1760@unified_terminal_is_open;kernel/kernel/fd_table.tkb:1889@unified_fd_alloc;kernel/kernel/fd_table.tkb:1987@unified_socket_lookup;kernel/kernel/fd_table.tkb:2097@unified_fd_duplicate;kernel/kernel/fd_table.tkb:2122@unified_fd_set_close_on_exec;kernel/kernel/fd_table.tkb:2145@unified_fd_close_on_exec;kernel/kernel/fd_table.tkb:2420@unified_file_lookup;kernel/kernel/fd_table.tkb:2464@unified_directory_lookup;kernel/kernel/fd_table.tkb:2607@unified_fd_install;kernel/kernel/fd_table.tkb:2644@unified_fd_close;kernel/kernel/fd_table.tkb:2811@unified_fd_clone_run;kernel/kernel/fd_table.tkb:2866@unified_fd_clone_run;kernel/kernel/fd_table.tkb:2957@unified_fd_set_offset;kernel/kernel/fd_table.tkb:2994@unified_fd_offset;kernel/kernel/fd_table.tkb:3697@unified_fd_probe_object_references;kernel/kernel/fd_table.tkb:3916@kernel_fd_table_crash_kind;kernel/kernel/fd_table.tkb:3943@kernel_fd_table_crash_object;kernel/kernel/fd_table.tkb:3970@fd_block_pool_space_stats	-
kernel/kernel/fd_table.tkb	2af5afde92a550dbd009f12097b942417a554b89299fd41f1562f821a0ddb683	223	fd_block_missing	mutable	private	FdBlock	-	qemu,rpi5	-	-	-	-
kernel/kernel/fd_table.tkb	2af5afde92a550dbd009f12097b942417a554b89299fd41f1562f821a0ddb683	224	fd_context_missing	mutable	private	ProcessFdContext	-	qemu,rpi5	-	-	-	-
kernel/kernel/fd_table.tkb	2af5afde92a550dbd009f12097b942417a554b89299fd41f1562f821a0ddb683	225	unified_object_missing	mutable	private	SharedObject	-	qemu,rpi5	-	-	-	-
kernel/kernel/fd_table.tkb	2af5afde92a550dbd009f12097b942417a554b89299fd41f1562f821a0ddb683	226	unified_fd_record_missing_count	mutable	private	usize	0	qemu,rpi5	kernel/kernel/fd_table.tkb:181@fd_block_slot_free;kernel/kernel/fd_table.tkb:231@unified_fd_record_missing_uses;kernel/kernel/fd_table.tkb:322@fd_context_slot_free;kernel/kernel/fd_table.tkb:868@object_slot_free	kernel/kernel/fd_table.tkb:181@fd_block_slot_free;kernel/kernel/fd_table.tkb:322@fd_context_slot_free;kernel/kernel/fd_table.tkb:868@object_slot_free	-	-
kernel/kernel/fd_table.tkb	2af5afde92a550dbd009f12097b942417a554b89299fd41f1562f821a0ddb683	240	fd_slot_total	mutable	private	GuardedField(usize)	-	qemu,rpi5	kernel/kernel/fd_table.tkb:442@fd_block_publish;kernel/kernel/fd_table.tkb:489@fd_block_free;kernel/kernel/fd_table.tkb:986@unified_object_retain;kernel/kernel/fd_table.tkb:2544@unified_object_ref_bound	-	kernel/kernel/fd_table.tkb:442@fd_block_publish;kernel/kernel/fd_table.tkb:489@fd_block_free;kernel/kernel/fd_table.tkb:986@unified_object_retain;kernel/kernel/fd_table.tkb:2544@unified_object_ref_bound	-
kernel/kernel/fd_table.tkb	2af5afde92a550dbd009f12097b942417a554b89299fd41f1562f821a0ddb683	284	fd_context_pool	mutable	private	RegionPool(ProcessFdContext)	-	qemu,rpi5	kernel/kernel/fd_table.tkb:319@fd_context_slot_free;kernel/kernel/fd_table.tkb:367@fd_context_address;kernel/kernel/fd_table.tkb:614@unified_fd_context_lookup;kernel/kernel/fd_table.tkb:636@unified_fd_context_ensure;kernel/kernel/fd_table.tkb:640@unified_fd_context_ensure;kernel/kernel/fd_table.tkb:649@unified_fd_context_ensure;kernel/kernel/fd_table.tkb:716@unified_fd_context_release_words;kernel/kernel/fd_table.tkb:1075@unified_fd_context_live_count;kernel/kernel/fd_table.tkb:1274@unified_fd_next_open;kernel/kernel/fd_table.tkb:1322@unified_fd_table_init;kernel/kernel/fd_table.tkb:1327@unified_fd_table_init;kernel/kernel/fd_table.tkb:1377@unified_process_heap_range_configure;kernel/kernel/fd_table.tkb:1397@unified_process_heap_configure;kernel/kernel/fd_table.tkb:1464@unified_process_mmap_take;kernel/kernel/fd_table.tkb:1498@unified_process_mmap_release_page;kernel/kernel/fd_table.tkb:1516@unified_process_brk_blocked;kernel/kernel/fd_table.tkb:1533@unified_process_heap_break;kernel/kernel/fd_table.tkb:1546@unified_process_heap_start;kernel/kernel/fd_table.tkb:1559@unified_process_heap_limit;kernel/kernel/fd_table.tkb:1753@unified_terminal_is_open;kernel/kernel/fd_table.tkb:1880@unified_fd_alloc;kernel/kernel/fd_table.tkb:1925@unified_process_fd_limit;kernel/kernel/fd_table.tkb:1962@unified_process_fd_limit_configure;kernel/kernel/fd_table.tkb:1976@unified_socket_lookup;kernel/kernel/fd_table.tkb:2090@unified_fd_duplicate;kernel/kernel/fd_table.tkb:2115@unified_fd_set_close_on_exec;kernel/kernel/fd_table.tkb:2138@unified_fd_close_on_exec;kernel/kernel/fd_table.tkb:2413@unified_file_lookup;kernel/kernel/fd_table.tkb:2457@unified_directory_lookup;kernel/kernel/fd_table.tkb:2577@unified_fd_install;kernel/kernel/fd_table.tkb:2637@unified_fd_close;kernel/kernel/fd_table.tkb:2773@unified_fd_clone_run;kernel/kernel/fd_table.tkb:2782@unified_fd_clone_run;kernel/kernel/fd_table.tkb:2950@unified_fd_set_offset;kernel/kernel/fd_table.tkb:2987@unified_fd_offset;kernel/kernel/fd_table.tkb:3690@unified_fd_probe_object_references;kernel/kernel/fd_table.tkb:3741@unified_fd_table_probe;kernel/kernel/fd_table.tkb:3909@kernel_fd_table_crash_kind;kernel/kernel/fd_table.tkb:3936@kernel_fd_table_crash_object;kernel/kernel/fd_table.tkb:3962@fd_context_pool_space_stats	-	kernel/kernel/fd_table.tkb:319@fd_context_slot_free;kernel/kernel/fd_table.tkb:367@fd_context_address;kernel/kernel/fd_table.tkb:614@unified_fd_context_lookup;kernel/kernel/fd_table.tkb:636@unified_fd_context_ensure;kernel/kernel/fd_table.tkb:640@unified_fd_context_ensure;kernel/kernel/fd_table.tkb:649@unified_fd_context_ensure;kernel/kernel/fd_table.tkb:716@unified_fd_context_release_words;kernel/kernel/fd_table.tkb:1075@unified_fd_context_live_count;kernel/kernel/fd_table.tkb:1274@unified_fd_next_open;kernel/kernel/fd_table.tkb:1322@unified_fd_table_init;kernel/kernel/fd_table.tkb:1327@unified_fd_table_init;kernel/kernel/fd_table.tkb:1377@unified_process_heap_range_configure;kernel/kernel/fd_table.tkb:1397@unified_process_heap_configure;kernel/kernel/fd_table.tkb:1464@unified_process_mmap_take;kernel/kernel/fd_table.tkb:1498@unified_process_mmap_release_page;kernel/kernel/fd_table.tkb:1516@unified_process_brk_blocked;kernel/kernel/fd_table.tkb:1533@unified_process_heap_break;kernel/kernel/fd_table.tkb:1546@unified_process_heap_start;kernel/kernel/fd_table.tkb:1559@unified_process_heap_limit;kernel/kernel/fd_table.tkb:1753@unified_terminal_is_open;kernel/kernel/fd_table.tkb:1880@unified_fd_alloc;kernel/kernel/fd_table.tkb:1925@unified_process_fd_limit;kernel/kernel/fd_table.tkb:1962@unified_process_fd_limit_configure;kernel/kernel/fd_table.tkb:1976@unified_socket_lookup;kernel/kernel/fd_table.tkb:2090@unified_fd_duplicate;kernel/kernel/fd_table.tkb:2115@unified_fd_set_close_on_exec;kernel/kernel/fd_table.tkb:2138@unified_fd_close_on_exec;kernel/kernel/fd_table.tkb:2413@unified_file_lookup;kernel/kernel/fd_table.tkb:2457@unified_directory_lookup;kernel/kernel/fd_table.tkb:2577@unified_fd_install;kernel/kernel/fd_table.tkb:2637@unified_fd_close;kernel/kernel/fd_table.tkb:2773@unified_fd_clone_run;kernel/kernel/fd_table.tkb:2782@unified_fd_clone_run;kernel/kernel/fd_table.tkb:2950@unified_fd_set_offset;kernel/kernel/fd_table.tkb:2987@unified_fd_offset;kernel/kernel/fd_table.tkb:3690@unified_fd_probe_object_references;kernel/kernel/fd_table.tkb:3741@unified_fd_table_probe;kernel/kernel/fd_table.tkb:3909@kernel_fd_table_crash_kind;kernel/kernel/fd_table.tkb:3936@kernel_fd_table_crash_object;kernel/kernel/fd_table.tkb:3962@fd_context_pool_space_stats	-
kernel/kernel/fd_table.tkb	2af5afde92a550dbd009f12097b942417a554b89299fd41f1562f821a0ddb683	828	object_pool	mutable	private	RegionPool(SharedObject)	-	qemu,rpi5	kernel/kernel/fd_table.tkb:865@object_slot_free;kernel/kernel/fd_table.tkb:899@unified_object_live_count;kernel/kernel/fd_table.tkb:932@unified_object_matches;kernel/kernel/fd_table.tkb:943@unified_object_kind;kernel/kernel/fd_table.tkb:957@unified_object_free;kernel/kernel/fd_table.tkb:1016@unified_object_retain_locked;kernel/kernel/fd_table.tkb:1090@unified_object_refs_of;kernel/kernel/fd_table.tkb:1131@unified_object_release_locked;kernel/kernel/fd_table.tkb:1159@unified_object_drain_one;kernel/kernel/fd_table.tkb:1578@unified_file_open;kernel/kernel/fd_table.tkb:1621@unified_directory_open;kernel/kernel/fd_table.tkb:1798@unified_object_alloc_first;kernel/kernel/fd_table.tkb:1802@unified_object_alloc_first;kernel/kernel/fd_table.tkb:1811@unified_object_alloc_first;kernel/kernel/fd_table.tkb:2009@unified_listener_create;kernel/kernel/fd_table.tkb:2052@unified_connection_create;kernel/kernel/fd_table.tkb:2187@unified_object_references;kernel/kernel/fd_table.tkb:2227@unified_listener_claim;kernel/kernel/fd_table.tkb:2249@unified_listener_release;kernel/kernel/fd_table.tkb:2263@unified_listener_state;kernel/kernel/fd_table.tkb:2280@unified_listener_set_state;kernel/kernel/fd_table.tkb:2296@unified_listener_port;kernel/kernel/fd_table.tkb:2310@unified_listener_set_port;kernel/kernel/fd_table.tkb:2329@unified_listener_pending_slot;kernel/kernel/fd_table.tkb:2344@unified_listener_pending_generation;kernel/kernel/fd_table.tkb:2360@unified_listener_set_pending;kernel/kernel/fd_table.tkb:2377@unified_connection_slot;kernel/kernel/fd_table.tkb:2397@unified_connection_generation;kernel/kernel/fd_table.tkb:2440@unified_file_inode;kernel/kernel/fd_table.tkb:2484@unified_directory_inode;kernel/kernel/fd_table.tkb:2497@unified_file_is_readable;kernel/kernel/fd_table.tkb:2507@unified_file_is_writable;kernel/kernel/fd_table.tkb:2596@unified_fd_install;kernel/kernel/fd_table.tkb:2969@unified_fd_set_offset;kernel/kernel/fd_table.tkb:3006@unified_fd_offset;kernel/kernel/fd_table.tkb:3978@object_pool_space_stats	-	kernel/kernel/fd_table.tkb:865@object_slot_free;kernel/kernel/fd_table.tkb:899@unified_object_live_count;kernel/kernel/fd_table.tkb:932@unified_object_matches;kernel/kernel/fd_table.tkb:943@unified_object_kind;kernel/kernel/fd_table.tkb:957@unified_object_free;kernel/kernel/fd_table.tkb:1016@unified_object_retain_locked;kernel/kernel/fd_table.tkb:1090@unified_object_refs_of;kernel/kernel/fd_table.tkb:1131@unified_object_release_locked;kernel/kernel/fd_table.tkb:1159@unified_object_drain_one;kernel/kernel/fd_table.tkb:1578@unified_file_open;kernel/kernel/fd_table.tkb:1621@unified_directory_open;kernel/kernel/fd_table.tkb:1798@unified_object_alloc_first;kernel/kernel/fd_table.tkb:1802@unified_object_alloc_first;kernel/kernel/fd_table.tkb:1811@unified_object_alloc_first;kernel/kernel/fd_table.tkb:2009@unified_listener_create;kernel/kernel/fd_table.tkb:2052@unified_connection_create;kernel/kernel/fd_table.tkb:2187@unified_object_references;kernel/kernel/fd_table.tkb:2227@unified_listener_claim;kernel/kernel/fd_table.tkb:2249@unified_listener_release;kernel/kernel/fd_table.tkb:2263@unified_listener_state;kernel/kernel/fd_table.tkb:2280@unified_listener_set_state;kernel/kernel/fd_table.tkb:2296@unified_listener_port;kernel/kernel/fd_table.tkb:2310@unified_listener_set_port;kernel/kernel/fd_table.tkb:2329@unified_listener_pending_slot;kernel/kernel/fd_table.tkb:2344@unified_listener_pending_generation;kernel/kernel/fd_table.tkb:2360@unified_listener_set_pending;kernel/kernel/fd_table.tkb:2377@unified_connection_slot;kernel/kernel/fd_table.tkb:2397@unified_connection_generation;kernel/kernel/fd_table.tkb:2440@unified_file_inode;kernel/kernel/fd_table.tkb:2484@unified_directory_inode;kernel/kernel/fd_table.tkb:2497@unified_file_is_readable;kernel/kernel/fd_table.tkb:2507@unified_file_is_writable;kernel/kernel/fd_table.tkb:2596@unified_fd_install;kernel/kernel/fd_table.tkb:2969@unified_fd_set_offset;kernel/kernel/fd_table.tkb:3006@unified_fd_offset;kernel/kernel/fd_table.tkb:3978@object_pool_space_stats	-
kernel/kernel/fd_table.tkb	2af5afde92a550dbd009f12097b942417a554b89299fd41f1562f821a0ddb683	1029	object_double_release_count	mutable	private	usize	0	qemu,rpi5	kernel/kernel/fd_table.tkb:1110@unified_object_double_release_count;kernel/kernel/fd_table.tkb:1143@unified_object_release_locked;kernel/kernel/fd_table.tkb:1316@unified_fd_table_init	kernel/kernel/fd_table.tkb:1143@unified_object_release_locked;kernel/kernel/fd_table.tkb:1316@unified_fd_table_init	-	-
kernel/kernel/fd_table.tkb	2af5afde92a550dbd009f12097b942417a554b89299fd41f1562f821a0ddb683	1046	object_refcount_lock	mutable	private	Mutex	-	qemu,rpi5	kernel/kernel/fd_table.tkb:441@fd_block_publish;kernel/kernel/fd_table.tkb:444@fd_block_publish;kernel/kernel/fd_table.tkb:488@fd_block_free;kernel/kernel/fd_table.tkb:495@fd_block_free;kernel/kernel/fd_table.tkb:985@unified_object_retain;kernel/kernel/fd_table.tkb:989@unified_object_retain;kernel/kernel/fd_table.tkb:998@unified_object_retain_at_limit;kernel/kernel/fd_table.tkb:1001@unified_object_retain_at_limit;kernel/kernel/fd_table.tkb:1088@unified_object_refs_of;kernel/kernel/fd_table.tkb:1091@unified_object_refs_of;kernel/kernel/fd_table.tkb:1096@unified_object_refs_of;kernel/kernel/fd_table.tkb:1116@unified_object_release;kernel/kernel/fd_table.tkb:1119@unified_object_release;kernel/kernel/fd_table.tkb:1834@unified_object_publish;kernel/kernel/fd_table.tkb:1837@unified_object_publish;kernel/kernel/fd_table.tkb:2185@unified_object_references;kernel/kernel/fd_table.tkb:2188@unified_object_references;kernel/kernel/fd_table.tkb:2193@unified_object_references;kernel/kernel/fd_table.tkb:2225@unified_listener_claim;kernel/kernel/fd_table.tkb:2228@unified_listener_claim;kernel/kernel/fd_table.tkb:2234@unified_listener_claim;kernel/kernel/fd_table.tkb:2238@unified_listener_claim;kernel/kernel/fd_table.tkb:2247@unified_listener_release;kernel/kernel/fd_table.tkb:2250@unified_listener_release;kernel/kernel/fd_table.tkb:2256@unified_listener_release;kernel/kernel/fd_table.tkb:2543@unified_object_ref_bound;kernel/kernel/fd_table.tkb:2546@unified_object_ref_bound	-	kernel/kernel/fd_table.tkb:441@fd_block_publish;kernel/kernel/fd_table.tkb:444@fd_block_publish;kernel/kernel/fd_table.tkb:488@fd_block_free;kernel/kernel/fd_table.tkb:495@fd_block_free;kernel/kernel/fd_table.tkb:985@unified_object_retain;kernel/kernel/fd_table.tkb:989@unified_object_retain;kernel/kernel/fd_table.tkb:998@unified_object_retain_at_limit;kernel/kernel/fd_table.tkb:1001@unified_object_retain_at_limit;kernel/kernel/fd_table.tkb:1088@unified_object_refs_of;kernel/kernel/fd_table.tkb:1091@unified_object_refs_of;kernel/kernel/fd_table.tkb:1096@unified_object_refs_of;kernel/kernel/fd_table.tkb:1116@unified_object_release;kernel/kernel/fd_table.tkb:1119@unified_object_release;kernel/kernel/fd_table.tkb:1834@unified_object_publish;kernel/kernel/fd_table.tkb:1837@unified_object_publish;kernel/kernel/fd_table.tkb:2185@unified_object_references;kernel/kernel/fd_table.tkb:2188@unified_object_references;kernel/kernel/fd_table.tkb:2193@unified_object_references;kernel/kernel/fd_table.tkb:2225@unified_listener_claim;kernel/kernel/fd_table.tkb:2228@unified_listener_claim;kernel/kernel/fd_table.tkb:2234@unified_listener_claim;kernel/kernel/fd_table.tkb:2238@unified_listener_claim;kernel/kernel/fd_table.tkb:2247@unified_listener_release;kernel/kernel/fd_table.tkb:2250@unified_listener_release;kernel/kernel/fd_table.tkb:2256@unified_listener_release;kernel/kernel/fd_table.tkb:2543@unified_object_ref_bound;kernel/kernel/fd_table.tkb:2546@unified_object_ref_bound	-
kernel/kernel/fd_table.tkb	2af5afde92a550dbd009f12097b942417a554b89299fd41f1562f821a0ddb683	2557	unified_object_ref_bound_breaks	mutable	private	usize	0	qemu,rpi5	kernel/kernel/fd_table.tkb:2560@unified_object_ref_bound_breaks_count;kernel/kernel/fd_table.tkb:2564@unified_object_ref_bound_break	kernel/kernel/fd_table.tkb:2564@unified_object_ref_bound_break	-	-
kernel/kernel/fd_table.tkb	2af5afde92a550dbd009f12097b942417a554b89299fd41f1562f821a0ddb683	3368	fd_refcount_probe_handle	mutable	private	UnifiedObjectHandle	-	qemu,rpi5	kernel/kernel/fd_table.tkb:3419@fd_refcount_probe_cycle;kernel/kernel/fd_table.tkb:3433@fd_refcount_probe_cycle;kernel/kernel/fd_table.tkb:3540@fd_refcount_contention_probe;kernel/kernel/fd_table.tkb:3560@fd_refcount_contention_probe;kernel/kernel/fd_table.tkb:3561@fd_refcount_contention_probe;kernel/kernel/fd_table.tkb:3580@fd_refcount_contention_probe;kernel/kernel/fd_table.tkb:3592@fd_refcount_contention_probe;kernel/kernel/fd_table.tkb:3667@fd_refcount_contention_probe	kernel/kernel/fd_table.tkb:3540@fd_refcount_contention_probe	-	-
kernel/kernel/fd_table.tkb	2af5afde92a550dbd009f12097b942417a554b89299fd41f1562f821a0ddb683	3369	fd_refcount_probe_ready	mutable	private	bool	false	qemu,rpi5	kernel/kernel/fd_table.tkb:3524@fd_refcount_contention_probe;kernel/kernel/fd_table.tkb:3541@fd_refcount_contention_probe	kernel/kernel/fd_table.tkb:3541@fd_refcount_contention_probe	-	-
kernel/kernel/fd_table.tkb	2af5afde92a550dbd009f12097b942417a554b89299fd41f1562f821a0ddb683	3370	fd_refcount_probe_armed	mutable	private	usize	-	qemu,rpi5	kernel/kernel/fd_table.tkb:3378@fd_refcount_probe_armed_address	-	kernel/kernel/fd_table.tkb:3378@fd_refcount_probe_armed_address	-
kernel/kernel/fd_table.tkb	2af5afde92a550dbd009f12097b942417a554b89299fd41f1562f821a0ddb683	3371	fd_refcount_probe_primary	mutable	private	usize	-	qemu,rpi5	kernel/kernel/fd_table.tkb:3382@fd_refcount_probe_primary_address	-	kernel/kernel/fd_table.tkb:3382@fd_refcount_probe_primary_address	-
kernel/kernel/fd_table.tkb	2af5afde92a550dbd009f12097b942417a554b89299fd41f1562f821a0ddb683	3372	fd_refcount_probe_secondary	mutable	private	usize	-	qemu,rpi5	kernel/kernel/fd_table.tkb:3386@fd_refcount_probe_secondary_address	-	kernel/kernel/fd_table.tkb:3386@fd_refcount_probe_secondary_address	-
kernel/kernel/fd_table.tkb	2af5afde92a550dbd009f12097b942417a554b89299fd41f1562f821a0ddb683	3373	fd_refcount_probe_refused	mutable	private	usize	-	qemu,rpi5	kernel/kernel/fd_table.tkb:3390@fd_refcount_probe_refused_address	-	kernel/kernel/fd_table.tkb:3390@fd_refcount_probe_refused_address	-
kernel/kernel/fd_table.tkb	2af5afde92a550dbd009f12097b942417a554b89299fd41f1562f821a0ddb683	3374	fd_refcount_probe_active	mutable	private	usize	-	qemu,rpi5	kernel/kernel/fd_table.tkb:3394@fd_refcount_probe_active_address	-	kernel/kernel/fd_table.tkb:3394@fd_refcount_probe_active_address	-
kernel/kernel/fd_table.tkb	2af5afde92a550dbd009f12097b942417a554b89299fd41f1562f821a0ddb683	3375	fd_refcount_probe_overlap	mutable	private	usize	-	qemu,rpi5	kernel/kernel/fd_table.tkb:3414@fd_refcount_probe_overlap_address	-	kernel/kernel/fd_table.tkb:3414@fd_refcount_probe_overlap_address	-
kernel/kernel/fd_table.tkb	2af5afde92a550dbd009f12097b942417a554b89299fd41f1562f821a0ddb683	3407	fd_refcount_probe_entries	mutable	private	usize	-	qemu,rpi5	kernel/kernel/fd_table.tkb:3410@fd_refcount_probe_entries_address	-	kernel/kernel/fd_table.tkb:3410@fd_refcount_probe_entries_address	-
kernel/kernel/freelist_contention_evidence.tkb	07d5247a9e7b887c6e65640b221079b2c29342a79c0e528e6b4e7ac8ddd9519d	52	freelist_probe	mutable	private	FreelistCore(FREELIST_CONTENTION_SLOTS)	-	qemu,rpi5	kernel/kernel/freelist_contention_evidence.tkb:158@freelist_probe_init;kernel/kernel/freelist_contention_evidence.tkb:248@freelist_probe_record_pop;kernel/kernel/freelist_contention_evidence.tkb:270@freelist_probe_cycle;kernel/kernel/freelist_contention_evidence.tkb:276@freelist_probe_cycle;kernel/kernel/freelist_contention_evidence.tkb:299@freelist_probe_cycle;kernel/kernel/freelist_contention_evidence.tkb:381@freelist_contention_phase	-	kernel/kernel/freelist_contention_evidence.tkb:158@freelist_probe_init;kernel/kernel/freelist_contention_evidence.tkb:248@freelist_probe_record_pop;kernel/kernel/freelist_contention_evidence.tkb:270@freelist_probe_cycle;kernel/kernel/freelist_contention_evidence.tkb:276@freelist_probe_cycle;kernel/kernel/freelist_contention_evidence.tkb:299@freelist_probe_cycle;kernel/kernel/freelist_contention_evidence.tkb:381@freelist_contention_phase	-
kernel/kernel/freelist_contention_evidence.tkb	07d5247a9e7b887c6e65640b221079b2c29342a79c0e528e6b4e7ac8ddd9519d	53	freelist_probe_ready	mutable	private	bool	false	qemu,rpi5	kernel/kernel/freelist_contention_evidence.tkb:156@freelist_probe_init;kernel/kernel/freelist_contention_evidence.tkb:157@freelist_probe_init	kernel/kernel/freelist_contention_evidence.tkb:157@freelist_probe_init	-	-
kernel/kernel/freelist_contention_evidence.tkb	07d5247a9e7b887c6e65640b221079b2c29342a79c0e528e6b4e7ac8ddd9519d	58	freelist_probe_held	mutable	private	[usize; FREELIST_CONTENTION_SLOTS]	-	qemu,rpi5	kernel/kernel/freelist_contention_evidence.tkb:151@freelist_probe_held_address	-	-	-
kernel/kernel/freelist_contention_evidence.tkb	07d5247a9e7b887c6e65640b221079b2c29342a79c0e528e6b4e7ac8ddd9519d	64	freelist_probe_lock	mutable	private	Mutex	-	qemu,rpi5	kernel/kernel/freelist_contention_evidence.tkb:268@freelist_probe_cycle;kernel/kernel/freelist_contention_evidence.tkb:272@freelist_probe_cycle	-	kernel/kernel/freelist_contention_evidence.tkb:268@freelist_probe_cycle;kernel/kernel/freelist_contention_evidence.tkb:272@freelist_probe_cycle	-
kernel/kernel/freelist_contention_evidence.tkb	07d5247a9e7b887c6e65640b221079b2c29342a79c0e528e6b4e7ac8ddd9519d	66	freelist_probe_locked_phase	mutable	private	usize	-	qemu,rpi5	kernel/kernel/freelist_contention_evidence.tkb:147@freelist_probe_locked_phase_address	-	kernel/kernel/freelist_contention_evidence.tkb:147@freelist_probe_locked_phase_address	-
kernel/kernel/freelist_contention_evidence.tkb	07d5247a9e7b887c6e65640b221079b2c29342a79c0e528e6b4e7ac8ddd9519d	68	freelist_probe_armed	mutable	private	usize	-	qemu,rpi5	kernel/kernel/freelist_contention_evidence.tkb:81@freelist_probe_armed_address	-	kernel/kernel/freelist_contention_evidence.tkb:81@freelist_probe_armed_address	-
kernel/kernel/freelist_contention_evidence.tkb	07d5247a9e7b887c6e65640b221079b2c29342a79c0e528e6b4e7ac8ddd9519d	69	freelist_probe_primary	mutable	private	usize	-	qemu,rpi5	kernel/kernel/freelist_contention_evidence.tkb:85@freelist_probe_primary_address	-	kernel/kernel/freelist_contention_evidence.tkb:85@freelist_probe_primary_address	-
kernel/kernel/freelist_contention_evidence.tkb	07d5247a9e7b887c6e65640b221079b2c29342a79c0e528e6b4e7ac8ddd9519d	70	freelist_probe_secondary	mutable	private	usize	-	qemu,rpi5	kernel/kernel/freelist_contention_evidence.tkb:89@freelist_probe_secondary_address	-	kernel/kernel/freelist_contention_evidence.tkb:89@freelist_probe_secondary_address	-
kernel/kernel/freelist_contention_evidence.tkb	07d5247a9e7b887c6e65640b221079b2c29342a79c0e528e6b4e7ac8ddd9519d	71	freelist_probe_duplicates	mutable	private	usize	-	qemu,rpi5	kernel/kernel/freelist_contention_evidence.tkb:93@freelist_probe_duplicates_address	-	kernel/kernel/freelist_contention_evidence.tkb:93@freelist_probe_duplicates_address	-
kernel/kernel/freelist_contention_evidence.tkb	07d5247a9e7b887c6e65640b221079b2c29342a79c0e528e6b4e7ac8ddd9519d	72	freelist_probe_empty	mutable	private	usize	-	qemu,rpi5	kernel/kernel/freelist_contention_evidence.tkb:97@freelist_probe_empty_address	-	kernel/kernel/freelist_contention_evidence.tkb:97@freelist_probe_empty_address	-
kernel/kernel/freelist_contention_evidence.tkb	07d5247a9e7b887c6e65640b221079b2c29342a79c0e528e6b4e7ac8ddd9519d	73	freelist_probe_active	mutable	private	usize	-	qemu,rpi5	kernel/kernel/freelist_contention_evidence.tkb:101@freelist_probe_active_address	-	kernel/kernel/freelist_contention_evidence.tkb:101@freelist_probe_active_address	-
kernel/kernel/freelist_contention_evidence.tkb	07d5247a9e7b887c6e65640b221079b2c29342a79c0e528e6b4e7ac8ddd9519d	74	freelist_probe_overlap	mutable	private	usize	-	qemu,rpi5	kernel/kernel/freelist_contention_evidence.tkb:127@freelist_probe_overlap_address	-	kernel/kernel/freelist_contention_evidence.tkb:127@freelist_probe_overlap_address	-
kernel/kernel/freelist_contention_evidence.tkb	07d5247a9e7b887c6e65640b221079b2c29342a79c0e528e6b4e7ac8ddd9519d	75	freelist_probe_primary_arrived	mutable	private	usize	-	qemu,rpi5	kernel/kernel/freelist_contention_evidence.tkb:131@freelist_probe_primary_arrived_address	-	kernel/kernel/freelist_contention_evidence.tkb:131@freelist_probe_primary_arrived_address	-
kernel/kernel/freelist_contention_evidence.tkb	07d5247a9e7b887c6e65640b221079b2c29342a79c0e528e6b4e7ac8ddd9519d	76	freelist_probe_secondary_arrived	mutable	private	usize	-	qemu,rpi5	kernel/kernel/freelist_contention_evidence.tkb:135@freelist_probe_secondary_arrived_address	-	kernel/kernel/freelist_contention_evidence.tkb:135@freelist_probe_secondary_arrived_address	-
kernel/kernel/freelist_contention_evidence.tkb	07d5247a9e7b887c6e65640b221079b2c29342a79c0e528e6b4e7ac8ddd9519d	77	freelist_probe_primary_marked	mutable	private	usize	-	qemu,rpi5	kernel/kernel/freelist_contention_evidence.tkb:139@freelist_probe_primary_marked_address	-	kernel/kernel/freelist_contention_evidence.tkb:139@freelist_probe_primary_marked_address	-
kernel/kernel/freelist_contention_evidence.tkb	07d5247a9e7b887c6e65640b221079b2c29342a79c0e528e6b4e7ac8ddd9519d	78	freelist_probe_secondary_marked	mutable	private	usize	-	qemu,rpi5	kernel/kernel/freelist_contention_evidence.tkb:143@freelist_probe_secondary_marked_address	-	kernel/kernel/freelist_contention_evidence.tkb:143@freelist_probe_secondary_marked_address	-
kernel/kernel/freelist_contention_evidence.tkb	07d5247a9e7b887c6e65640b221079b2c29342a79c0e528e6b4e7ac8ddd9519d	120	freelist_probe_entries	mutable	private	usize	-	qemu,rpi5	kernel/kernel/freelist_contention_evidence.tkb:123@freelist_probe_entries_address	-	kernel/kernel/freelist_contention_evidence.tkb:123@freelist_probe_entries_address	-
kernel/kernel/init_once_contention_evidence.tkb	886a88703c55a402ce0a15f3ad6b5c6994e62d89724dd247ad53d674be1e112f	11	init_once_probe_gate	mutable	private	InitOnce	-	qemu,rpi5	kernel/kernel/init_once_contention_evidence.tkb:40@init_once_probe_locked_attempt;kernel/kernel/init_once_contention_evidence.tkb:43@init_once_probe_locked_attempt	-	kernel/kernel/init_once_contention_evidence.tkb:40@init_once_probe_locked_attempt;kernel/kernel/init_once_contention_evidence.tkb:43@init_once_probe_locked_attempt	-
kernel/kernel/init_once_contention_evidence.tkb	886a88703c55a402ce0a15f3ad6b5c6994e62d89724dd247ad53d674be1e112f	12	init_once_probe_armed	mutable	private	usize	-	qemu,rpi5	kernel/kernel/init_once_contention_evidence.tkb:27@init_once_contention_is_armed;kernel/kernel/init_once_contention_evidence.tkb:36@init_once_probe_wait_release;kernel/kernel/init_once_contention_evidence.tkb:71@init_once_contention_secondary_run;kernel/kernel/init_once_contention_evidence.tkb:103@init_once_probe_prepare	-	kernel/kernel/init_once_contention_evidence.tkb:27@init_once_contention_is_armed;kernel/kernel/init_once_contention_evidence.tkb:36@init_once_probe_wait_release;kernel/kernel/init_once_contention_evidence.tkb:71@init_once_contention_secondary_run;kernel/kernel/init_once_contention_evidence.tkb:103@init_once_probe_prepare	-
kernel/kernel/init_once_contention_evidence.tkb	886a88703c55a402ce0a15f3ad6b5c6994e62d89724dd247ad53d674be1e112f	13	init_once_probe_phase	mutable	private	usize	-	qemu,rpi5	kernel/kernel/init_once_contention_evidence.tkb:53@init_once_contention_secondary_run;kernel/kernel/init_once_contention_evidence.tkb:97@init_once_probe_prepare	-	kernel/kernel/init_once_contention_evidence.tkb:53@init_once_contention_secondary_run;kernel/kernel/init_once_contention_evidence.tkb:97@init_once_probe_prepare	-
kernel/kernel/init_once_contention_evidence.tkb	886a88703c55a402ce0a15f3ad6b5c6994e62d89724dd247ad53d674be1e112f	14	init_once_probe_arrived	mutable	private	usize	-	qemu,rpi5	kernel/kernel/init_once_contention_evidence.tkb:32@init_once_probe_wait_release;kernel/kernel/init_once_contention_evidence.tkb:80@init_once_probe_wait_arrived;kernel/kernel/init_once_contention_evidence.tkb:98@init_once_probe_prepare;kernel/kernel/init_once_contention_evidence.tkb:104@init_once_probe_prepare	-	kernel/kernel/init_once_contention_evidence.tkb:32@init_once_probe_wait_release;kernel/kernel/init_once_contention_evidence.tkb:80@init_once_probe_wait_arrived;kernel/kernel/init_once_contention_evidence.tkb:98@init_once_probe_prepare;kernel/kernel/init_once_contention_evidence.tkb:104@init_once_probe_prepare	-
kernel/kernel/init_once_contention_evidence.tkb	886a88703c55a402ce0a15f3ad6b5c6994e62d89724dd247ad53d674be1e112f	15	init_once_probe_release	mutable	private	usize	-	qemu,rpi5	kernel/kernel/init_once_contention_evidence.tkb:34@init_once_probe_wait_release;kernel/kernel/init_once_contention_evidence.tkb:99@init_once_probe_prepare;kernel/kernel/init_once_contention_evidence.tkb:116@init_once_contention_probe;kernel/kernel/init_once_contention_evidence.tkb:131@init_once_contention_probe	-	kernel/kernel/init_once_contention_evidence.tkb:34@init_once_probe_wait_release;kernel/kernel/init_once_contention_evidence.tkb:99@init_once_probe_prepare;kernel/kernel/init_once_contention_evidence.tkb:116@init_once_contention_probe;kernel/kernel/init_once_contention_evidence.tkb:131@init_once_contention_probe	-
kernel/kernel/init_once_contention_evidence.tkb	886a88703c55a402ce0a15f3ad6b5c6994e62d89724dd247ad53d674be1e112f	16	init_once_probe_primary_won	mutable	private	usize	-	qemu,rpi5	kernel/kernel/init_once_contention_evidence.tkb:100@init_once_probe_prepare;kernel/kernel/init_once_contention_evidence.tkb:120@init_once_contention_probe;kernel/kernel/init_once_contention_evidence.tkb:124@init_once_contention_probe;kernel/kernel/init_once_contention_evidence.tkb:134@init_once_contention_probe;kernel/kernel/init_once_contention_evidence.tkb:137@init_once_contention_probe	-	kernel/kernel/init_once_contention_evidence.tkb:100@init_once_probe_prepare;kernel/kernel/init_once_contention_evidence.tkb:120@init_once_contention_probe;kernel/kernel/init_once_contention_evidence.tkb:124@init_once_contention_probe;kernel/kernel/init_once_contention_evidence.tkb:134@init_once_contention_probe;kernel/kernel/init_once_contention_evidence.tkb:137@init_once_contention_probe	-
kernel/kernel/init_once_contention_evidence.tkb	886a88703c55a402ce0a15f3ad6b5c6994e62d89724dd247ad53d674be1e112f	17	init_once_probe_secondary_won	mutable	private	usize	-	qemu,rpi5	kernel/kernel/init_once_contention_evidence.tkb:60@init_once_contention_secondary_run;kernel/kernel/init_once_contention_evidence.tkb:66@init_once_contention_secondary_run;kernel/kernel/init_once_contention_evidence.tkb:101@init_once_probe_prepare;kernel/kernel/init_once_contention_evidence.tkb:125@init_once_contention_probe;kernel/kernel/init_once_contention_evidence.tkb:138@init_once_contention_probe	-	kernel/kernel/init_once_contention_evidence.tkb:60@init_once_contention_secondary_run;kernel/kernel/init_once_contention_evidence.tkb:66@init_once_contention_secondary_run;kernel/kernel/init_once_contention_evidence.tkb:101@init_once_probe_prepare;kernel/kernel/init_once_contention_evidence.tkb:125@init_once_contention_probe;kernel/kernel/init_once_contention_evidence.tkb:138@init_once_contention_probe	-
kernel/kernel/init_once_contention_evidence.tkb	886a88703c55a402ce0a15f3ad6b5c6994e62d89724dd247ad53d674be1e112f	18	init_once_probe_secondary_active	mutable	private	usize	-	qemu,rpi5	kernel/kernel/init_once_contention_evidence.tkb:51@init_once_contention_secondary_run;kernel/kernel/init_once_contention_evidence.tkb:70@init_once_contention_secondary_run;kernel/kernel/init_once_contention_evidence.tkb:90@init_once_probe_wait_left;kernel/kernel/init_once_contention_evidence.tkb:102@init_once_probe_prepare	-	kernel/kernel/init_once_contention_evidence.tkb:51@init_once_contention_secondary_run;kernel/kernel/init_once_contention_evidence.tkb:70@init_once_contention_secondary_run;kernel/kernel/init_once_contention_evidence.tkb:90@init_once_probe_wait_left;kernel/kernel/init_once_contention_evidence.tkb:102@init_once_probe_prepare	-
kernel/kernel/init_once_contention_evidence.tkb	886a88703c55a402ce0a15f3ad6b5c6994e62d89724dd247ad53d674be1e112f	19	init_once_probe_naive_complete	mutable	private	usize	-	qemu,rpi5	kernel/kernel/init_once_contention_evidence.tkb:55@init_once_contention_secondary_run;kernel/kernel/init_once_contention_evidence.tkb:58@init_once_contention_secondary_run;kernel/kernel/init_once_contention_evidence.tkb:111@init_once_contention_probe;kernel/kernel/init_once_contention_evidence.tkb:113@init_once_contention_probe;kernel/kernel/init_once_contention_evidence.tkb:118@init_once_contention_probe	kernel/kernel/init_once_contention_evidence.tkb:58@init_once_contention_secondary_run;kernel/kernel/init_once_contention_evidence.tkb:111@init_once_contention_probe;kernel/kernel/init_once_contention_evidence.tkb:118@init_once_contention_probe	-	-
kernel/kernel/occupancy_drain_evidence.tkb	541238ea51f50bdb9c05aefc1c3a6b38581f5d32d1a1c6d74bbd0fd214128308	65	occupancy_probe_region	mutable	private	Occupancy	-	qemu,rpi5	kernel/kernel/occupancy_drain_evidence.tkb:105@occupancy_drain_secondary_run;kernel/kernel/occupancy_drain_evidence.tkb:116@occupancy_drain_secondary_run;kernel/kernel/occupancy_drain_evidence.tkb:187@occupancy_drain_probe;kernel/kernel/occupancy_drain_evidence.tkb:223@occupancy_drain_probe	-	kernel/kernel/occupancy_drain_evidence.tkb:105@occupancy_drain_secondary_run;kernel/kernel/occupancy_drain_evidence.tkb:116@occupancy_drain_secondary_run;kernel/kernel/occupancy_drain_evidence.tkb:187@occupancy_drain_probe;kernel/kernel/occupancy_drain_evidence.tkb:223@occupancy_drain_probe	-
kernel/kernel/occupancy_drain_evidence.tkb	541238ea51f50bdb9c05aefc1c3a6b38581f5d32d1a1c6d74bbd0fd214128308	66	occupancy_probe_armed	mutable	private	usize	-	qemu,rpi5	kernel/kernel/occupancy_drain_evidence.tkb:79@occupancy_probe_armed_address	-	kernel/kernel/occupancy_drain_evidence.tkb:79@occupancy_probe_armed_address	-
kernel/kernel/occupancy_drain_evidence.tkb	541238ea51f50bdb9c05aefc1c3a6b38581f5d32d1a1c6d74bbd0fd214128308	71	occupancy_probe_entered	mutable	private	usize	-	qemu,rpi5	kernel/kernel/occupancy_drain_evidence.tkb:83@occupancy_probe_entered_address	-	kernel/kernel/occupancy_drain_evidence.tkb:83@occupancy_probe_entered_address	-
kernel/kernel/occupancy_drain_evidence.tkb	541238ea51f50bdb9c05aefc1c3a6b38581f5d32d1a1c6d74bbd0fd214128308	72	occupancy_probe_release	mutable	private	usize	-	qemu,rpi5	kernel/kernel/occupancy_drain_evidence.tkb:87@occupancy_probe_release_address	-	kernel/kernel/occupancy_drain_evidence.tkb:87@occupancy_probe_release_address	-
kernel/kernel/occupancy_drain_evidence.tkb	541238ea51f50bdb9c05aefc1c3a6b38581f5d32d1a1c6d74bbd0fd214128308	73	occupancy_probe_left	mutable	private	usize	-	qemu,rpi5	kernel/kernel/occupancy_drain_evidence.tkb:91@occupancy_probe_left_address	-	kernel/kernel/occupancy_drain_evidence.tkb:91@occupancy_probe_left_address	-
kernel/kernel/occupancy_drain_evidence.tkb	541238ea51f50bdb9c05aefc1c3a6b38581f5d32d1a1c6d74bbd0fd214128308	74	occupancy_probe_teardowns	mutable	private	usize	-	qemu,rpi5	kernel/kernel/occupancy_drain_evidence.tkb:138@occupancy_drain_report;kernel/kernel/occupancy_drain_evidence.tkb:149@occupancy_probe_teardown;kernel/kernel/occupancy_drain_evidence.tkb:158@occupancy_drain_probe;kernel/kernel/occupancy_drain_evidence.tkb:238@occupancy_drain_probe	kernel/kernel/occupancy_drain_evidence.tkb:149@occupancy_probe_teardown;kernel/kernel/occupancy_drain_evidence.tkb:158@occupancy_drain_probe	kernel/kernel/occupancy_drain_evidence.tkb:238@occupancy_drain_probe	-
kernel/kernel/occupancy_drain_evidence.tkb	541238ea51f50bdb9c05aefc1c3a6b38581f5d32d1a1c6d74bbd0fd214128308	75	world_stop_probe_inspections	mutable	private	usize	-	qemu,rpi5	kernel/kernel/occupancy_drain_evidence.tkb:244@world_stop_probe_inspect;kernel/kernel/occupancy_drain_evidence.tkb:251@world_stop_probe;kernel/kernel/occupancy_drain_evidence.tkb:359@world_stop_probe;kernel/kernel/occupancy_drain_evidence.tkb:368@world_stop_probe	kernel/kernel/occupancy_drain_evidence.tkb:244@world_stop_probe_inspect;kernel/kernel/occupancy_drain_evidence.tkb:251@world_stop_probe	kernel/kernel/occupancy_drain_evidence.tkb:368@world_stop_probe	-
kernel/kernel/occupancy_drain_evidence.tkb	541238ea51f50bdb9c05aefc1c3a6b38581f5d32d1a1c6d74bbd0fd214128308	76	world_stop_stale_probe_controller	mutable	private	WorldStop	-	qemu,rpi5	kernel/kernel/occupancy_drain_evidence.tkb:325@world_stop_probe;kernel/kernel/occupancy_drain_evidence.tkb:328@world_stop_probe;kernel/kernel/occupancy_drain_evidence.tkb:331@world_stop_probe;kernel/kernel/occupancy_drain_evidence.tkb:333@world_stop_probe;kernel/kernel/occupancy_drain_evidence.tkb:336@world_stop_probe;kernel/kernel/occupancy_drain_evidence.tkb:340@world_stop_probe	-	kernel/kernel/occupancy_drain_evidence.tkb:325@world_stop_probe;kernel/kernel/occupancy_drain_evidence.tkb:328@world_stop_probe;kernel/kernel/occupancy_drain_evidence.tkb:331@world_stop_probe;kernel/kernel/occupancy_drain_evidence.tkb:333@world_stop_probe;kernel/kernel/occupancy_drain_evidence.tkb:336@world_stop_probe;kernel/kernel/occupancy_drain_evidence.tkb:340@world_stop_probe	-
kernel/kernel/occupancy_drain_evidence.tkb	541238ea51f50bdb9c05aefc1c3a6b38581f5d32d1a1c6d74bbd0fd214128308	378	world_stop_peer_probe_armed	mutable	private	usize	-	qemu,rpi5	kernel/kernel/occupancy_drain_evidence.tkb:389@world_stop_peer_probe_is_armed;kernel/kernel/occupancy_drain_evidence.tkb:410@world_stop_peer_probe_secondary_run;kernel/kernel/occupancy_drain_evidence.tkb:419@world_stop_peer_probe;kernel/kernel/occupancy_drain_evidence.tkb:425@world_stop_peer_probe;kernel/kernel/occupancy_drain_evidence.tkb:428@world_stop_peer_probe	-	kernel/kernel/occupancy_drain_evidence.tkb:389@world_stop_peer_probe_is_armed;kernel/kernel/occupancy_drain_evidence.tkb:410@world_stop_peer_probe_secondary_run;kernel/kernel/occupancy_drain_evidence.tkb:419@world_stop_peer_probe;kernel/kernel/occupancy_drain_evidence.tkb:425@world_stop_peer_probe;kernel/kernel/occupancy_drain_evidence.tkb:428@world_stop_peer_probe	-
kernel/kernel/occupancy_drain_evidence.tkb	541238ea51f50bdb9c05aefc1c3a6b38581f5d32d1a1c6d74bbd0fd214128308	380	world_stop_peer_probe_result	mutable	private	usize	-	qemu,rpi5	kernel/kernel/occupancy_drain_evidence.tkb:408@world_stop_peer_probe_secondary_run;kernel/kernel/occupancy_drain_evidence.tkb:417@world_stop_peer_probe;kernel/kernel/occupancy_drain_evidence.tkb:432@world_stop_peer_probe	-	kernel/kernel/occupancy_drain_evidence.tkb:408@world_stop_peer_probe_secondary_run;kernel/kernel/occupancy_drain_evidence.tkb:417@world_stop_peer_probe;kernel/kernel/occupancy_drain_evidence.tkb:432@world_stop_peer_probe	-
kernel/kernel/page_contention_evidence.tkb	d7265b0f13696558a34509efd92567b31d5fdc50a57fb5e9432c6a1564f0fea5	36	page_probe_armed	mutable	private	usize	-	qemu,rpi5	kernel/kernel/page_contention_evidence.tkb:44@page_probe_armed_address	-	kernel/kernel/page_contention_evidence.tkb:44@page_probe_armed_address	-
kernel/kernel/page_contention_evidence.tkb	d7265b0f13696558a34509efd92567b31d5fdc50a57fb5e9432c6a1564f0fea5	37	page_probe_primary	mutable	private	usize	-	qemu,rpi5	kernel/kernel/page_contention_evidence.tkb:48@page_probe_primary_address	-	kernel/kernel/page_contention_evidence.tkb:48@page_probe_primary_address	-
kernel/kernel/page_contention_evidence.tkb	d7265b0f13696558a34509efd92567b31d5fdc50a57fb5e9432c6a1564f0fea5	38	page_probe_secondary	mutable	private	usize	-	qemu,rpi5	kernel/kernel/page_contention_evidence.tkb:52@page_probe_secondary_address	-	kernel/kernel/page_contention_evidence.tkb:52@page_probe_secondary_address	-
kernel/kernel/page_contention_evidence.tkb	d7265b0f13696558a34509efd92567b31d5fdc50a57fb5e9432c6a1564f0fea5	39	page_probe_failed	mutable	private	usize	-	qemu,rpi5	kernel/kernel/page_contention_evidence.tkb:56@page_probe_failed_address	-	kernel/kernel/page_contention_evidence.tkb:56@page_probe_failed_address	-
kernel/kernel/page_contention_evidence.tkb	d7265b0f13696558a34509efd92567b31d5fdc50a57fb5e9432c6a1564f0fea5	40	page_probe_active	mutable	private	usize	-	qemu,rpi5	kernel/kernel/page_contention_evidence.tkb:60@page_probe_active_address	-	kernel/kernel/page_contention_evidence.tkb:60@page_probe_active_address	-
kernel/kernel/page_contention_evidence.tkb	d7265b0f13696558a34509efd92567b31d5fdc50a57fb5e9432c6a1564f0fea5	41	page_probe_overlap	mutable	private	usize	-	qemu,rpi5	kernel/kernel/page_contention_evidence.tkb:64@page_probe_overlap_address	-	kernel/kernel/page_contention_evidence.tkb:64@page_probe_overlap_address	-
kernel/kernel/pid_contention_evidence.tkb	3f2aaa1a39997562a5d55b0c071f5cf12233a85594794ffe9b6f5a2266b94b7f	42	pid_probe_armed	mutable	private	usize	-	qemu,rpi5	kernel/kernel/pid_contention_evidence.tkb:54@pid_probe_armed_address	-	kernel/kernel/pid_contention_evidence.tkb:54@pid_probe_armed_address	-
kernel/kernel/pid_contention_evidence.tkb	3f2aaa1a39997562a5d55b0c071f5cf12233a85594794ffe9b6f5a2266b94b7f	43	pid_probe_primary	mutable	private	usize	-	qemu,rpi5	kernel/kernel/pid_contention_evidence.tkb:58@pid_probe_primary_address	-	kernel/kernel/pid_contention_evidence.tkb:58@pid_probe_primary_address	-
kernel/kernel/pid_contention_evidence.tkb	3f2aaa1a39997562a5d55b0c071f5cf12233a85594794ffe9b6f5a2266b94b7f	44	pid_probe_secondary	mutable	private	usize	-	qemu,rpi5	kernel/kernel/pid_contention_evidence.tkb:62@pid_probe_secondary_address	-	kernel/kernel/pid_contention_evidence.tkb:62@pid_probe_secondary_address	-
kernel/kernel/pid_contention_evidence.tkb	3f2aaa1a39997562a5d55b0c071f5cf12233a85594794ffe9b6f5a2266b94b7f	45	pid_probe_active	mutable	private	usize	-	qemu,rpi5	kernel/kernel/pid_contention_evidence.tkb:66@pid_probe_active_address	-	kernel/kernel/pid_contention_evidence.tkb:66@pid_probe_active_address	-
kernel/kernel/pid_contention_evidence.tkb	3f2aaa1a39997562a5d55b0c071f5cf12233a85594794ffe9b6f5a2266b94b7f	46	pid_probe_overlap	mutable	private	usize	-	qemu,rpi5	kernel/kernel/pid_contention_evidence.tkb:92@pid_probe_overlap_address	-	kernel/kernel/pid_contention_evidence.tkb:92@pid_probe_overlap_address	-
kernel/kernel/pid_contention_evidence.tkb	3f2aaa1a39997562a5d55b0c071f5cf12233a85594794ffe9b6f5a2266b94b7f	47	pid_probe_primary_arrived	mutable	private	usize	-	qemu,rpi5	kernel/kernel/pid_contention_evidence.tkb:96@pid_probe_primary_arrived_address	-	kernel/kernel/pid_contention_evidence.tkb:96@pid_probe_primary_arrived_address	-
kernel/kernel/pid_contention_evidence.tkb	3f2aaa1a39997562a5d55b0c071f5cf12233a85594794ffe9b6f5a2266b94b7f	48	pid_probe_secondary_arrived	mutable	private	usize	-	qemu,rpi5	kernel/kernel/pid_contention_evidence.tkb:100@pid_probe_secondary_arrived_address	-	kernel/kernel/pid_contention_evidence.tkb:100@pid_probe_secondary_arrived_address	-
kernel/kernel/pid_contention_evidence.tkb	3f2aaa1a39997562a5d55b0c071f5cf12233a85594794ffe9b6f5a2266b94b7f	49	pid_probe_primary_committed	mutable	private	usize	-	qemu,rpi5	kernel/kernel/pid_contention_evidence.tkb:104@pid_probe_primary_committed_address	-	kernel/kernel/pid_contention_evidence.tkb:104@pid_probe_primary_committed_address	-
kernel/kernel/pid_contention_evidence.tkb	3f2aaa1a39997562a5d55b0c071f5cf12233a85594794ffe9b6f5a2266b94b7f	50	pid_probe_secondary_committed	mutable	private	usize	-	qemu,rpi5	kernel/kernel/pid_contention_evidence.tkb:108@pid_probe_secondary_committed_address	-	kernel/kernel/pid_contention_evidence.tkb:108@pid_probe_secondary_committed_address	-
kernel/kernel/pid_contention_evidence.tkb	3f2aaa1a39997562a5d55b0c071f5cf12233a85594794ffe9b6f5a2266b94b7f	51	pid_probe_locked_phase	mutable	private	usize	-	qemu,rpi5	kernel/kernel/pid_contention_evidence.tkb:112@pid_probe_locked_phase_address	-	kernel/kernel/pid_contention_evidence.tkb:112@pid_probe_locked_phase_address	-
kernel/kernel/pid_contention_evidence.tkb	3f2aaa1a39997562a5d55b0c071f5cf12233a85594794ffe9b6f5a2266b94b7f	85	pid_probe_entries	mutable	private	usize	-	qemu,rpi5	kernel/kernel/pid_contention_evidence.tkb:88@pid_probe_entries_address	-	kernel/kernel/pid_contention_evidence.tkb:88@pid_probe_entries_address	-
kernel/kernel/pool_contention_evidence.tkb	bd59bc5e7fe5421acfd49c14a6f3abd0e26eab16022ba73c955e7f1f2a98ac70	75	contention_pool	mutable	private	IntrusivePool(ContentionItem)	-	qemu,rpi5	kernel/kernel/pool_contention_evidence.tkb:121@contention_pool_init;kernel/kernel/pool_contention_evidence.tkb:133@contention_cycle;kernel/kernel/pool_contention_evidence.tkb:134@contention_cycle;kernel/kernel/pool_contention_evidence.tkb:135@contention_cycle;kernel/kernel/pool_contention_evidence.tkb:144@contention_cycle;kernel/kernel/pool_contention_evidence.tkb:146@contention_cycle;kernel/kernel/pool_contention_evidence.tkb:148@contention_cycle;kernel/kernel/pool_contention_evidence.tkb:149@contention_cycle;kernel/kernel/pool_contention_evidence.tkb:247@contention_report;kernel/kernel/pool_contention_evidence.tkb:267@pool_contention_probe;kernel/kernel/pool_contention_evidence.tkb:268@pool_contention_probe;kernel/kernel/pool_contention_evidence.tkb:269@pool_contention_probe;kernel/kernel/pool_contention_evidence.tkb:400@pool_contention_probe;kernel/kernel/pool_contention_evidence.tkb:402@pool_contention_probe;kernel/kernel/pool_contention_evidence.tkb:403@pool_contention_probe;kernel/kernel/pool_contention_evidence.tkb:405@pool_contention_probe;kernel/kernel/pool_contention_evidence.tkb:406@pool_contention_probe;kernel/kernel/pool_contention_evidence.tkb:426@pool_contention_probe	-	kernel/kernel/pool_contention_evidence.tkb:121@contention_pool_init;kernel/kernel/pool_contention_evidence.tkb:133@contention_cycle;kernel/kernel/pool_contention_evidence.tkb:134@contention_cycle;kernel/kernel/pool_contention_evidence.tkb:135@contention_cycle;kernel/kernel/pool_contention_evidence.tkb:144@contention_cycle;kernel/kernel/pool_contention_evidence.tkb:146@contention_cycle;kernel/kernel/pool_contention_evidence.tkb:148@contention_cycle;kernel/kernel/pool_contention_evidence.tkb:149@contention_cycle;kernel/kernel/pool_contention_evidence.tkb:247@contention_report;kernel/kernel/pool_contention_evidence.tkb:267@pool_contention_probe;kernel/kernel/pool_contention_evidence.tkb:268@pool_contention_probe;kernel/kernel/pool_contention_evidence.tkb:269@pool_contention_probe;kernel/kernel/pool_contention_evidence.tkb:400@pool_contention_probe;kernel/kernel/pool_contention_evidence.tkb:402@pool_contention_probe;kernel/kernel/pool_contention_evidence.tkb:403@pool_contention_probe;kernel/kernel/pool_contention_evidence.tkb:405@pool_contention_probe;kernel/kernel/pool_contention_evidence.tkb:406@pool_contention_probe;kernel/kernel/pool_contention_evidence.tkb:426@pool_contention_probe	-
kernel/kernel/pool_contention_evidence.tkb	bd59bc5e7fe5421acfd49c14a6f3abd0e26eab16022ba73c955e7f1f2a98ac70	76	contention_pool_ready	mutable	private	bool	false	qemu,rpi5	kernel/kernel/pool_contention_evidence.tkb:119@contention_pool_init;kernel/kernel/pool_contention_evidence.tkb:120@contention_pool_init	kernel/kernel/pool_contention_evidence.tkb:120@contention_pool_init	-	-
kernel/kernel/pool_contention_evidence.tkb	bd59bc5e7fe5421acfd49c14a6f3abd0e26eab16022ba73c955e7f1f2a98ac70	81	contention_armed	mutable	private	usize	-	qemu,rpi5	kernel/kernel/pool_contention_evidence.tkb:94@contention_armed_address	-	kernel/kernel/pool_contention_evidence.tkb:94@contention_armed_address	-
kernel/kernel/pool_contention_evidence.tkb	bd59bc5e7fe5421acfd49c14a6f3abd0e26eab16022ba73c955e7f1f2a98ac70	82	contention_primary_cycles	mutable	private	usize	-	qemu,rpi5	kernel/kernel/pool_contention_evidence.tkb:98@contention_primary_cycles_address	-	kernel/kernel/pool_contention_evidence.tkb:98@contention_primary_cycles_address	-
kernel/kernel/pool_contention_evidence.tkb	bd59bc5e7fe5421acfd49c14a6f3abd0e26eab16022ba73c955e7f1f2a98ac70	83	contention_secondary_cycles	mutable	private	usize	-	qemu,rpi5	kernel/kernel/pool_contention_evidence.tkb:102@contention_secondary_cycles_address	-	kernel/kernel/pool_contention_evidence.tkb:102@contention_secondary_cycles_address	-
kernel/kernel/pool_contention_evidence.tkb	bd59bc5e7fe5421acfd49c14a6f3abd0e26eab16022ba73c955e7f1f2a98ac70	84	contention_failed_removes	mutable	private	usize	-	qemu,rpi5	kernel/kernel/pool_contention_evidence.tkb:106@contention_failed_removes_address	-	kernel/kernel/pool_contention_evidence.tkb:106@contention_failed_removes_address	-
kernel/kernel/pool_contention_evidence.tkb	bd59bc5e7fe5421acfd49c14a6f3abd0e26eab16022ba73c955e7f1f2a98ac70	89	contention_secondary_active	mutable	private	usize	-	qemu,rpi5	kernel/kernel/pool_contention_evidence.tkb:110@contention_secondary_active_address	-	kernel/kernel/pool_contention_evidence.tkb:110@contention_secondary_active_address	-
kernel/kernel/pool_contention_evidence.tkb	bd59bc5e7fe5421acfd49c14a6f3abd0e26eab16022ba73c955e7f1f2a98ac70	91	contention_overlap	mutable	private	usize	-	qemu,rpi5	kernel/kernel/pool_contention_evidence.tkb:114@contention_overlap_address	-	kernel/kernel/pool_contention_evidence.tkb:114@contention_overlap_address	-
kernel/kernel/pool_walk_contention_evidence.tkb	d2203d71692065baf7c8261cd2940ca81cf7528c75619742b31350db8b6bf1d5	149	pool_walk_pool	mutable	private	IntrusivePool(PoolWalkItem)	-	qemu,rpi5	kernel/kernel/pool_walk_contention_evidence.tkb:280@pool_walk_init;kernel/kernel/pool_walk_contention_evidence.tkb:302@pool_walk_once;kernel/kernel/pool_walk_contention_evidence.tkb:309@pool_walk_once;kernel/kernel/pool_walk_contention_evidence.tkb:313@pool_walk_once;kernel/kernel/pool_walk_contention_evidence.tkb:327@pool_walk_once;kernel/kernel/pool_walk_contention_evidence.tkb:360@pool_walk_once;kernel/kernel/pool_walk_contention_evidence.tkb:392@pool_view_hold_once;kernel/kernel/pool_walk_contention_evidence.tkb:398@pool_view_hold_once;kernel/kernel/pool_walk_contention_evidence.tkb:474@pool_walk_report;kernel/kernel/pool_walk_contention_evidence.tkb:483@pool_walk_floor_take;kernel/kernel/pool_walk_contention_evidence.tkb:487@pool_walk_floor_take;kernel/kernel/pool_walk_contention_evidence.tkb:488@pool_walk_floor_take;kernel/kernel/pool_walk_contention_evidence.tkb:489@pool_walk_floor_take;kernel/kernel/pool_walk_contention_evidence.tkb:493@pool_walk_floor_take;kernel/kernel/pool_walk_contention_evidence.tkb:506@pool_walk_floor_take;kernel/kernel/pool_walk_contention_evidence.tkb:508@pool_walk_floor_take;kernel/kernel/pool_walk_contention_evidence.tkb:516@pool_walk_floor_give_back;kernel/kernel/pool_walk_contention_evidence.tkb:519@pool_walk_floor_give_back;kernel/kernel/pool_walk_contention_evidence.tkb:521@pool_walk_floor_give_back;kernel/kernel/pool_walk_contention_evidence.tkb:525@pool_walk_floor_give_back;kernel/kernel/pool_walk_contention_evidence.tkb:529@pool_walk_floor_give_back;kernel/kernel/pool_walk_contention_evidence.tkb:531@pool_walk_floor_give_back;kernel/kernel/pool_walk_contention_evidence.tkb:532@pool_walk_floor_give_back;kernel/kernel/pool_walk_contention_evidence.tkb:576@pool_walk_round;kernel/kernel/pool_walk_contention_evidence.tkb:577@pool_walk_round;kernel/kernel/pool_walk_contention_evidence.tkb:578@pool_walk_round;kernel/kernel/pool_walk_contention_evidence.tkb:584@pool_walk_round;kernel/kernel/pool_walk_contention_evidence.tkb:591@pool_walk_round;kernel/kernel/pool_walk_contention_evidence.tkb:593@pool_walk_round;kernel/kernel/pool_walk_contention_evidence.tkb:594@pool_walk_round;kernel/kernel/pool_walk_contention_evidence.tkb:653@pool_walk_contention_probe;kernel/kernel/pool_walk_contention_evidence.tkb:661@pool_walk_contention_probe	-	kernel/kernel/pool_walk_contention_evidence.tkb:280@pool_walk_init;kernel/kernel/pool_walk_contention_evidence.tkb:302@pool_walk_once;kernel/kernel/pool_walk_contention_evidence.tkb:309@pool_walk_once;kernel/kernel/pool_walk_contention_evidence.tkb:313@pool_walk_once;kernel/kernel/pool_walk_contention_evidence.tkb:327@pool_walk_once;kernel/kernel/pool_walk_contention_evidence.tkb:360@pool_walk_once;kernel/kernel/pool_walk_contention_evidence.tkb:392@pool_view_hold_once;kernel/kernel/pool_walk_contention_evidence.tkb:398@pool_view_hold_once;kernel/kernel/pool_walk_contention_evidence.tkb:474@pool_walk_report;kernel/kernel/pool_walk_contention_evidence.tkb:483@pool_walk_floor_take;kernel/kernel/pool_walk_contention_evidence.tkb:487@pool_walk_floor_take;kernel/kernel/pool_walk_contention_evidence.tkb:488@pool_walk_floor_take;kernel/kernel/pool_walk_contention_evidence.tkb:489@pool_walk_floor_take;kernel/kernel/pool_walk_contention_evidence.tkb:493@pool_walk_floor_take;kernel/kernel/pool_walk_contention_evidence.tkb:506@pool_walk_floor_take;kernel/kernel/pool_walk_contention_evidence.tkb:508@pool_walk_floor_take;kernel/kernel/pool_walk_contention_evidence.tkb:516@pool_walk_floor_give_back;kernel/kernel/pool_walk_contention_evidence.tkb:519@pool_walk_floor_give_back;kernel/kernel/pool_walk_contention_evidence.tkb:521@pool_walk_floor_give_back;kernel/kernel/pool_walk_contention_evidence.tkb:525@pool_walk_floor_give_back;kernel/kernel/pool_walk_contention_evidence.tkb:529@pool_walk_floor_give_back;kernel/kernel/pool_walk_contention_evidence.tkb:531@pool_walk_floor_give_back;kernel/kernel/pool_walk_contention_evidence.tkb:532@pool_walk_floor_give_back;kernel/kernel/pool_walk_contention_evidence.tkb:576@pool_walk_round;kernel/kernel/pool_walk_contention_evidence.tkb:577@pool_walk_round;kernel/kernel/pool_walk_contention_evidence.tkb:578@pool_walk_round;kernel/kernel/pool_walk_contention_evidence.tkb:584@pool_walk_round;kernel/kernel/pool_walk_contention_evidence.tkb:591@pool_walk_round;kernel/kernel/pool_walk_contention_evidence.tkb:593@pool_walk_round;kernel/kernel/pool_walk_contention_evidence.tkb:594@pool_walk_round;kernel/kernel/pool_walk_contention_evidence.tkb:653@pool_walk_contention_probe;kernel/kernel/pool_walk_contention_evidence.tkb:661@pool_walk_contention_probe	-
kernel/kernel/pool_walk_contention_evidence.tkb	d2203d71692065baf7c8261cd2940ca81cf7528c75619742b31350db8b6bf1d5	150	pool_walk_ready	mutable	private	bool	false	qemu,rpi5	kernel/kernel/pool_walk_contention_evidence.tkb:275@pool_walk_init;kernel/kernel/pool_walk_contention_evidence.tkb:276@pool_walk_init	kernel/kernel/pool_walk_contention_evidence.tkb:276@pool_walk_init	-	-
kernel/kernel/pool_walk_contention_evidence.tkb	d2203d71692065baf7c8261cd2940ca81cf7528c75619742b31350db8b6bf1d5	155	pool_walk_floor_address	mutable	private	[IntrusiveSlotAddress; POOL_WALK_FLOOR]	-	qemu,rpi5	kernel/kernel/pool_walk_contention_evidence.tkb:495@pool_walk_floor_take;kernel/kernel/pool_walk_contention_evidence.tkb:517@pool_walk_floor_give_back	kernel/kernel/pool_walk_contention_evidence.tkb:495@pool_walk_floor_take	-	-
kernel/kernel/pool_walk_contention_evidence.tkb	d2203d71692065baf7c8261cd2940ca81cf7528c75619742b31350db8b6bf1d5	156	pool_walk_floor_generation	mutable	private	[usize; POOL_WALK_FLOOR]	-	qemu,rpi5	kernel/kernel/pool_walk_contention_evidence.tkb:496@pool_walk_floor_take;kernel/kernel/pool_walk_contention_evidence.tkb:518@pool_walk_floor_give_back	kernel/kernel/pool_walk_contention_evidence.tkb:496@pool_walk_floor_take	-	-
kernel/kernel/pool_walk_contention_evidence.tkb	d2203d71692065baf7c8261cd2940ca81cf7528c75619742b31350db8b6bf1d5	157	pool_walk_floor_held	mutable	private	usize	0	qemu,rpi5	kernel/kernel/pool_walk_contention_evidence.tkb:498@pool_walk_floor_take;kernel/kernel/pool_walk_contention_evidence.tkb:515@pool_walk_floor_give_back;kernel/kernel/pool_walk_contention_evidence.tkb:528@pool_walk_floor_give_back	kernel/kernel/pool_walk_contention_evidence.tkb:498@pool_walk_floor_take;kernel/kernel/pool_walk_contention_evidence.tkb:528@pool_walk_floor_give_back	-	-
kernel/kernel/pool_walk_contention_evidence.tkb	d2203d71692065baf7c8261cd2940ca81cf7528c75619742b31350db8b6bf1d5	161	pool_walk_floor_base	mutable	private	usize	0	qemu,rpi5	kernel/kernel/pool_walk_contention_evidence.tkb:287@pool_walk_in_floor;kernel/kernel/pool_walk_contention_evidence.tkb:392@pool_view_hold_once;kernel/kernel/pool_walk_contention_evidence.tkb:506@pool_walk_floor_take;kernel/kernel/pool_walk_contention_evidence.tkb:507@pool_walk_floor_take;kernel/kernel/pool_walk_contention_evidence.tkb:509@pool_walk_floor_take	kernel/kernel/pool_walk_contention_evidence.tkb:506@pool_walk_floor_take	-	-
kernel/kernel/pool_walk_contention_evidence.tkb	d2203d71692065baf7c8261cd2940ca81cf7528c75619742b31350db8b6bf1d5	162	pool_walk_floor_end	mutable	private	usize	0	qemu,rpi5	kernel/kernel/pool_walk_contention_evidence.tkb:287@pool_walk_in_floor;kernel/kernel/pool_walk_contention_evidence.tkb:507@pool_walk_floor_take	kernel/kernel/pool_walk_contention_evidence.tkb:507@pool_walk_floor_take	-	-
kernel/kernel/pool_walk_contention_evidence.tkb	d2203d71692065baf7c8261cd2940ca81cf7528c75619742b31350db8b6bf1d5	164	pool_walk_armed	mutable	private	usize	-	qemu,rpi5	kernel/kernel/pool_walk_contention_evidence.tkb:194@pool_walk_armed_address	-	kernel/kernel/pool_walk_contention_evidence.tkb:194@pool_walk_armed_address	-
kernel/kernel/pool_walk_contention_evidence.tkb	d2203d71692065baf7c8261cd2940ca81cf7528c75619742b31350db8b6bf1d5	165	pool_walk_active	mutable	private	usize	-	qemu,rpi5	kernel/kernel/pool_walk_contention_evidence.tkb:198@pool_walk_active_address	-	kernel/kernel/pool_walk_contention_evidence.tkb:198@pool_walk_active_address	-
kernel/kernel/pool_walk_contention_evidence.tkb	d2203d71692065baf7c8261cd2940ca81cf7528c75619742b31350db8b6bf1d5	172	pool_walk_seq	mutable	private	usize	-	qemu,rpi5	kernel/kernel/pool_walk_contention_evidence.tkb:215@pool_walk_seq_address	-	kernel/kernel/pool_walk_contention_evidence.tkb:215@pool_walk_seq_address	-
kernel/kernel/pool_walk_contention_evidence.tkb	d2203d71692065baf7c8261cd2940ca81cf7528c75619742b31350db8b6bf1d5	173	pool_walk_held_seq	mutable	private	usize	-	qemu,rpi5	kernel/kernel/pool_walk_contention_evidence.tkb:219@pool_walk_held_seq_address	-	kernel/kernel/pool_walk_contention_evidence.tkb:219@pool_walk_held_seq_address	-
kernel/kernel/pool_walk_contention_evidence.tkb	d2203d71692065baf7c8261cd2940ca81cf7528c75619742b31350db8b6bf1d5	174	pool_walk_released_seq	mutable	private	usize	-	qemu,rpi5	kernel/kernel/pool_walk_contention_evidence.tkb:223@pool_walk_released_seq_address	-	kernel/kernel/pool_walk_contention_evidence.tkb:223@pool_walk_released_seq_address	-
kernel/kernel/pool_walk_contention_evidence.tkb	d2203d71692065baf7c8261cd2940ca81cf7528c75619742b31350db8b6bf1d5	175	pool_walk_probed_seq	mutable	private	usize	-	qemu,rpi5	kernel/kernel/pool_walk_contention_evidence.tkb:227@pool_walk_probed_seq_address	-	kernel/kernel/pool_walk_contention_evidence.tkb:227@pool_walk_probed_seq_address	-
kernel/kernel/pool_walk_contention_evidence.tkb	d2203d71692065baf7c8261cd2940ca81cf7528c75619742b31350db8b6bf1d5	176	pool_walk_stale	mutable	private	usize	-	qemu,rpi5	kernel/kernel/pool_walk_contention_evidence.tkb:231@pool_walk_stale_address	-	kernel/kernel/pool_walk_contention_evidence.tkb:231@pool_walk_stale_address	-
kernel/kernel/pool_walk_contention_evidence.tkb	d2203d71692065baf7c8261cd2940ca81cf7528c75619742b31350db8b6bf1d5	181	pool_view_request	mutable	private	usize	-	qemu,rpi5	kernel/kernel/pool_walk_contention_evidence.tkb:235@pool_view_request_address	-	kernel/kernel/pool_walk_contention_evidence.tkb:235@pool_view_request_address	-
kernel/kernel/pool_walk_contention_evidence.tkb	d2203d71692065baf7c8261cd2940ca81cf7528c75619742b31350db8b6bf1d5	182	pool_view_held	mutable	private	usize	-	qemu,rpi5	kernel/kernel/pool_walk_contention_evidence.tkb:239@pool_view_held_address	-	kernel/kernel/pool_walk_contention_evidence.tkb:239@pool_view_held_address	-
kernel/kernel/pool_walk_contention_evidence.tkb	d2203d71692065baf7c8261cd2940ca81cf7528c75619742b31350db8b6bf1d5	183	pool_view_release	mutable	private	usize	-	qemu,rpi5	kernel/kernel/pool_walk_contention_evidence.tkb:243@pool_view_release_address	-	kernel/kernel/pool_walk_contention_evidence.tkb:243@pool_view_release_address	-
kernel/kernel/pool_walk_contention_evidence.tkb	d2203d71692065baf7c8261cd2940ca81cf7528c75619742b31350db8b6bf1d5	184	pool_view_done	mutable	private	usize	-	qemu,rpi5	kernel/kernel/pool_walk_contention_evidence.tkb:247@pool_view_done_address	-	kernel/kernel/pool_walk_contention_evidence.tkb:247@pool_view_done_address	-
kernel/kernel/pool_walk_contention_evidence.tkb	d2203d71692065baf7c8261cd2940ca81cf7528c75619742b31350db8b6bf1d5	185	pool_view_payload_ok	mutable	private	usize	-	qemu,rpi5	kernel/kernel/pool_walk_contention_evidence.tkb:251@pool_view_payload_ok_address	-	kernel/kernel/pool_walk_contention_evidence.tkb:251@pool_view_payload_ok_address	-
kernel/kernel/pool_walk_contention_evidence.tkb	d2203d71692065baf7c8261cd2940ca81cf7528c75619742b31350db8b6bf1d5	187	pool_walk_rounds_met	mutable	private	usize	-	qemu,rpi5	kernel/kernel/pool_walk_contention_evidence.tkb:271@pool_walk_rounds_met_address	-	kernel/kernel/pool_walk_contention_evidence.tkb:271@pool_walk_rounds_met_address	-
kernel/kernel/pool_walk_contention_evidence.tkb	d2203d71692065baf7c8261cd2940ca81cf7528c75619742b31350db8b6bf1d5	188	pool_walk_refused	mutable	private	usize	-	qemu,rpi5	kernel/kernel/pool_walk_contention_evidence.tkb:255@pool_walk_refused_address	-	kernel/kernel/pool_walk_contention_evidence.tkb:255@pool_walk_refused_address	-
kernel/kernel/pool_walk_contention_evidence.tkb	d2203d71692065baf7c8261cd2940ca81cf7528c75619742b31350db8b6bf1d5	189	pool_walk_admitted	mutable	private	usize	-	qemu,rpi5	kernel/kernel/pool_walk_contention_evidence.tkb:259@pool_walk_admitted_address	-	kernel/kernel/pool_walk_contention_evidence.tkb:259@pool_walk_admitted_address	-
kernel/kernel/pool_walk_contention_evidence.tkb	d2203d71692065baf7c8261cd2940ca81cf7528c75619742b31350db8b6bf1d5	190	pool_walk_floor_bad	mutable	private	usize	-	qemu,rpi5	kernel/kernel/pool_walk_contention_evidence.tkb:263@pool_walk_floor_bad_address	-	kernel/kernel/pool_walk_contention_evidence.tkb:263@pool_walk_floor_bad_address	-
kernel/kernel/pool_walk_contention_evidence.tkb	d2203d71692065baf7c8261cd2940ca81cf7528c75619742b31350db8b6bf1d5	191	pool_walk_steps	mutable	private	usize	-	qemu,rpi5	kernel/kernel/pool_walk_contention_evidence.tkb:267@pool_walk_steps_address	-	kernel/kernel/pool_walk_contention_evidence.tkb:267@pool_walk_steps_address	-
kernel/kernel/pool_walk_contention_evidence.tkb	d2203d71692065baf7c8261cd2940ca81cf7528c75619742b31350db8b6bf1d5	208	pool_walk_entries	mutable	private	usize	-	qemu,rpi5	kernel/kernel/pool_walk_contention_evidence.tkb:211@pool_walk_entries_address	-	kernel/kernel/pool_walk_contention_evidence.tkb:211@pool_walk_entries_address	-
kernel/kernel/process.tkb	f30c6a11aec9442732e4b73652cf845b2277858ce8028b19d75ab9513f99fbce	429	scheduled_process_pool	mutable	private	IntrusivePool(ProcessRecord)	-	qemu,rpi5	kernel/kernel/process.tkb:735@scheduled_process_pool_init;kernel/kernel/process.tkb:850@scheduled_process_recycled_handle_count;kernel/kernel/process.tkb:1090@scheduled_process_record_at;kernel/kernel/process.tkb:1116@scheduled_process_record_at;kernel/kernel/process.tkb:1161@scheduled_process_record_at;kernel/kernel/process.tkb:1335@kernel_process_protocol_observe;kernel/kernel/process.tkb:1339@kernel_process_protocol_observe;kernel/kernel/process.tkb:1340@kernel_process_protocol_observe;kernel/kernel/process.tkb:1344@kernel_process_protocol_observe;kernel/kernel/process.tkb:1418@kernel_process_ddb_copy;kernel/kernel/process.tkb:1423@kernel_process_ddb_copy;kernel/kernel/process.tkb:1424@kernel_process_ddb_copy;kernel/kernel/process.tkb:1433@kernel_process_ddb_copy;kernel/kernel/process.tkb:1455@scheduled_process_live_pool_slot_from;kernel/kernel/process.tkb:1462@scheduled_process_live_pool_slot_from;kernel/kernel/process.tkb:1473@scheduled_process_first_pool_slot;kernel/kernel/process.tkb:1487@scheduled_process_next_slot;kernel/kernel/process.tkb:1728@scheduled_process_record_peek;kernel/kernel/process.tkb:1739@scheduled_process_record_peek;kernel/kernel/process.tkb:2162@scheduled_process_slot_valid;kernel/kernel/process.tkb:2500@scheduled_process_handle_matches;kernel/kernel/process.tkb:2654@scheduled_process_slot_remove;kernel/kernel/process.tkb:2664@scheduled_process_slot_remove;kernel/kernel/process.tkb:2666@scheduled_process_slot_remove;kernel/kernel/process.tkb:2668@scheduled_process_slot_remove;kernel/kernel/process.tkb:2669@scheduled_process_slot_remove;kernel/kernel/process.tkb:2856@scheduled_process_alloc_pending;kernel/kernel/process.tkb:2858@scheduled_process_alloc_pending;kernel/kernel/process.tkb:2859@scheduled_process_alloc_pending;kernel/kernel/process.tkb:3858@scheduled_process_table_probe;kernel/kernel/process.tkb:4840@scheduled_process_pool_live_count;kernel/kernel/process.tkb:10495@scheduled_process_handle_of_slot;kernel/kernel/process.tkb:10512@scheduled_process_pool_space_stats;kernel/kernel/process.tkb:10513@scheduled_process_pool_space_stats;kernel/kernel/process.tkb:10514@scheduled_process_pool_space_stats;kernel/kernel/process.tkb:10515@scheduled_process_pool_space_stats;kernel/kernel/process.tkb:10516@scheduled_process_pool_space_stats;kernel/kernel/process.tkb:10517@scheduled_process_pool_space_stats	-	kernel/kernel/process.tkb:735@scheduled_process_pool_init;kernel/kernel/process.tkb:850@scheduled_process_recycled_handle_count;kernel/kernel/process.tkb:1090@scheduled_process_record_at;kernel/kernel/process.tkb:1116@scheduled_process_record_at;kernel/kernel/process.tkb:1161@scheduled_process_record_at;kernel/kernel/process.tkb:1335@kernel_process_protocol_observe;kernel/kernel/process.tkb:1339@kernel_process_protocol_observe;kernel/kernel/process.tkb:1340@kernel_process_protocol_observe;kernel/kernel/process.tkb:1344@kernel_process_protocol_observe;kernel/kernel/process.tkb:1418@kernel_process_ddb_copy;kernel/kernel/process.tkb:1423@kernel_process_ddb_copy;kernel/kernel/process.tkb:1424@kernel_process_ddb_copy;kernel/kernel/process.tkb:1433@kernel_process_ddb_copy;kernel/kernel/process.tkb:1455@scheduled_process_live_pool_slot_from;kernel/kernel/process.tkb:1462@scheduled_process_live_pool_slot_from;kernel/kernel/process.tkb:1473@scheduled_process_first_pool_slot;kernel/kernel/process.tkb:1487@scheduled_process_next_slot;kernel/kernel/process.tkb:1728@scheduled_process_record_peek;kernel/kernel/process.tkb:1739@scheduled_process_record_peek;kernel/kernel/process.tkb:2162@scheduled_process_slot_valid;kernel/kernel/process.tkb:2500@scheduled_process_handle_matches;kernel/kernel/process.tkb:2654@scheduled_process_slot_remove;kernel/kernel/process.tkb:2664@scheduled_process_slot_remove;kernel/kernel/process.tkb:2666@scheduled_process_slot_remove;kernel/kernel/process.tkb:2668@scheduled_process_slot_remove;kernel/kernel/process.tkb:2669@scheduled_process_slot_remove;kernel/kernel/process.tkb:2856@scheduled_process_alloc_pending;kernel/kernel/process.tkb:2858@scheduled_process_alloc_pending;kernel/kernel/process.tkb:2859@scheduled_process_alloc_pending;kernel/kernel/process.tkb:3858@scheduled_process_table_probe;kernel/kernel/process.tkb:4840@scheduled_process_pool_live_count;kernel/kernel/process.tkb:10495@scheduled_process_handle_of_slot;kernel/kernel/process.tkb:10512@scheduled_process_pool_space_stats;kernel/kernel/process.tkb:10513@scheduled_process_pool_space_stats;kernel/kernel/process.tkb:10514@scheduled_process_pool_space_stats;kernel/kernel/process.tkb:10515@scheduled_process_pool_space_stats;kernel/kernel/process.tkb:10516@scheduled_process_pool_space_stats;kernel/kernel/process.tkb:10517@scheduled_process_pool_space_stats	-
kernel/kernel/process.tkb	f30c6a11aec9442732e4b73652cf845b2277858ce8028b19d75ab9513f99fbce	430	scheduled_process_pool_ready	mutable	private	bool	false	qemu,rpi5	kernel/kernel/process.tkb:729@scheduled_process_pool_init;kernel/kernel/process.tkb:730@scheduled_process_pool_init;kernel/kernel/process.tkb:849@scheduled_process_recycled_handle_count;kernel/kernel/process.tkb:1081@scheduled_process_record_at;kernel/kernel/process.tkb:1334@kernel_process_protocol_observe;kernel/kernel/process.tkb:1417@kernel_process_ddb_copy;kernel/kernel/process.tkb:1469@scheduled_process_first_pool_slot;kernel/kernel/process.tkb:1483@scheduled_process_next_slot;kernel/kernel/process.tkb:1725@scheduled_process_record_peek;kernel/kernel/process.tkb:2161@scheduled_process_slot_valid;kernel/kernel/process.tkb:2498@scheduled_process_handle_matches	kernel/kernel/process.tkb:730@scheduled_process_pool_init	-	-
kernel/kernel/process.tkb	f30c6a11aec9442732e4b73652cf845b2277858ce8028b19d75ab9513f99fbce	442	scheduled_process_boot_record	mutable	private	ProcessRecord	-	qemu,rpi5	kernel/kernel/process.tkb:1080@scheduled_process_record_at;kernel/kernel/process.tkb:1325@kernel_process_protocol_observe;kernel/kernel/process.tkb:1326@kernel_process_protocol_observe;kernel/kernel/process.tkb:1328@kernel_process_protocol_observe;kernel/kernel/process.tkb:1330@kernel_process_protocol_observe;kernel/kernel/process.tkb:1413@kernel_process_ddb_copy;kernel/kernel/process.tkb:1724@scheduled_process_record_peek	-	kernel/kernel/process.tkb:1080@scheduled_process_record_at;kernel/kernel/process.tkb:1330@kernel_process_protocol_observe;kernel/kernel/process.tkb:1413@kernel_process_ddb_copy;kernel/kernel/process.tkb:1724@scheduled_process_record_peek	-
kernel/kernel/process.tkb	f30c6a11aec9442732e4b73652cf845b2277858ce8028b19d75ab9513f99fbce	443	scheduled_process_boot_live	mutable	private	bool	false	qemu,rpi5	kernel/kernel/process.tkb:1323@kernel_process_protocol_observe;kernel/kernel/process.tkb:1411@kernel_process_ddb_copy;kernel/kernel/process.tkb:1477@scheduled_process_first_slot;kernel/kernel/process.tkb:2495@scheduled_process_handle_matches;kernel/kernel/process.tkb:2617@scheduled_process_release_every_process;kernel/kernel/process.tkb:2649@scheduled_process_slot_remove;kernel/kernel/process.tkb:2896@scheduled_process_alloc_bootstrap;kernel/kernel/process.tkb:2900@scheduled_process_alloc_bootstrap	kernel/kernel/process.tkb:2617@scheduled_process_release_every_process;kernel/kernel/process.tkb:2649@scheduled_process_slot_remove;kernel/kernel/process.tkb:2900@scheduled_process_alloc_bootstrap	-	-
kernel/kernel/process.tkb	f30c6a11aec9442732e4b73652cf845b2277858ce8028b19d75ab9513f99fbce	444	scheduled_process_boot_generation	mutable	private	usize	0	qemu,rpi5	kernel/kernel/process.tkb:2496@scheduled_process_handle_matches;kernel/kernel/process.tkb:2899@scheduled_process_alloc_bootstrap;kernel/kernel/process.tkb:2902@scheduled_process_alloc_bootstrap;kernel/kernel/process.tkb:10492@scheduled_process_handle_of_slot	kernel/kernel/process.tkb:2899@scheduled_process_alloc_bootstrap	-	-
kernel/kernel/process.tkb	f30c6a11aec9442732e4b73652cf845b2277858ce8028b19d75ab9513f99fbce	449	scheduled_process_peer_dispatch_enabled	mutable	private	bool	false	qemu,rpi5	kernel/kernel/process.tkb:4983@kernel_process_peer_dispatch_enable;kernel/kernel/process.tkb:5609@kernel_process_secondary_start;kernel/kernel/process.tkb:8546@kernel_process_scheduler_probe	kernel/kernel/process.tkb:4983@kernel_process_peer_dispatch_enable	-	-
kernel/kernel/process.tkb	f30c6a11aec9442732e4b73652cf845b2277858ce8028b19d75ab9513f99fbce	456	scheduled_process_record_absent	mutable	private	ProcessRecord	-	qemu,rpi5	kernel/kernel/process.tkb:1088@scheduled_process_record_at;kernel/kernel/process.tkb:1125@scheduled_process_record_at;kernel/kernel/process.tkb:1143@scheduled_process_record_at;kernel/kernel/process.tkb:1726@scheduled_process_record_peek;kernel/kernel/process.tkb:1730@scheduled_process_record_peek	-	kernel/kernel/process.tkb:1088@scheduled_process_record_at;kernel/kernel/process.tkb:1125@scheduled_process_record_at;kernel/kernel/process.tkb:1143@scheduled_process_record_at;kernel/kernel/process.tkb:1726@scheduled_process_record_peek;kernel/kernel/process.tkb:1730@scheduled_process_record_peek	-
kernel/kernel/process.tkb	f30c6a11aec9442732e4b73652cf845b2277858ce8028b19d75ab9513f99fbce	457	scheduled_process_record_missing_count	mutable	private	usize	0	qemu,rpi5	kernel/kernel/process.tkb:842@scheduled_process_record_missing_uses;kernel/kernel/process.tkb:1082@scheduled_process_record_at;kernel/kernel/process.tkb:1083@scheduled_process_record_at;kernel/kernel/process.tkb:1127@scheduled_process_record_at;kernel/kernel/process.tkb:1128@scheduled_process_record_at	kernel/kernel/process.tkb:1082@scheduled_process_record_at;kernel/kernel/process.tkb:1127@scheduled_process_record_at	-	-
kernel/kernel/process.tkb	f30c6a11aec9442732e4b73652cf845b2277858ce8028b19d75ab9513f99fbce	473	scheduled_process_reaped_current_count	mutable	private	usize	0	qemu,rpi5	kernel/kernel/process.tkb:838@scheduled_process_reaped_current_count_value;kernel/kernel/process.tkb:3549@scheduled_process_reap_teardown;kernel/kernel/process.tkb:3550@scheduled_process_reap_teardown	kernel/kernel/process.tkb:3549@scheduled_process_reap_teardown	-	-
kernel/kernel/process.tkb	f30c6a11aec9442732e4b73652cf845b2277858ce8028b19d75ab9513f99fbce	477	scheduled_process_stale_handle_reads	mutable	private	usize	0	qemu,rpi5	kernel/kernel/process.tkb:763@scheduled_process_record_of;kernel/kernel/process.tkb:764@scheduled_process_record_of;kernel/kernel/process.tkb:826@scheduled_process_stale_handle_reads_value	kernel/kernel/process.tkb:763@scheduled_process_record_of	-	-
kernel/kernel/process.tkb	f30c6a11aec9442732e4b73652cf845b2277858ce8028b19d75ab9513f99fbce	484	kernel_process_start_refused_invalid	mutable	private	usize	0	qemu,rpi5	kernel/kernel/process.tkb:493@kernel_process_start_refusals;kernel/kernel/process.tkb:5467@kernel_process_secondary_start_reserved;kernel/kernel/process.tkb:5468@kernel_process_secondary_start_reserved	kernel/kernel/process.tkb:5467@kernel_process_secondary_start_reserved	-	-
kernel/kernel/process.tkb	f30c6a11aec9442732e4b73652cf845b2277858ce8028b19d75ab9513f99fbce	485	kernel_process_start_refused_busy	mutable	private	usize	0	qemu,rpi5	kernel/kernel/process.tkb:494@kernel_process_start_refusals;kernel/kernel/process.tkb:5479@kernel_process_secondary_start_reserved;kernel/kernel/process.tkb:5480@kernel_process_secondary_start_reserved	kernel/kernel/process.tkb:5479@kernel_process_secondary_start_reserved	-	-
kernel/kernel/process.tkb	f30c6a11aec9442732e4b73652cf845b2277858ce8028b19d75ab9513f99fbce	486	kernel_process_start_refused_partial	mutable	private	usize	0	qemu,rpi5	kernel/kernel/process.tkb:495@kernel_process_start_refusals;kernel/kernel/process.tkb:5489@kernel_process_secondary_start_reserved;kernel/kernel/process.tkb:5490@kernel_process_secondary_start_reserved	kernel/kernel/process.tkb:5489@kernel_process_secondary_start_reserved	-	-
kernel/kernel/process.tkb	f30c6a11aec9442732e4b73652cf845b2277858ce8028b19d75ab9513f99fbce	489	kernel_process_stable_retry_busy	mutable	private	usize	0	qemu,rpi5	kernel/kernel/process.tkb:496@kernel_process_start_refusals;kernel/kernel/process.tkb:5886@kernel_process_activate_stable_root;kernel/kernel/process.tkb:5887@kernel_process_activate_stable_root	kernel/kernel/process.tkb:5886@kernel_process_activate_stable_root	-	-
kernel/kernel/process.tkb	f30c6a11aec9442732e4b73652cf845b2277858ce8028b19d75ab9513f99fbce	490	kernel_process_stable_retry_partial	mutable	private	usize	0	qemu,rpi5	kernel/kernel/process.tkb:497@kernel_process_start_refusals;kernel/kernel/process.tkb:5892@kernel_process_activate_stable_root;kernel/kernel/process.tkb:5893@kernel_process_activate_stable_root	kernel/kernel/process.tkb:5892@kernel_process_activate_stable_root	-	-
kernel/kernel/process.tkb	f30c6a11aec9442732e4b73652cf845b2277858ce8028b19d75ab9513f99fbce	499	scheduled_process_stale_first_slot	mutable	private	usize	0	qemu,rpi5	kernel/kernel/process.tkb:765@scheduled_process_record_of;kernel/kernel/process.tkb:766@scheduled_process_record_of;kernel/kernel/process.tkb:830@scheduled_process_stale_first_slot_value	kernel/kernel/process.tkb:766@scheduled_process_record_of	-	-
kernel/kernel/process.tkb	f30c6a11aec9442732e4b73652cf845b2277858ce8028b19d75ab9513f99fbce	500	scheduled_process_stale_first_generation	mutable	private	usize	0	qemu,rpi5	kernel/kernel/process.tkb:767@scheduled_process_record_of;kernel/kernel/process.tkb:834@scheduled_process_stale_first_generation_value	kernel/kernel/process.tkb:767@scheduled_process_record_of	-	-
kernel/kernel/process.tkb	f30c6a11aec9442732e4b73652cf845b2277858ce8028b19d75ab9513f99fbce	533	scheduled_process_spare	mutable	private	SpareStackRunCell	-	qemu,rpi5	kernel/kernel/process.tkb:2685@scheduled_process_park_stack_run;kernel/kernel/process.tkb:2687@scheduled_process_park_stack_run;kernel/kernel/process.tkb:2688@scheduled_process_park_stack_run;kernel/kernel/process.tkb:2696@scheduled_process_park_stack_run;kernel/kernel/process.tkb:2697@scheduled_process_park_stack_run;kernel/kernel/process.tkb:2712@scheduled_process_park_stack_run;kernel/kernel/process.tkb:2713@scheduled_process_park_stack_run;kernel/kernel/process.tkb:2726@scheduled_process_park_stack_run;kernel/kernel/process.tkb:2727@scheduled_process_park_stack_run;kernel/kernel/process.tkb:2745@scheduled_process_park_stack_run;kernel/kernel/process.tkb:2746@scheduled_process_park_stack_run;kernel/kernel/process.tkb:2762@scheduled_process_park_stack_run;kernel/kernel/process.tkb:2767@scheduled_process_take_spare_stack_run;kernel/kernel/process.tkb:2769@scheduled_process_take_spare_stack_run;kernel/kernel/process.tkb:2770@scheduled_process_take_spare_stack_run;kernel/kernel/process.tkb:2774@scheduled_process_take_spare_stack_run;kernel/kernel/process.tkb:2782@scheduled_process_take_spare_stack_run;kernel/kernel/process.tkb:2783@scheduled_process_take_spare_stack_run;kernel/kernel/process.tkb:2792@scheduled_process_take_spare_stack_run;kernel/kernel/process.tkb:2797@scheduled_process_take_spare_stack_run;kernel/kernel/process.tkb:6332@kernel_stack_owner_name;kernel/kernel/process.tkb:6334@kernel_stack_owner_name;kernel/kernel/process.tkb:6335@kernel_stack_owner_name;kernel/kernel/process.tkb:6341@kernel_stack_owner_name;kernel/kernel/process.tkb:6342@kernel_stack_owner_name;kernel/kernel/process.tkb:6351@kernel_stack_owner_name;kernel/kernel/process.tkb:6359@kernel_stack_owner_name	-	kernel/kernel/process.tkb:2685@scheduled_process_park_stack_run;kernel/kernel/process.tkb:2687@scheduled_process_park_stack_run;kernel/kernel/process.tkb:2696@scheduled_process_park_stack_run;kernel/kernel/process.tkb:2712@scheduled_process_park_stack_run;kernel/kernel/process.tkb:2726@scheduled_process_park_stack_run;kernel/kernel/process.tkb:2745@scheduled_process_park_stack_run;kernel/kernel/process.tkb:2762@scheduled_process_park_stack_run;kernel/kernel/process.tkb:2767@scheduled_process_take_spare_stack_run;kernel/kernel/process.tkb:2769@scheduled_process_take_spare_stack_run;kernel/kernel/process.tkb:2774@scheduled_process_take_spare_stack_run;kernel/kernel/process.tkb:2782@scheduled_process_take_spare_stack_run;kernel/kernel/process.tkb:2792@scheduled_process_take_spare_stack_run;kernel/kernel/process.tkb:2797@scheduled_process_take_spare_stack_run;kernel/kernel/process.tkb:6332@kernel_stack_owner_name;kernel/kernel/process.tkb:6334@kernel_stack_owner_name;kernel/kernel/process.tkb:6341@kernel_stack_owner_name;kernel/kernel/process.tkb:6351@kernel_stack_owner_name;kernel/kernel/process.tkb:6359@kernel_stack_owner_name	-
kernel/kernel/process.tkb	f30c6a11aec9442732e4b73652cf845b2277858ce8028b19d75ab9513f99fbce	566	scheduled_process_stack_deepest_reaped	mutable	private	usize	0	qemu,rpi5	kernel/kernel/process.tkb:3575@scheduled_process_reap_teardown;kernel/kernel/process.tkb:3576@scheduled_process_reap_teardown;kernel/kernel/process.tkb:6531@kernel_stack_deepest_bytes;kernel/kernel/process.tkb:6595@kernel_stack_watermark_report	kernel/kernel/process.tkb:3576@scheduled_process_reap_teardown	-	-
kernel/kernel/process.tkb	f30c6a11aec9442732e4b73652cf845b2277858ce8028b19d75ab9513f99fbce	585	scheduled_process_pid_cell	mutable	private	LockedCell(usize)	-	qemu,rpi5	kernel/kernel/process.tkb:598@scheduled_process_mint_pid;kernel/kernel/process.tkb:599@scheduled_process_mint_pid;kernel/kernel/process.tkb:602@scheduled_process_mint_pid;kernel/kernel/process.tkb:664@scheduled_process_mint_pid_probe_begin;kernel/kernel/process.tkb:672@scheduled_process_mint_pid_probe_commit;kernel/kernel/process.tkb:685@scheduled_process_pid_counter;kernel/kernel/process.tkb:686@scheduled_process_pid_counter;kernel/kernel/process.tkb:688@scheduled_process_pid_counter;kernel/kernel/process.tkb:693@scheduled_process_pid_counter_restore;kernel/kernel/process.tkb:694@scheduled_process_pid_counter_restore;kernel/kernel/process.tkb:696@scheduled_process_pid_counter_restore	-	kernel/kernel/process.tkb:598@scheduled_process_mint_pid;kernel/kernel/process.tkb:599@scheduled_process_mint_pid;kernel/kernel/process.tkb:602@scheduled_process_mint_pid;kernel/kernel/process.tkb:664@scheduled_process_mint_pid_probe_begin;kernel/kernel/process.tkb:672@scheduled_process_mint_pid_probe_commit;kernel/kernel/process.tkb:685@scheduled_process_pid_counter;kernel/kernel/process.tkb:686@scheduled_process_pid_counter;kernel/kernel/process.tkb:688@scheduled_process_pid_counter;kernel/kernel/process.tkb:693@scheduled_process_pid_counter_restore;kernel/kernel/process.tkb:694@scheduled_process_pid_counter_restore;kernel/kernel/process.tkb:696@scheduled_process_pid_counter_restore	-
kernel/kernel/process.tkb	f30c6a11aec9442732e4b73652cf845b2277858ce8028b19d75ab9513f99fbce	705	kernel_process_reap_unlinked_count	mutable	private	usize	0	qemu,rpi5	kernel/kernel/process.tkb:723@kernel_process_reap_unlinked_count_value;kernel/kernel/process.tkb:9889@kernel_process_reap_zombie;kernel/kernel/process.tkb:9890@kernel_process_reap_zombie	kernel/kernel/process.tkb:9889@kernel_process_reap_zombie	-	-
kernel/kernel/process.tkb	f30c6a11aec9442732e4b73652cf845b2277858ce8028b19d75ab9513f99fbce	716	kernel_process_cpus_that_ran	mutable	private	usize	0	qemu,rpi5	kernel/kernel/process.tkb:719@kernel_process_cpus_that_ran_value;kernel/kernel/process.tkb:3413@scheduled_process_start;kernel/kernel/process.tkb:3414@scheduled_process_start	kernel/kernel/process.tkb:3413@scheduled_process_start	-	-
kernel/kernel/process.tkb	f30c6a11aec9442732e4b73652cf845b2277858ce8028b19d75ab9513f99fbce	870	scheduled_process_missing_first_slot	mutable	private	usize	0	qemu,rpi5	kernel/kernel/process.tkb:1063@scheduled_process_missing_first_slot_value;kernel/kernel/process.tkb:1084@scheduled_process_record_at;kernel/kernel/process.tkb:1085@scheduled_process_record_at;kernel/kernel/process.tkb:1129@scheduled_process_record_at;kernel/kernel/process.tkb:1130@scheduled_process_record_at	kernel/kernel/process.tkb:1085@scheduled_process_record_at;kernel/kernel/process.tkb:1130@scheduled_process_record_at	-	-
kernel/kernel/process.tkb	f30c6a11aec9442732e4b73652cf845b2277858ce8028b19d75ab9513f99fbce	871	scheduled_process_missing_reason	mutable	private	usize	0	qemu,rpi5	kernel/kernel/process.tkb:1067@scheduled_process_missing_reason_value;kernel/kernel/process.tkb:1086@scheduled_process_record_at;kernel/kernel/process.tkb:1131@scheduled_process_record_at	kernel/kernel/process.tkb:1086@scheduled_process_record_at;kernel/kernel/process.tkb:1131@scheduled_process_record_at	-	-
kernel/kernel/process.tkb	f30c6a11aec9442732e4b73652cf845b2277858ce8028b19d75ab9513f99fbce	883	scheduled_process_missing_cpu	mutable	private	usize	0	qemu,rpi5	kernel/kernel/process.tkb:1071@scheduled_process_missing_cpu_value;kernel/kernel/process.tkb:1132@scheduled_process_record_at	kernel/kernel/process.tkb:1132@scheduled_process_record_at	-	-
kernel/kernel/process.tkb	f30c6a11aec9442732e4b73652cf845b2277858ce8028b19d75ab9513f99fbce	884	scheduled_process_missing_current	mutable	private	usize	0	qemu,rpi5	kernel/kernel/process.tkb:1075@scheduled_process_missing_current_value;kernel/kernel/process.tkb:1139@scheduled_process_record_at	kernel/kernel/process.tkb:1139@scheduled_process_record_at	-	-
kernel/kernel/process.tkb	f30c6a11aec9442732e4b73652cf845b2277858ce8028b19d75ab9513f99fbce	933	kernel_activity	mutable	private	[KernelActivity; KERNEL_MAX_CORES]	-	qemu,rpi5	kernel/kernel/process.tkb:937@kernel_activity_here;kernel/kernel/process.tkb:959@kernel_activity_of	-	-	-
kernel/kernel/process.tkb	f30c6a11aec9442732e4b73652cf845b2277858ce8028b19d75ab9513f99fbce	934	scheduled_process_missing_site	mutable	private	KernelActivity	-	qemu,rpi5	kernel/kernel/process.tkb:1035@scheduled_process_missing_site_value;kernel/kernel/process.tkb:1133@scheduled_process_record_at	kernel/kernel/process.tkb:1133@scheduled_process_record_at	-	-
kernel/kernel/process.tkb	f30c6a11aec9442732e4b73652cf845b2277858ce8028b19d75ab9513f99fbce	1041	scheduled_process_freed_slot_count	mutable	private	usize	0	qemu,rpi5	kernel/kernel/process.tkb:1047@scheduled_process_freed_slot_count_value;kernel/kernel/process.tkb:1117@scheduled_process_record_at;kernel/kernel/process.tkb:1118@scheduled_process_record_at	kernel/kernel/process.tkb:1117@scheduled_process_record_at	-	-
kernel/kernel/process.tkb	f30c6a11aec9442732e4b73652cf845b2277858ce8028b19d75ab9513f99fbce	1042	scheduled_process_freed_first_slot	mutable	private	usize	0	qemu,rpi5	kernel/kernel/process.tkb:1051@scheduled_process_freed_first_slot_value;kernel/kernel/process.tkb:1119@scheduled_process_record_at;kernel/kernel/process.tkb:1120@scheduled_process_record_at	kernel/kernel/process.tkb:1120@scheduled_process_record_at	-	-
kernel/kernel/process.tkb	f30c6a11aec9442732e4b73652cf845b2277858ce8028b19d75ab9513f99fbce	1043	scheduled_process_freed_cpu	mutable	private	usize	0	qemu,rpi5	kernel/kernel/process.tkb:1055@scheduled_process_freed_cpu_value;kernel/kernel/process.tkb:1121@scheduled_process_record_at	kernel/kernel/process.tkb:1121@scheduled_process_record_at	-	-
kernel/kernel/process.tkb	f30c6a11aec9442732e4b73652cf845b2277858ce8028b19d75ab9513f99fbce	1044	scheduled_process_freed_site	mutable	private	KernelActivity	-	qemu,rpi5	kernel/kernel/process.tkb:1059@scheduled_process_freed_site_value;kernel/kernel/process.tkb:1122@scheduled_process_record_at	kernel/kernel/process.tkb:1122@scheduled_process_record_at	-	-
kernel/kernel/process.tkb	f30c6a11aec9442732e4b73652cf845b2277858ce8028b19d75ab9513f99fbce	3141	scheduled_process_run_lock	mutable	private	Mutex	-	qemu,rpi5	kernel/kernel/process.tkb:2646@-;kernel/kernel/process.tkb:3170@-;kernel/kernel/process.tkb:3174@process_run_lock;kernel/kernel/process.tkb:3175@process_run_lock;kernel/kernel/process.tkb:3184@-;kernel/kernel/process.tkb:3185@process_run_unlock_observed;kernel/kernel/process.tkb:3188@-;kernel/kernel/process.tkb:3193@process_run_unlock;kernel/kernel/process.tkb:3211@-;kernel/kernel/process.tkb:3212@process_run_guard_forge_unlocked;kernel/kernel/process.tkb:3220@-;kernel/kernel/process.tkb:3585@-;kernel/kernel/process.tkb:5019@-;kernel/kernel/process.tkb:5031@-;kernel/kernel/process.tkb:5561@-;kernel/kernel/process.tkb:6870@-;kernel/kernel/process.tkb:7450@-;kernel/kernel/process.tkb:7519@-;kernel/kernel/process.tkb:7531@-;kernel/kernel/process.tkb:7545@-;kernel/kernel/process.tkb:7583@-;kernel/kernel/process.tkb:7613@-;kernel/kernel/process.tkb:7638@-;kernel/kernel/process.tkb:9136@-;kernel/kernel/process.tkb:9199@-	-	kernel/kernel/process.tkb:3175@process_run_lock;kernel/kernel/process.tkb:3185@process_run_unlock_observed;kernel/kernel/process.tkb:3193@process_run_unlock	-
kernel/kernel/process.tkb	f30c6a11aec9442732e4b73652cf845b2277858ce8028b19d75ab9513f99fbce	3917	execution_state	mutable	private	[ExecutionState; KERNEL_MAX_CORES]	-	qemu,rpi5	kernel/kernel/process.tkb:968@execution_of;kernel/kernel/process.tkb:1363@kernel_process_protocol_observe;kernel/kernel/process.tkb:1365@kernel_process_protocol_observe;kernel/kernel/process.tkb:1368@kernel_process_protocol_observe;kernel/kernel/process.tkb:1370@kernel_process_protocol_observe;kernel/kernel/process.tkb:3946@execution_here	-	-	-
kernel/kernel/process.tkb	f30c6a11aec9442732e4b73652cf845b2277858ce8028b19d75ab9513f99fbce	4237	kernel_process_trace_probe_parent_frame	mutable	private	[usize; KERNEL_PROCESS_TRACE_PROBE_FRAME_WORDS]	-	qemu,rpi5	kernel/kernel/process.tkb:8221@kernel_process_trace_block_wake_probe	-	-	-
kernel/kernel/process.tkb	f30c6a11aec9442732e4b73652cf845b2277858ce8028b19d75ab9513f99fbce	4239	kernel_process_trace_probe_child_frame	mutable	private	[usize; KERNEL_PROCESS_TRACE_PROBE_FRAME_WORDS]	-	qemu,rpi5	kernel/kernel/process.tkb:8224@kernel_process_trace_block_wake_probe	-	-	-
kernel/kernel/process.tkb	f30c6a11aec9442732e4b73652cf845b2277858ce8028b19d75ab9513f99fbce	4330	kernel_crash_trace	mutable	private	[usize; KERNEL_CRASH_TRACE_STORAGE_WORDS]	-	qemu,rpi5	kernel/kernel/process.tkb:4452@kernel_process_crash_trace_reset;kernel/kernel/process.tkb:4480@kernel_process_trace_record;kernel/kernel/process.tkb:4481@kernel_process_trace_record;kernel/kernel/process.tkb:4482@kernel_process_trace_record;kernel/kernel/process.tkb:4483@kernel_process_trace_record;kernel/kernel/process.tkb:4484@kernel_process_trace_record;kernel/kernel/process.tkb:4486@kernel_process_trace_record;kernel/kernel/process.tkb:4487@kernel_process_trace_record;kernel/kernel/process.tkb:4489@kernel_process_trace_record;kernel/kernel/process.tkb:4490@kernel_process_trace_record;kernel/kernel/process.tkb:4492@kernel_process_trace_record;kernel/kernel/process.tkb:4493@kernel_process_trace_record;kernel/kernel/process.tkb:4494@kernel_process_trace_record;kernel/kernel/process.tkb:4495@kernel_process_trace_record;kernel/kernel/process.tkb:4615@kernel_process_crash_trace_copy;kernel/kernel/process.tkb:4629@kernel_process_crash_trace_copy;kernel/kernel/process.tkb:4637@kernel_process_crash_trace_copy	kernel/kernel/process.tkb:4452@kernel_process_crash_trace_reset;kernel/kernel/process.tkb:4480@kernel_process_trace_record;kernel/kernel/process.tkb:4481@kernel_process_trace_record;kernel/kernel/process.tkb:4482@kernel_process_trace_record;kernel/kernel/process.tkb:4483@kernel_process_trace_record;kernel/kernel/process.tkb:4484@kernel_process_trace_record;kernel/kernel/process.tkb:4486@kernel_process_trace_record;kernel/kernel/process.tkb:4487@kernel_process_trace_record;kernel/kernel/process.tkb:4489@kernel_process_trace_record;kernel/kernel/process.tkb:4490@kernel_process_trace_record;kernel/kernel/process.tkb:4492@kernel_process_trace_record;kernel/kernel/process.tkb:4493@kernel_process_trace_record;kernel/kernel/process.tkb:4494@kernel_process_trace_record;kernel/kernel/process.tkb:4495@kernel_process_trace_record	-	-
kernel/kernel/process.tkb	f30c6a11aec9442732e4b73652cf845b2277858ce8028b19d75ab9513f99fbce	4335	kernel_crash_trace_next	mutable	private	[usize; KERNEL_MAX_CORES]	-	qemu,rpi5	kernel/kernel/process.tkb:4448@kernel_process_crash_trace_reset;kernel/kernel/process.tkb:4475@kernel_process_trace_record;kernel/kernel/process.tkb:4476@kernel_process_trace_record	kernel/kernel/process.tkb:4448@kernel_process_crash_trace_reset;kernel/kernel/process.tkb:4476@kernel_process_trace_record	-	-
kernel/kernel/process.tkb	f30c6a11aec9442732e4b73652cf845b2277858ce8028b19d75ab9513f99fbce	4337	kernel_crash_trace_sequence	mutable	private	AtomicWord	-	qemu,rpi5	kernel/kernel/process.tkb:4450@kernel_process_crash_trace_reset;kernel/kernel/process.tkb:4474@kernel_process_trace_record	-	kernel/kernel/process.tkb:4450@kernel_process_crash_trace_reset;kernel/kernel/process.tkb:4474@kernel_process_trace_record	-
kernel/kernel/process.tkb	f30c6a11aec9442732e4b73652cf845b2277858ce8028b19d75ab9513f99fbce	4351	kernel_process_trace_boot_enabled	mutable	private	bool	-	qemu,rpi5	kernel/kernel/process.tkb:4776@kernel_process_execution_reset	-	-	-
kernel/kernel/process.tkb	f30c6a11aec9442732e4b73652cf845b2277858ce8028b19d75ab9513f99fbce	4355	kernel_process_trace_fail_after_exec	mutable	private	bool	-	qemu,rpi5	kernel/kernel/process.tkb:4502@kernel_process_trace_fail_after_exec_requested	-	-	-
kernel/kernel/process.tkb	f30c6a11aec9442732e4b73652cf845b2277858ce8028b19d75ab9513f99fbce	4360	kernel_process_rollover_busy_injections	mutable	private	usize	-	qemu,rpi5	kernel/kernel/process.tkb:5865@kernel_process_activate_stable_root;kernel/kernel/process.tkb:5875@kernel_process_activate_stable_root;kernel/kernel/process.tkb:5876@kernel_process_activate_stable_root;kernel/kernel/process.tkb:5877@kernel_process_activate_stable_root	kernel/kernel/process.tkb:5876@kernel_process_activate_stable_root	-	-
kernel/kernel/process.tkb	f30c6a11aec9442732e4b73652cf845b2277858ce8028b19d75ab9513f99fbce	4363	kernel_process_clone_rollover_busy_injections	mutable	private	usize	-	qemu,rpi5	kernel/kernel/process.tkb:5779@kernel_process_activate_current_root;kernel/kernel/process.tkb:5789@kernel_process_activate_current_root;kernel/kernel/process.tkb:5790@kernel_process_activate_current_root;kernel/kernel/process.tkb:5791@kernel_process_activate_current_root	kernel/kernel/process.tkb:5790@kernel_process_activate_current_root	-	-
kernel/kernel/process.tkb	f30c6a11aec9442732e4b73652cf845b2277858ce8028b19d75ab9513f99fbce	4382	kernel_process_exec_failure_reason	mutable	private	KernelExecFailureReason	-	qemu,rpi5	kernel/kernel/process.tkb:4506@kernel_process_exec_failure_clear;kernel/kernel/process.tkb:4511@kernel_process_exec_failure_set;kernel/kernel/process.tkb:4512@kernel_process_exec_failure_set;kernel/kernel/process.tkb:4513@kernel_process_exec_failure_set;kernel/kernel/process.tkb:4514@kernel_process_exec_failure_set;kernel/kernel/process.tkb:4515@kernel_process_exec_failure_set;kernel/kernel/process.tkb:4516@kernel_process_exec_failure_set;kernel/kernel/process.tkb:4517@kernel_process_exec_failure_set;kernel/kernel/process.tkb:4518@kernel_process_exec_failure_set;kernel/kernel/process.tkb:4519@kernel_process_exec_failure_set;kernel/kernel/process.tkb:4520@kernel_process_exec_failure_set;kernel/kernel/process.tkb:4521@kernel_process_exec_failure_set;kernel/kernel/process.tkb:4522@kernel_process_exec_failure_set;kernel/kernel/process.tkb:4527@kernel_process_exec_failure_debugger_after_commit;kernel/kernel/process.tkb:4531@kernel_process_exec_failure_render;kernel/kernel/process.tkb:4535@kernel_process_exec_failure_render	kernel/kernel/process.tkb:4506@kernel_process_exec_failure_clear;kernel/kernel/process.tkb:4511@kernel_process_exec_failure_set;kernel/kernel/process.tkb:4512@kernel_process_exec_failure_set;kernel/kernel/process.tkb:4513@kernel_process_exec_failure_set;kernel/kernel/process.tkb:4514@kernel_process_exec_failure_set;kernel/kernel/process.tkb:4515@kernel_process_exec_failure_set;kernel/kernel/process.tkb:4516@kernel_process_exec_failure_set;kernel/kernel/process.tkb:4517@kernel_process_exec_failure_set;kernel/kernel/process.tkb:4518@kernel_process_exec_failure_set;kernel/kernel/process.tkb:4519@kernel_process_exec_failure_set;kernel/kernel/process.tkb:4520@kernel_process_exec_failure_set;kernel/kernel/process.tkb:4521@kernel_process_exec_failure_set;kernel/kernel/process.tkb:4522@kernel_process_exec_failure_set;kernel/kernel/process.tkb:4527@kernel_process_exec_failure_debugger_after_commit	-	-
kernel/kernel/process.tkb	f30c6a11aec9442732e4b73652cf845b2277858ce8028b19d75ab9513f99fbce	4401	kernel_process_trace_enabled	mutable	private	bool	-	qemu,rpi5	kernel/kernel/process.tkb:4462@kernel_process_trace_record;kernel/kernel/process.tkb:4498@kernel_process_trace_enable;kernel/kernel/process.tkb:4499@kernel_process_trace_disable;kernel/kernel/process.tkb:4776@kernel_process_execution_reset	kernel/kernel/process.tkb:4498@kernel_process_trace_enable;kernel/kernel/process.tkb:4499@kernel_process_trace_disable;kernel/kernel/process.tkb:4776@kernel_process_execution_reset	-	-
kernel/kernel/process.tkb	f30c6a11aec9442732e4b73652cf845b2277858ce8028b19d75ab9513f99fbce	5028	kernel_process_core0_idle_seen	mutable	private	bool	-	qemu,rpi5	kernel/kernel/process.tkb:5032@kernel_process_core0_idle_was_seen;kernel/kernel/process.tkb:5068@kernel_process_core0_leave_excluded	kernel/kernel/process.tkb:5068@kernel_process_core0_leave_excluded	-	-
kernel/kernel/process.tkb	f30c6a11aec9442732e4b73652cf845b2277858ce8028b19d75ab9513f99fbce	5134	spread_timer_phase	mutable	private	SpreadTimerPhase	-	qemu,rpi5	kernel/kernel/process.tkb:5161@kernel_process_spread_timer_progress;kernel/kernel/process.tkb:5179@kernel_process_spread_timer_progress;kernel/kernel/process.tkb:5194@kernel_process_spread_timer_progress;kernel/kernel/process.tkb:5199@kernel_process_spread_timer_progress;kernel/kernel/process.tkb:5212@kernel_process_spread_timer_enter;kernel/kernel/process.tkb:5223@kernel_process_spread_timer_enter;kernel/kernel/process.tkb:5236@kernel_process_spread_timer_left;kernel/kernel/process.tkb:5240@kernel_process_spread_timer_left	kernel/kernel/process.tkb:5179@kernel_process_spread_timer_progress;kernel/kernel/process.tkb:5199@kernel_process_spread_timer_progress;kernel/kernel/process.tkb:5223@kernel_process_spread_timer_enter;kernel/kernel/process.tkb:5240@kernel_process_spread_timer_left	-	-
kernel/kernel/process.tkb	f30c6a11aec9442732e4b73652cf845b2277858ce8028b19d75ab9513f99fbce	5135	spread_timer_parent	mutable	private	ProcessHandle	-	qemu,rpi5	kernel/kernel/process.tkb:5177@kernel_process_spread_timer_progress;kernel/kernel/process.tkb:5187@kernel_process_spread_timer_progress;kernel/kernel/process.tkb:5188@kernel_process_spread_timer_progress	kernel/kernel/process.tkb:5177@kernel_process_spread_timer_progress	-	-
kernel/kernel/process.tkb	f30c6a11aec9442732e4b73652cf845b2277858ce8028b19d75ab9513f99fbce	5136	spread_timer_child	mutable	private	ProcessHandle	-	qemu,rpi5	kernel/kernel/process.tkb:5167@kernel_process_spread_timer_progress;kernel/kernel/process.tkb:5178@kernel_process_spread_timer_progress;kernel/kernel/process.tkb:5189@kernel_process_spread_timer_progress;kernel/kernel/process.tkb:5190@kernel_process_spread_timer_progress;kernel/kernel/process.tkb:5215@kernel_process_spread_timer_enter;kernel/kernel/process.tkb:5217@kernel_process_spread_timer_enter;kernel/kernel/process.tkb:5219@kernel_process_spread_timer_enter;kernel/kernel/process.tkb:5220@kernel_process_spread_timer_enter;kernel/kernel/process.tkb:5222@kernel_process_spread_timer_enter;kernel/kernel/process.tkb:5238@kernel_process_spread_timer_left;kernel/kernel/process.tkb:5239@kernel_process_spread_timer_left	kernel/kernel/process.tkb:5178@kernel_process_spread_timer_progress	-	-
kernel/kernel/process.tkb	f30c6a11aec9442732e4b73652cf845b2277858ce8028b19d75ab9513f99fbce	5139	spread_timer_active	mutable	private	AtomicWord	-	qemu,rpi5	kernel/kernel/process.tkb:5183@kernel_process_spread_timer_progress;kernel/kernel/process.tkb:5200@kernel_process_spread_timer_progress;kernel/kernel/process.tkb:5210@kernel_process_spread_timer_enter	-	kernel/kernel/process.tkb:5183@kernel_process_spread_timer_progress;kernel/kernel/process.tkb:5200@kernel_process_spread_timer_progress;kernel/kernel/process.tkb:5210@kernel_process_spread_timer_enter	-
kernel/kernel/process.tkb	f30c6a11aec9442732e4b73652cf845b2277858ce8028b19d75ab9513f99fbce	5556	kernel_idle_starvation_pid	mutable	private	[usize; KERNEL_MAX_CORES]	-	qemu,rpi5	kernel/kernel/process.tkb:5584@kernel_process_idle_starvation_note;kernel/kernel/process.tkb:5585@kernel_process_idle_starvation_note	kernel/kernel/process.tkb:5585@kernel_process_idle_starvation_note	-	-
kernel/kernel/process.tkb	f30c6a11aec9442732e4b73652cf845b2277858ce8028b19d75ab9513f99fbce	5557	kernel_idle_starvation_passes	mutable	private	[usize; KERNEL_MAX_CORES]	-	qemu,rpi5	kernel/kernel/process.tkb:5586@kernel_process_idle_starvation_note;kernel/kernel/process.tkb:5589@kernel_process_idle_starvation_note;kernel/kernel/process.tkb:5590@kernel_process_idle_starvation_note	kernel/kernel/process.tkb:5586@kernel_process_idle_starvation_note;kernel/kernel/process.tkb:5589@kernel_process_idle_starvation_note	-	-
kernel/kernel/process.tkb	f30c6a11aec9442732e4b73652cf845b2277858ce8028b19d75ab9513f99fbce	5558	kernel_idle_starvation_reported	mutable	private	bool	false	qemu,rpi5	kernel/kernel/process.tkb:5591@kernel_process_idle_starvation_note;kernel/kernel/process.tkb:5592@kernel_process_idle_starvation_note	kernel/kernel/process.tkb:5592@kernel_process_idle_starvation_note	kernel/kernel/process.tkb:5591@kernel_process_idle_starvation_note	-
kernel/kernel/process.tkb	f30c6a11aec9442732e4b73652cf845b2277858ce8028b19d75ab9513f99fbce	7528	terminal_foreground_session	mutable	private	usize	-	qemu,rpi5	kernel/kernel/process.tkb:7533@kernel_process_terminal_reader;kernel/kernel/process.tkb:7639@kernel_process_terminal_signal;kernel/kernel/process.tkb:7647@kernel_process_terminal_signal	kernel/kernel/process.tkb:7533@kernel_process_terminal_reader	-	-
kernel/kernel/process_test_evidence.tkb	0d60f0bf76c9681f983607da3ad86afe157098766ee33454fde85d28840d4b1e	38	process_test_evidence	mutable	private	ProcessTestEvidence	-	qemu,rpi5	kernel/kernel/process_test_evidence.tkb:41@process_test_evidence_reset;kernel/kernel/process_test_evidence.tkb:42@process_test_evidence_reset;kernel/kernel/process_test_evidence.tkb:43@process_test_evidence_reset;kernel/kernel/process_test_evidence.tkb:44@process_test_evidence_reset;kernel/kernel/process_test_evidence.tkb:45@process_test_evidence_reset;kernel/kernel/process_test_evidence.tkb:46@process_test_evidence_reset;kernel/kernel/process_test_evidence.tkb:47@process_test_evidence_reset;kernel/kernel/process_test_evidence.tkb:48@process_test_evidence_reset;kernel/kernel/process_test_evidence.tkb:54@process_test_evidence_record_clone;kernel/kernel/process_test_evidence.tkb:58@process_test_evidence_release_clone;kernel/kernel/process_test_evidence.tkb:59@process_test_evidence_release_clone;kernel/kernel/process_test_evidence.tkb:60@process_test_evidence_release_clone;kernel/kernel/process_test_evidence.tkb:65@process_test_evidence_clone_calls;kernel/kernel/process_test_evidence.tkb:69@process_test_evidence_record_child_exit;kernel/kernel/process_test_evidence.tkb:73@process_test_evidence_exit_42_seen;kernel/kernel/process_test_evidence.tkb:90@process_test_evidence_record_uart_block;kernel/kernel/process_test_evidence.tkb:91@process_test_evidence_record_uart_block;kernel/kernel/process_test_evidence.tkb:92@process_test_evidence_record_uart_block;kernel/kernel/process_test_evidence.tkb:99@process_test_evidence_set_uart_block_logged;kernel/kernel/process_test_evidence.tkb:103@process_test_evidence_uart_blocks;kernel/kernel/process_test_evidence.tkb:107@process_test_evidence_record_uart_wake;kernel/kernel/process_test_evidence.tkb:111@process_test_evidence_uart_wakes;kernel/kernel/process_test_evidence.tkb:115@process_test_evidence_record_uart_parent_progress;kernel/kernel/process_test_evidence.tkb:116@process_test_evidence_record_uart_parent_progress;kernel/kernel/process_test_evidence.tkb:120@process_test_evidence_uart_parent_progress;kernel/kernel/process_test_evidence.tkb:124@process_test_evidence_record_timer_switch;kernel/kernel/process_test_evidence.tkb:125@process_test_evidence_record_timer_switch;kernel/kernel/process_test_evidence.tkb:129@process_test_evidence_timer_switches;kernel/kernel/process_test_evidence.tkb:133@process_test_evidence_record_deferred_switch;kernel/kernel/process_test_evidence.tkb:134@process_test_evidence_record_deferred_switch;kernel/kernel/process_test_evidence.tkb:138@process_test_evidence_deferred_switches;kernel/kernel/process_test_evidence.tkb:142@process_test_evidence_record_deferred_request;kernel/kernel/process_test_evidence.tkb:143@process_test_evidence_record_deferred_request;kernel/kernel/process_test_evidence.tkb:147@process_test_evidence_deferred_requests	kernel/kernel/process_test_evidence.tkb:41@process_test_evidence_reset;kernel/kernel/process_test_evidence.tkb:42@process_test_evidence_reset;kernel/kernel/process_test_evidence.tkb:43@process_test_evidence_reset;kernel/kernel/process_test_evidence.tkb:44@process_test_evidence_reset;kernel/kernel/process_test_evidence.tkb:45@process_test_evidence_reset;kernel/kernel/process_test_evidence.tkb:46@process_test_evidence_reset;kernel/kernel/process_test_evidence.tkb:47@process_test_evidence_reset;kernel/kernel/process_test_evidence.tkb:48@process_test_evidence_reset;kernel/kernel/process_test_evidence.tkb:54@process_test_evidence_record_clone;kernel/kernel/process_test_evidence.tkb:59@process_test_evidence_release_clone;kernel/kernel/process_test_evidence.tkb:69@process_test_evidence_record_child_exit;kernel/kernel/process_test_evidence.tkb:90@process_test_evidence_record_uart_block;kernel/kernel/process_test_evidence.tkb:92@process_test_evidence_record_uart_block;kernel/kernel/process_test_evidence.tkb:99@process_test_evidence_set_uart_block_logged;kernel/kernel/process_test_evidence.tkb:107@process_test_evidence_record_uart_wake;kernel/kernel/process_test_evidence.tkb:115@process_test_evidence_record_uart_parent_progress;kernel/kernel/process_test_evidence.tkb:124@process_test_evidence_record_timer_switch;kernel/kernel/process_test_evidence.tkb:133@process_test_evidence_record_deferred_switch;kernel/kernel/process_test_evidence.tkb:142@process_test_evidence_record_deferred_request	kernel/kernel/process_test_evidence.tkb:91@process_test_evidence_record_uart_block	-
kernel/kernel/profile_samples.tkb	3b2510da679bd6eef472f7ef4fef84d0095089ff56f408c2e5a238ddd5be60ae	85	profile_sample_cores	mutable	private	[ProfileSampleCore; KERNEL_MAX_CORES]	-	qemu,rpi5	kernel/kernel/profile_samples.tkb:103@profile_sample_core_reset;kernel/kernel/profile_samples.tkb:104@profile_sample_core_reset;kernel/kernel/profile_samples.tkb:113@profile_sample_store;kernel/kernel/profile_samples.tkb:115@profile_sample_store;kernel/kernel/profile_samples.tkb:119@profile_sample_store;kernel/kernel/profile_samples.tkb:120@profile_sample_store;kernel/kernel/profile_samples.tkb:121@profile_sample_store;kernel/kernel/profile_samples.tkb:122@profile_sample_store;kernel/kernel/profile_samples.tkb:123@profile_sample_store;kernel/kernel/profile_samples.tkb:211@profile_sample_report;kernel/kernel/profile_samples.tkb:217@profile_sample_report;kernel/kernel/profile_samples.tkb:221@profile_sample_report;kernel/kernel/profile_samples.tkb:223@profile_sample_report;kernel/kernel/profile_samples.tkb:228@profile_sample_report;kernel/kernel/profile_samples.tkb:238@profile_sample_report	kernel/kernel/profile_samples.tkb:103@profile_sample_core_reset;kernel/kernel/profile_samples.tkb:104@profile_sample_core_reset;kernel/kernel/profile_samples.tkb:115@profile_sample_store;kernel/kernel/profile_samples.tkb:119@profile_sample_store;kernel/kernel/profile_samples.tkb:120@profile_sample_store;kernel/kernel/profile_samples.tkb:121@profile_sample_store;kernel/kernel/profile_samples.tkb:122@profile_sample_store;kernel/kernel/profile_samples.tkb:123@profile_sample_store	-	-
kernel/kernel/profile_samples.tkb	3b2510da679bd6eef472f7ef4fef84d0095089ff56f408c2e5a238ddd5be60ae	86	profile_sample_active	mutable	private	bool	false	qemu,rpi5	kernel/kernel/profile_samples.tkb:138@profile_sample_start;kernel/kernel/profile_samples.tkb:145@profile_sample_finish;kernel/kernel/profile_samples.tkb:146@profile_sample_finish;kernel/kernel/profile_samples.tkb:160@profile_sample_irq	kernel/kernel/profile_samples.tkb:138@profile_sample_start;kernel/kernel/profile_samples.tkb:146@profile_sample_finish	-	-
kernel/kernel/profile_samples.tkb	3b2510da679bd6eef472f7ef4fef84d0095089ff56f408c2e5a238ddd5be60ae	90	profile_sample_available	mutable	private	bool	false	qemu,rpi5	kernel/kernel/profile_samples.tkb:135@profile_sample_start;kernel/kernel/profile_samples.tkb:137@profile_sample_start;kernel/kernel/profile_samples.tkb:200@profile_sample_report	kernel/kernel/profile_samples.tkb:135@profile_sample_start	-	-
kernel/kernel/profile_samples.tkb	3b2510da679bd6eef472f7ef4fef84d0095089ff56f408c2e5a238ddd5be60ae	91	profile_sample_checked	mutable	private	bool	false	qemu,rpi5	kernel/kernel/profile_samples.tkb:133@profile_sample_start;kernel/kernel/profile_samples.tkb:134@profile_sample_start	kernel/kernel/profile_samples.tkb:134@profile_sample_start	-	-
kernel/kernel/profile_samples.tkb	3b2510da679bd6eef472f7ef4fef84d0095089ff56f408c2e5a238ddd5be60ae	97	profile_sample_end_counter	mutable	private	usize	0	qemu,rpi5	kernel/kernel/profile_samples.tkb:147@profile_sample_finish;kernel/kernel/profile_samples.tkb:252@profile_sample_report	kernel/kernel/profile_samples.tkb:147@profile_sample_finish	-	-
kernel/kernel/profile_samples.tkb	3b2510da679bd6eef472f7ef4fef84d0095089ff56f408c2e5a238ddd5be60ae	98	profile_sample_end_pending	mutable	private	usize	0	qemu,rpi5	kernel/kernel/profile_samples.tkb:148@profile_sample_finish;kernel/kernel/profile_samples.tkb:254@profile_sample_report	kernel/kernel/profile_samples.tkb:148@profile_sample_finish	-	-
kernel/kernel/profile_samples.tkb	3b2510da679bd6eef472f7ef4fef84d0095089ff56f408c2e5a238ddd5be60ae	99	profile_sample_end_state	mutable	private	usize	0	qemu,rpi5	kernel/kernel/profile_samples.tkb:149@profile_sample_finish;kernel/kernel/profile_samples.tkb:258@profile_sample_report	kernel/kernel/profile_samples.tkb:149@profile_sample_finish	-	-
kernel/kernel/profile_samples.tkb	3b2510da679bd6eef472f7ef4fef84d0095089ff56f408c2e5a238ddd5be60ae	100	profile_sample_end_gic	mutable	private	usize	0	qemu,rpi5	kernel/kernel/profile_samples.tkb:150@profile_sample_finish;kernel/kernel/profile_samples.tkb:260@profile_sample_report	kernel/kernel/profile_samples.tkb:150@profile_sample_finish	-	-
kernel/kernel/profile_timeline.tkb	9d55bd1a600504f31b11e199c01f833d7e28bdc1aa7a837bb96a5d84fe155e5b	56	profile_timeline_cores	mutable	private	[ProfileTimelineCore; KERNEL_MAX_CORES]	-	qemu,rpi5	kernel/kernel/profile_timeline.tkb:69@profile_timeline_core_reset;kernel/kernel/profile_timeline.tkb:70@profile_timeline_core_reset;kernel/kernel/profile_timeline.tkb:71@profile_timeline_core_reset;kernel/kernel/profile_timeline.tkb:95@profile_timeline_note;kernel/kernel/profile_timeline.tkb:96@profile_timeline_note;kernel/kernel/profile_timeline.tkb:97@profile_timeline_note;kernel/kernel/profile_timeline.tkb:99@profile_timeline_note;kernel/kernel/profile_timeline.tkb:100@profile_timeline_note;kernel/kernel/profile_timeline.tkb:105@profile_timeline_note;kernel/kernel/profile_timeline.tkb:106@profile_timeline_note;kernel/kernel/profile_timeline.tkb:108@profile_timeline_note;kernel/kernel/profile_timeline.tkb:109@profile_timeline_note;kernel/kernel/profile_timeline.tkb:110@profile_timeline_note;kernel/kernel/profile_timeline.tkb:111@profile_timeline_note;kernel/kernel/profile_timeline.tkb:112@profile_timeline_note;kernel/kernel/profile_timeline.tkb:133@profile_timeline_interval_start_cpu;kernel/kernel/profile_timeline.tkb:136@profile_timeline_interval_start_cpu;kernel/kernel/profile_timeline.tkb:137@profile_timeline_interval_start_cpu;kernel/kernel/profile_timeline.tkb:138@profile_timeline_interval_start_cpu;kernel/kernel/profile_timeline.tkb:139@profile_timeline_interval_start_cpu;kernel/kernel/profile_timeline.tkb:141@profile_timeline_interval_start_cpu;kernel/kernel/profile_timeline.tkb:142@profile_timeline_interval_start_cpu;kernel/kernel/profile_timeline.tkb:143@profile_timeline_interval_start_cpu;kernel/kernel/profile_timeline.tkb:144@profile_timeline_interval_start_cpu;kernel/kernel/profile_timeline.tkb:151@profile_timeline_interval_finish_cpu;kernel/kernel/profile_timeline.tkb:153@profile_timeline_interval_finish_cpu;kernel/kernel/profile_timeline.tkb:154@profile_timeline_interval_finish_cpu;kernel/kernel/profile_timeline.tkb:155@profile_timeline_interval_finish_cpu;kernel/kernel/profile_timeline.tkb:159@profile_timeline_interval_finish_cpu;kernel/kernel/profile_timeline.tkb:160@profile_timeline_interval_finish_cpu;kernel/kernel/profile_timeline.tkb:161@profile_timeline_interval_finish_cpu;kernel/kernel/profile_timeline.tkb:162@profile_timeline_interval_finish_cpu;kernel/kernel/profile_timeline.tkb:163@profile_timeline_interval_finish_cpu;kernel/kernel/profile_timeline.tkb:165@profile_timeline_interval_finish_cpu;kernel/kernel/profile_timeline.tkb:166@profile_timeline_interval_finish_cpu;kernel/kernel/profile_timeline.tkb:167@profile_timeline_interval_finish_cpu;kernel/kernel/profile_timeline.tkb:168@profile_timeline_interval_finish_cpu;kernel/kernel/profile_timeline.tkb:266@profile_timeline_report;kernel/kernel/profile_timeline.tkb:272@profile_timeline_report;kernel/kernel/profile_timeline.tkb:274@profile_timeline_report;kernel/kernel/profile_timeline.tkb:280@profile_timeline_report;kernel/kernel/profile_timeline.tkb:283@profile_timeline_report;kernel/kernel/profile_timeline.tkb:288@profile_timeline_report;kernel/kernel/profile_timeline.tkb:290@profile_timeline_report;kernel/kernel/profile_timeline.tkb:292@profile_timeline_report;kernel/kernel/profile_timeline.tkb:294@profile_timeline_report	kernel/kernel/profile_timeline.tkb:69@profile_timeline_core_reset;kernel/kernel/profile_timeline.tkb:70@profile_timeline_core_reset;kernel/kernel/profile_timeline.tkb:71@profile_timeline_core_reset;kernel/kernel/profile_timeline.tkb:96@profile_timeline_note;kernel/kernel/profile_timeline.tkb:99@profile_timeline_note;kernel/kernel/profile_timeline.tkb:105@profile_timeline_note;kernel/kernel/profile_timeline.tkb:106@profile_timeline_note;kernel/kernel/profile_timeline.tkb:108@profile_timeline_note;kernel/kernel/profile_timeline.tkb:109@profile_timeline_note;kernel/kernel/profile_timeline.tkb:110@profile_timeline_note;kernel/kernel/profile_timeline.tkb:111@profile_timeline_note;kernel/kernel/profile_timeline.tkb:112@profile_timeline_note;kernel/kernel/profile_timeline.tkb:136@profile_timeline_interval_start_cpu;kernel/kernel/profile_timeline.tkb:137@profile_timeline_interval_start_cpu;kernel/kernel/profile_timeline.tkb:138@profile_timeline_interval_start_cpu;kernel/kernel/profile_timeline.tkb:139@profile_timeline_interval_start_cpu;kernel/kernel/profile_timeline.tkb:141@profile_timeline_interval_start_cpu;kernel/kernel/profile_timeline.tkb:142@profile_timeline_interval_start_cpu;kernel/kernel/profile_timeline.tkb:143@profile_timeline_interval_start_cpu;kernel/kernel/profile_timeline.tkb:144@profile_timeline_interval_start_cpu;kernel/kernel/profile_timeline.tkb:153@profile_timeline_interval_finish_cpu;kernel/kernel/profile_timeline.tkb:154@profile_timeline_interval_finish_cpu;kernel/kernel/profile_timeline.tkb:160@profile_timeline_interval_finish_cpu;kernel/kernel/profile_timeline.tkb:161@profile_timeline_interval_finish_cpu;kernel/kernel/profile_timeline.tkb:162@profile_timeline_interval_finish_cpu;kernel/kernel/profile_timeline.tkb:163@profile_timeline_interval_finish_cpu;kernel/kernel/profile_timeline.tkb:165@profile_timeline_interval_finish_cpu;kernel/kernel/profile_timeline.tkb:166@profile_timeline_interval_finish_cpu;kernel/kernel/profile_timeline.tkb:167@profile_timeline_interval_finish_cpu;kernel/kernel/profile_timeline.tkb:168@profile_timeline_interval_finish_cpu	-	-
kernel/kernel/profile_timeline.tkb	9d55bd1a600504f31b11e199c01f833d7e28bdc1aa7a837bb96a5d84fe155e5b	58	profile_timeline_active	mutable	private	bool	false	qemu,rpi5	kernel/kernel/profile_timeline.tkb:84@profile_timeline_note;kernel/kernel/profile_timeline.tkb:122@profile_timeline_start;kernel/kernel/profile_timeline.tkb:171@profile_timeline_finish	kernel/kernel/profile_timeline.tkb:122@profile_timeline_start;kernel/kernel/profile_timeline.tkb:171@profile_timeline_finish	-	-
kernel/kernel/profile_timeline.tkb	9d55bd1a600504f31b11e199c01f833d7e28bdc1aa7a837bb96a5d84fe155e5b	59	profile_timeline_pid_a	mutable	private	usize	-	qemu,rpi5	kernel/kernel/profile_timeline.tkb:64@profile_timeline_pid_relevant;kernel/kernel/profile_timeline.tkb:120@profile_timeline_start	kernel/kernel/profile_timeline.tkb:120@profile_timeline_start	-	-
kernel/kernel/profile_timeline.tkb	9d55bd1a600504f31b11e199c01f833d7e28bdc1aa7a837bb96a5d84fe155e5b	60	profile_timeline_pid_b	mutable	private	usize	-	qemu,rpi5	kernel/kernel/profile_timeline.tkb:64@profile_timeline_pid_relevant;kernel/kernel/profile_timeline.tkb:121@profile_timeline_start	kernel/kernel/profile_timeline.tkb:121@profile_timeline_start	-	-
kernel/kernel/protocol_trace.tkb	608b9521341ccfb28d43d2744e0cd35561bc3d63f626bb6ed4113172843608e1	73	protocol_trace_active	mutable	private	bool	false	qemu,rpi5	kernel/kernel/protocol_trace.tkb:86@protocol_trace_is_active;kernel/kernel/protocol_trace.tkb:122@protocol_trace_prepare_open;kernel/kernel/protocol_trace.tkb:143@protocol_trace_commit_open;kernel/kernel/protocol_trace.tkb:172@protocol_trace_close	kernel/kernel/protocol_trace.tkb:122@protocol_trace_prepare_open;kernel/kernel/protocol_trace.tkb:143@protocol_trace_commit_open;kernel/kernel/protocol_trace.tkb:172@protocol_trace_close	-	-
kernel/kernel/protocol_trace.tkb	608b9521341ccfb28d43d2744e0cd35561bc3d63f626bb6ed4113172843608e1	74	protocol_trace_sequence	mutable	private	usize	-	qemu,rpi5	kernel/kernel/protocol_trace.tkb:98@protocol_trace_record;kernel/kernel/protocol_trace.tkb:113@protocol_trace_prepare_open;kernel/kernel/protocol_trace.tkb:229@protocol_trace_observe_core;kernel/kernel/protocol_trace.tkb:269@protocol_trace_pass_end;kernel/kernel/protocol_trace.tkb:292@protocol_trace_report	kernel/kernel/protocol_trace.tkb:113@protocol_trace_prepare_open;kernel/kernel/protocol_trace.tkb:269@protocol_trace_pass_end	kernel/kernel/protocol_trace.tkb:229@protocol_trace_observe_core	-
kernel/kernel/protocol_trace.tkb	608b9521341ccfb28d43d2744e0cd35561bc3d63f626bb6ed4113172843608e1	75	protocol_trace_stored	mutable	private	usize	-	qemu,rpi5	kernel/kernel/protocol_trace.tkb:92@protocol_trace_record;kernel/kernel/protocol_trace.tkb:107@protocol_trace_record;kernel/kernel/protocol_trace.tkb:114@protocol_trace_prepare_open;kernel/kernel/protocol_trace.tkb:288@protocol_trace_report;kernel/kernel/protocol_trace.tkb:294@protocol_trace_report	kernel/kernel/protocol_trace.tkb:107@protocol_trace_record;kernel/kernel/protocol_trace.tkb:114@protocol_trace_prepare_open	-	-
kernel/kernel/protocol_trace.tkb	608b9521341ccfb28d43d2744e0cd35561bc3d63f626bb6ed4113172843608e1	76	protocol_trace_lost	mutable	private	usize	-	qemu,rpi5	kernel/kernel/protocol_trace.tkb:94@protocol_trace_record;kernel/kernel/protocol_trace.tkb:115@protocol_trace_prepare_open;kernel/kernel/protocol_trace.tkb:176@protocol_trace_note_lost;kernel/kernel/protocol_trace.tkb:210@protocol_trace_observe_process;kernel/kernel/protocol_trace.tkb:290@protocol_trace_report	kernel/kernel/protocol_trace.tkb:94@protocol_trace_record;kernel/kernel/protocol_trace.tkb:115@protocol_trace_prepare_open;kernel/kernel/protocol_trace.tkb:176@protocol_trace_note_lost;kernel/kernel/protocol_trace.tkb:210@protocol_trace_observe_process	-	-
kernel/kernel/protocol_trace.tkb	608b9521341ccfb28d43d2744e0cd35561bc3d63f626bb6ed4113172843608e1	77	protocol_trace_events	mutable	private	[ProtocolTraceEvent; PROTOCOL_TRACE_EVENTS]	-	qemu,rpi5	kernel/kernel/protocol_trace.tkb:98@protocol_trace_record;kernel/kernel/protocol_trace.tkb:99@protocol_trace_record;kernel/kernel/protocol_trace.tkb:100@protocol_trace_record;kernel/kernel/protocol_trace.tkb:101@protocol_trace_record;kernel/kernel/protocol_trace.tkb:102@protocol_trace_record;kernel/kernel/protocol_trace.tkb:103@protocol_trace_record;kernel/kernel/protocol_trace.tkb:104@protocol_trace_record;kernel/kernel/protocol_trace.tkb:105@protocol_trace_record;kernel/kernel/protocol_trace.tkb:106@protocol_trace_record;kernel/kernel/protocol_trace.tkb:298@protocol_trace_report;kernel/kernel/protocol_trace.tkb:300@protocol_trace_report;kernel/kernel/protocol_trace.tkb:301@protocol_trace_report;kernel/kernel/protocol_trace.tkb:306@protocol_trace_report;kernel/kernel/protocol_trace.tkb:311@protocol_trace_report;kernel/kernel/protocol_trace.tkb:312@protocol_trace_report;kernel/kernel/protocol_trace.tkb:313@protocol_trace_report;kernel/kernel/protocol_trace.tkb:314@protocol_trace_report;kernel/kernel/protocol_trace.tkb:316@protocol_trace_report;kernel/kernel/protocol_trace.tkb:317@protocol_trace_report	kernel/kernel/protocol_trace.tkb:98@protocol_trace_record;kernel/kernel/protocol_trace.tkb:99@protocol_trace_record;kernel/kernel/protocol_trace.tkb:100@protocol_trace_record;kernel/kernel/protocol_trace.tkb:101@protocol_trace_record;kernel/kernel/protocol_trace.tkb:102@protocol_trace_record;kernel/kernel/protocol_trace.tkb:103@protocol_trace_record;kernel/kernel/protocol_trace.tkb:104@protocol_trace_record;kernel/kernel/protocol_trace.tkb:105@protocol_trace_record;kernel/kernel/protocol_trace.tkb:106@protocol_trace_record	-	-
kernel/kernel/protocol_trace.tkb	608b9521341ccfb28d43d2744e0cd35561bc3d63f626bb6ed4113172843608e1	79	protocol_trace_processes	mutable	private	[ProtocolTraceProcess; PROTOCOL_TRACE_PROCESSES]	-	qemu,rpi5	kernel/kernel/protocol_trace.tkb:133@protocol_trace_commit_open;kernel/kernel/protocol_trace.tkb:134@protocol_trace_commit_open;kernel/kernel/protocol_trace.tkb:185@protocol_trace_pass_begin;kernel/kernel/protocol_trace.tkb:193@protocol_trace_observe_process;kernel/kernel/protocol_trace.tkb:194@protocol_trace_observe_process;kernel/kernel/protocol_trace.tkb:195@protocol_trace_observe_process;kernel/kernel/protocol_trace.tkb:196@protocol_trace_observe_process;kernel/kernel/protocol_trace.tkb:197@protocol_trace_observe_process;kernel/kernel/protocol_trace.tkb:198@protocol_trace_observe_process;kernel/kernel/protocol_trace.tkb:199@protocol_trace_observe_process;kernel/kernel/protocol_trace.tkb:200@protocol_trace_observe_process;kernel/kernel/protocol_trace.tkb:201@protocol_trace_observe_process;kernel/kernel/protocol_trace.tkb:202@protocol_trace_observe_process;kernel/kernel/protocol_trace.tkb:214@protocol_trace_observe_process;kernel/kernel/protocol_trace.tkb:215@protocol_trace_observe_process;kernel/kernel/protocol_trace.tkb:216@protocol_trace_observe_process;kernel/kernel/protocol_trace.tkb:217@protocol_trace_observe_process;kernel/kernel/protocol_trace.tkb:218@protocol_trace_observe_process;kernel/kernel/protocol_trace.tkb:219@protocol_trace_observe_process;kernel/kernel/protocol_trace.tkb:245@protocol_trace_pass_end;kernel/kernel/protocol_trace.tkb:248@protocol_trace_pass_end;kernel/kernel/protocol_trace.tkb:249@protocol_trace_pass_end;kernel/kernel/protocol_trace.tkb:250@protocol_trace_pass_end;kernel/kernel/protocol_trace.tkb:251@protocol_trace_pass_end;kernel/kernel/protocol_trace.tkb:252@protocol_trace_pass_end;kernel/kernel/protocol_trace.tkb:253@protocol_trace_pass_end;kernel/kernel/protocol_trace.tkb:254@protocol_trace_pass_end;kernel/kernel/protocol_trace.tkb:255@protocol_trace_pass_end;kernel/kernel/protocol_trace.tkb:256@protocol_trace_pass_end;kernel/kernel/protocol_trace.tkb:257@protocol_trace_pass_end;kernel/kernel/protocol_trace.tkb:262@protocol_trace_pass_end	kernel/kernel/protocol_trace.tkb:185@protocol_trace_pass_begin;kernel/kernel/protocol_trace.tkb:194@protocol_trace_observe_process;kernel/kernel/protocol_trace.tkb:199@protocol_trace_observe_process;kernel/kernel/protocol_trace.tkb:200@protocol_trace_observe_process;kernel/kernel/protocol_trace.tkb:201@protocol_trace_observe_process;kernel/kernel/protocol_trace.tkb:202@protocol_trace_observe_process;kernel/kernel/protocol_trace.tkb:214@protocol_trace_observe_process;kernel/kernel/protocol_trace.tkb:215@protocol_trace_observe_process;kernel/kernel/protocol_trace.tkb:216@protocol_trace_observe_process;kernel/kernel/protocol_trace.tkb:217@protocol_trace_observe_process;kernel/kernel/protocol_trace.tkb:218@protocol_trace_observe_process;kernel/kernel/protocol_trace.tkb:219@protocol_trace_observe_process;kernel/kernel/protocol_trace.tkb:248@protocol_trace_pass_end;kernel/kernel/protocol_trace.tkb:250@protocol_trace_pass_end;kernel/kernel/protocol_trace.tkb:252@protocol_trace_pass_end;kernel/kernel/protocol_trace.tkb:254@protocol_trace_pass_end;kernel/kernel/protocol_trace.tkb:256@protocol_trace_pass_end	kernel/kernel/protocol_trace.tkb:133@protocol_trace_commit_open;kernel/kernel/protocol_trace.tkb:193@protocol_trace_observe_process	-
kernel/kernel/protocol_trace.tkb	608b9521341ccfb28d43d2744e0cd35561bc3d63f626bb6ed4113172843608e1	81	protocol_trace_process_count	mutable	private	usize	-	qemu,rpi5	kernel/kernel/protocol_trace.tkb:116@protocol_trace_prepare_open;kernel/kernel/protocol_trace.tkb:131@protocol_trace_commit_open;kernel/kernel/protocol_trace.tkb:191@protocol_trace_observe_process;kernel/kernel/protocol_trace.tkb:220@protocol_trace_observe_process;kernel/kernel/protocol_trace.tkb:241@protocol_trace_pass_end;kernel/kernel/protocol_trace.tkb:267@protocol_trace_pass_end	kernel/kernel/protocol_trace.tkb:116@protocol_trace_prepare_open;kernel/kernel/protocol_trace.tkb:220@protocol_trace_observe_process;kernel/kernel/protocol_trace.tkb:267@protocol_trace_pass_end	-	-
kernel/kernel/protocol_trace.tkb	608b9521341ccfb28d43d2744e0cd35561bc3d63f626bb6ed4113172843608e1	82	protocol_trace_cores	mutable	private	[ProtocolTraceCore; KERNEL_MAX_CORES]	-	qemu,rpi5	kernel/kernel/protocol_trace.tkb:118@protocol_trace_prepare_open;kernel/kernel/protocol_trace.tkb:119@protocol_trace_prepare_open;kernel/kernel/protocol_trace.tkb:137@protocol_trace_commit_open;kernel/kernel/protocol_trace.tkb:138@protocol_trace_commit_open;kernel/kernel/protocol_trace.tkb:227@protocol_trace_observe_core;kernel/kernel/protocol_trace.tkb:228@protocol_trace_observe_core;kernel/kernel/protocol_trace.tkb:232@protocol_trace_observe_core;kernel/kernel/protocol_trace.tkb:233@protocol_trace_observe_core	kernel/kernel/protocol_trace.tkb:118@protocol_trace_prepare_open;kernel/kernel/protocol_trace.tkb:119@protocol_trace_prepare_open;kernel/kernel/protocol_trace.tkb:232@protocol_trace_observe_core;kernel/kernel/protocol_trace.tkb:233@protocol_trace_observe_core	kernel/kernel/protocol_trace.tkb:228@protocol_trace_observe_core	-
kernel/kernel/protocol_trace.tkb	608b9521341ccfb28d43d2744e0cd35561bc3d63f626bb6ed4113172843608e1	83	protocol_trace_unlocked_pass	mutable	private	bool	-	qemu,rpi5	kernel/kernel/protocol_trace.tkb:100@protocol_trace_record;kernel/kernel/protocol_trace.tkb:121@protocol_trace_prepare_open;kernel/kernel/protocol_trace.tkb:183@protocol_trace_pass_begin	kernel/kernel/protocol_trace.tkb:121@protocol_trace_prepare_open;kernel/kernel/protocol_trace.tkb:183@protocol_trace_pass_begin	-	-
kernel/kernel/schedule_contention_evidence.tkb	c06f5ff5f8f587ad15cd0ee3999291ccf4283b7b00332a1b945f82234527bc93	67	schedule_probe_handle	mutable	private	ProcessHandle	-	qemu,rpi5	kernel/kernel/schedule_contention_evidence.tkb:138@schedule_probe_claim;kernel/kernel/schedule_contention_evidence.tkb:407@schedule_contention_probe;kernel/kernel/schedule_contention_evidence.tkb:432@schedule_contention_probe;kernel/kernel/schedule_contention_evidence.tkb:548@schedule_probe_teardown	kernel/kernel/schedule_contention_evidence.tkb:407@schedule_contention_probe	-	-
kernel/kernel/schedule_contention_evidence.tkb	c06f5ff5f8f587ad15cd0ee3999291ccf4283b7b00332a1b945f82234527bc93	68	schedule_probe_ready	mutable	private	bool	false	qemu,rpi5	kernel/kernel/schedule_contention_evidence.tkb:389@schedule_contention_probe;kernel/kernel/schedule_contention_evidence.tkb:416@schedule_contention_probe;kernel/kernel/schedule_contention_evidence.tkb:510@schedule_contention_probe	kernel/kernel/schedule_contention_evidence.tkb:416@schedule_contention_probe;kernel/kernel/schedule_contention_evidence.tkb:510@schedule_contention_probe	-	-
kernel/kernel/schedule_contention_evidence.tkb	c06f5ff5f8f587ad15cd0ee3999291ccf4283b7b00332a1b945f82234527bc93	73	schedule_probe_held	mutable	private	usize	-	qemu,rpi5	kernel/kernel/schedule_contention_evidence.tkb:114@schedule_probe_held_address	-	kernel/kernel/schedule_contention_evidence.tkb:114@schedule_probe_held_address	-
kernel/kernel/schedule_contention_evidence.tkb	c06f5ff5f8f587ad15cd0ee3999291ccf4283b7b00332a1b945f82234527bc93	76	schedule_probe_phase	mutable	private	usize	-	qemu,rpi5	kernel/kernel/schedule_contention_evidence.tkb:126@schedule_probe_phase_address	-	kernel/kernel/schedule_contention_evidence.tkb:126@schedule_probe_phase_address	-
kernel/kernel/schedule_contention_evidence.tkb	c06f5ff5f8f587ad15cd0ee3999291ccf4283b7b00332a1b945f82234527bc93	81	schedule_probe_occupancy	mutable	private	Occupancy	-	qemu,rpi5	kernel/kernel/schedule_contention_evidence.tkb:234@schedule_contention_secondary_run;kernel/kernel/schedule_contention_evidence.tkb:268@schedule_contention_secondary_run;kernel/kernel/schedule_contention_evidence.tkb:501@schedule_contention_probe	-	kernel/kernel/schedule_contention_evidence.tkb:234@schedule_contention_secondary_run;kernel/kernel/schedule_contention_evidence.tkb:268@schedule_contention_secondary_run;kernel/kernel/schedule_contention_evidence.tkb:501@schedule_contention_probe	-
kernel/kernel/schedule_contention_evidence.tkb	c06f5ff5f8f587ad15cd0ee3999291ccf4283b7b00332a1b945f82234527bc93	90	schedule_probe_armed	mutable	private	usize	-	qemu,rpi5	kernel/kernel/schedule_contention_evidence.tkb:98@schedule_probe_armed_address	-	kernel/kernel/schedule_contention_evidence.tkb:98@schedule_probe_armed_address	-
kernel/kernel/schedule_contention_evidence.tkb	c06f5ff5f8f587ad15cd0ee3999291ccf4283b7b00332a1b945f82234527bc93	91	schedule_probe_primary	mutable	private	usize	-	qemu,rpi5	kernel/kernel/schedule_contention_evidence.tkb:102@schedule_probe_primary_address	-	kernel/kernel/schedule_contention_evidence.tkb:102@schedule_probe_primary_address	-
kernel/kernel/schedule_contention_evidence.tkb	c06f5ff5f8f587ad15cd0ee3999291ccf4283b7b00332a1b945f82234527bc93	92	schedule_probe_secondary	mutable	private	usize	-	qemu,rpi5	kernel/kernel/schedule_contention_evidence.tkb:106@schedule_probe_secondary_address	-	kernel/kernel/schedule_contention_evidence.tkb:106@schedule_probe_secondary_address	-
kernel/kernel/schedule_contention_evidence.tkb	c06f5ff5f8f587ad15cd0ee3999291ccf4283b7b00332a1b945f82234527bc93	93	schedule_probe_overlap	mutable	private	usize	-	qemu,rpi5	kernel/kernel/schedule_contention_evidence.tkb:110@schedule_probe_overlap_address	-	kernel/kernel/schedule_contention_evidence.tkb:110@schedule_probe_overlap_address	-
kernel/kernel/schedule_contention_evidence.tkb	c06f5ff5f8f587ad15cd0ee3999291ccf4283b7b00332a1b945f82234527bc93	94	schedule_probe_duplicates	mutable	private	usize	-	qemu,rpi5	kernel/kernel/schedule_contention_evidence.tkb:118@schedule_probe_duplicates_address	-	kernel/kernel/schedule_contention_evidence.tkb:118@schedule_probe_duplicates_address	-
kernel/kernel/schedule_contention_evidence.tkb	c06f5ff5f8f587ad15cd0ee3999291ccf4283b7b00332a1b945f82234527bc93	95	schedule_probe_missing	mutable	private	usize	-	qemu,rpi5	kernel/kernel/schedule_contention_evidence.tkb:122@schedule_probe_missing_address	-	kernel/kernel/schedule_contention_evidence.tkb:122@schedule_probe_missing_address	-
kernel/kernel/schedule_contention_evidence.tkb	c06f5ff5f8f587ad15cd0ee3999291ccf4283b7b00332a1b945f82234527bc93	228	schedule_probe_attempts	mutable	private	usize	-	qemu,rpi5	kernel/kernel/schedule_contention_evidence.tkb:296@schedule_contention_report;kernel/kernel/schedule_contention_evidence.tkb:456@schedule_contention_probe	kernel/kernel/schedule_contention_evidence.tkb:456@schedule_contention_probe	-	-
kernel/kernel/signal_contention_evidence.tkb	82527a3d0d19d91657a019dc538ff876669ebecc7fe550feb5be565a9e057ef7	46	signal_probe_record	mutable	private	ProcessRecord	-	qemu,rpi5	kernel/kernel/signal_contention_evidence.tkb:63@signal_contention_secondary_run;kernel/kernel/signal_contention_evidence.tkb:105@signal_probe_round;kernel/kernel/signal_contention_evidence.tkb:156@signal_contention_run_phase	kernel/kernel/signal_contention_evidence.tkb:156@signal_contention_run_phase	kernel/kernel/signal_contention_evidence.tkb:63@signal_contention_secondary_run;kernel/kernel/signal_contention_evidence.tkb:105@signal_probe_round	-
kernel/kernel/signal_contention_evidence.tkb	82527a3d0d19d91657a019dc538ff876669ebecc7fe550feb5be565a9e057ef7	49	signal_probe_phase	mutable	private	usize	-	qemu,rpi5	kernel/kernel/signal_contention_evidence.tkb:71@signal_contention_secondary_run;kernel/kernel/signal_contention_evidence.tkb:141@signal_contention_run_phase	-	kernel/kernel/signal_contention_evidence.tkb:71@signal_contention_secondary_run;kernel/kernel/signal_contention_evidence.tkb:141@signal_contention_run_phase	-
kernel/kernel/signal_contention_evidence.tkb	82527a3d0d19d91657a019dc538ff876669ebecc7fe550feb5be565a9e057ef7	50	signal_probe_armed	mutable	private	usize	-	qemu,rpi5	kernel/kernel/signal_contention_evidence.tkb:59@signal_contention_is_armed;kernel/kernel/signal_contention_evidence.tkb:66@signal_contention_secondary_run;kernel/kernel/signal_contention_evidence.tkb:144@signal_contention_run_phase;kernel/kernel/signal_contention_evidence.tkb:155@signal_contention_run_phase	-	kernel/kernel/signal_contention_evidence.tkb:59@signal_contention_is_armed;kernel/kernel/signal_contention_evidence.tkb:66@signal_contention_secondary_run;kernel/kernel/signal_contention_evidence.tkb:144@signal_contention_run_phase;kernel/kernel/signal_contention_evidence.tkb:155@signal_contention_run_phase	-
kernel/kernel/signal_contention_evidence.tkb	82527a3d0d19d91657a019dc538ff876669ebecc7fe550feb5be565a9e057ef7	52	signal_probe_go	mutable	private	usize	-	qemu,rpi5	kernel/kernel/signal_contention_evidence.tkb:68@signal_contention_secondary_run;kernel/kernel/signal_contention_evidence.tkb:117@signal_probe_round;kernel/kernel/signal_contention_evidence.tkb:126@signal_probe_round;kernel/kernel/signal_contention_evidence.tkb:142@signal_contention_run_phase	-	kernel/kernel/signal_contention_evidence.tkb:68@signal_contention_secondary_run;kernel/kernel/signal_contention_evidence.tkb:117@signal_probe_round;kernel/kernel/signal_contention_evidence.tkb:126@signal_probe_round;kernel/kernel/signal_contention_evidence.tkb:142@signal_contention_run_phase	-
kernel/kernel/signal_contention_evidence.tkb	82527a3d0d19d91657a019dc538ff876669ebecc7fe550feb5be565a9e057ef7	53	signal_probe_done	mutable	private	usize	-	qemu,rpi5	kernel/kernel/signal_contention_evidence.tkb:84@signal_contention_secondary_run;kernel/kernel/signal_contention_evidence.tkb:94@signal_probe_wait_done;kernel/kernel/signal_contention_evidence.tkb:143@signal_contention_run_phase	-	kernel/kernel/signal_contention_evidence.tkb:84@signal_contention_secondary_run;kernel/kernel/signal_contention_evidence.tkb:94@signal_probe_wait_done;kernel/kernel/signal_contention_evidence.tkb:143@signal_contention_run_phase	-
kernel/kernel/syscall.tkb	3958b6f41e4f80fa4ceb8c7f58d945c25244e7e64bf563588b888347ea1a7817	246	syscall_filesystem	mutable	private	SyscallFilesystemContext	-	qemu,rpi5	kernel/kernel/syscall.tkb:250@syscall_filesystem_lookup;kernel/kernel/syscall.tkb:1794@kernel_syscall_ext2_configure	kernel/kernel/syscall.tkb:1794@kernel_syscall_ext2_configure	-	-
kernel/kernel/syscall.tkb	3958b6f41e4f80fa4ceb8c7f58d945c25244e7e64bf563588b888347ea1a7817	287	syscall_scratch	mutable	private	[SyscallScratch; KERNEL_MAX_CORES]	-	qemu,rpi5	kernel/kernel/syscall.tkb:294@syscall_scratch_here	-	-	-
kernel/kernel/syscall.tkb	3958b6f41e4f80fa4ceb8c7f58d945c25244e7e64bf563588b888347ea1a7817	409	exec_args_store	mutable	private	[ExecArgsStore; KERNEL_MAX_CORES]	-	qemu,rpi5	kernel/kernel/syscall.tkb:428@exec_args_put;kernel/kernel/syscall.tkb:430@exec_args_put;kernel/kernel/syscall.tkb:432@exec_args_put;kernel/kernel/syscall.tkb:487@kernel_syscall_exec_args_take_for;kernel/kernel/syscall.tkb:489@kernel_syscall_exec_args_take_for;kernel/kernel/syscall.tkb:491@kernel_syscall_exec_args_take_for	-	kernel/kernel/syscall.tkb:428@exec_args_put;kernel/kernel/syscall.tkb:430@exec_args_put;kernel/kernel/syscall.tkb:432@exec_args_put;kernel/kernel/syscall.tkb:487@kernel_syscall_exec_args_take_for;kernel/kernel/syscall.tkb:489@kernel_syscall_exec_args_take_for;kernel/kernel/syscall.tkb:491@kernel_syscall_exec_args_take_for	-
kernel/kernel/syscall.tkb	3958b6f41e4f80fa4ceb8c7f58d945c25244e7e64bf563588b888347ea1a7817	3304	syscall_syslog_peer_reported	mutable	private	bool	false	qemu,rpi5	kernel/kernel/syscall.tkb:3296@syscall_syslog;kernel/kernel/syscall.tkb:3297@syscall_syslog	kernel/kernel/syscall.tkb:3297@syscall_syslog	kernel/kernel/syscall.tkb:3296@syscall_syslog	-
kernel/kernel/syscall_test_evidence.tkb	1c1b068f67541f94919d11797b5a1bc1a40215c918a7a75e8243d305562f877c	34	syscall_test_evidence	mutable	private	SyscallTestEvidence	-	qemu,rpi5	kernel/kernel/syscall_test_evidence.tkb:37@syscall_test_evidence_reset_read_uart_waits;kernel/kernel/syscall_test_evidence.tkb:41@syscall_test_evidence_reset_socket_counters;kernel/kernel/syscall_test_evidence.tkb:42@syscall_test_evidence_reset_socket_counters;kernel/kernel/syscall_test_evidence.tkb:43@syscall_test_evidence_reset_socket_counters;kernel/kernel/syscall_test_evidence.tkb:44@syscall_test_evidence_reset_socket_counters;kernel/kernel/syscall_test_evidence.tkb:45@syscall_test_evidence_reset_socket_counters;kernel/kernel/syscall_test_evidence.tkb:46@syscall_test_evidence_reset_socket_counters;kernel/kernel/syscall_test_evidence.tkb:47@syscall_test_evidence_reset_socket_counters;kernel/kernel/syscall_test_evidence.tkb:48@syscall_test_evidence_reset_socket_counters;kernel/kernel/syscall_test_evidence.tkb:49@syscall_test_evidence_reset_socket_counters;kernel/kernel/syscall_test_evidence.tkb:50@syscall_test_evidence_reset_socket_counters;kernel/kernel/syscall_test_evidence.tkb:54@syscall_test_evidence_finish_socket_fixture;kernel/kernel/syscall_test_evidence.tkb:62@syscall_test_evidence_record_ppoll_uart_wait;kernel/kernel/syscall_test_evidence.tkb:63@syscall_test_evidence_record_ppoll_uart_wait;kernel/kernel/syscall_test_evidence.tkb:64@syscall_test_evidence_record_ppoll_uart_wait;kernel/kernel/syscall_test_evidence.tkb:70@syscall_test_evidence_record_ppoll_uart_block;kernel/kernel/syscall_test_evidence.tkb:71@syscall_test_evidence_record_ppoll_uart_block;kernel/kernel/syscall_test_evidence.tkb:72@syscall_test_evidence_record_ppoll_uart_block;kernel/kernel/syscall_test_evidence.tkb:76@syscall_test_evidence_record_read_uart_wait;kernel/kernel/syscall_test_evidence.tkb:77@syscall_test_evidence_record_read_uart_wait;kernel/kernel/syscall_test_evidence.tkb:78@syscall_test_evidence_record_read_uart_wait;kernel/kernel/syscall_test_evidence.tkb:82@syscall_test_evidence_record_socket;kernel/kernel/syscall_test_evidence.tkb:84@syscall_test_evidence_record_socket;kernel/kernel/syscall_test_evidence.tkb:85@syscall_test_evidence_record_socket;kernel/kernel/syscall_test_evidence.tkb:91@syscall_test_evidence_socket_calls;kernel/kernel/syscall_test_evidence.tkb:97@syscall_test_evidence_record_bind;kernel/kernel/syscall_test_evidence.tkb:99@syscall_test_evidence_record_bind;kernel/kernel/syscall_test_evidence.tkb:100@syscall_test_evidence_record_bind;kernel/kernel/syscall_test_evidence.tkb:106@syscall_test_evidence_bind_calls;kernel/kernel/syscall_test_evidence.tkb:112@syscall_test_evidence_record_listen;kernel/kernel/syscall_test_evidence.tkb:114@syscall_test_evidence_record_listen;kernel/kernel/syscall_test_evidence.tkb:115@syscall_test_evidence_record_listen;kernel/kernel/syscall_test_evidence.tkb:121@syscall_test_evidence_listen_calls;kernel/kernel/syscall_test_evidence.tkb:127@syscall_test_evidence_record_socket_close;kernel/kernel/syscall_test_evidence.tkb:129@syscall_test_evidence_record_socket_close;kernel/kernel/syscall_test_evidence.tkb:130@syscall_test_evidence_record_socket_close;kernel/kernel/syscall_test_evidence.tkb:136@syscall_test_evidence_socket_close_calls;kernel/kernel/syscall_test_evidence.tkb:142@syscall_test_evidence_record_accept;kernel/kernel/syscall_test_evidence.tkb:144@syscall_test_evidence_record_accept;kernel/kernel/syscall_test_evidence.tkb:145@syscall_test_evidence_record_accept;kernel/kernel/syscall_test_evidence.tkb:151@syscall_test_evidence_accept_calls;kernel/kernel/syscall_test_evidence.tkb:157@syscall_test_evidence_record_accept_capability_roundtrip;kernel/kernel/syscall_test_evidence.tkb:159@syscall_test_evidence_record_accept_capability_roundtrip;kernel/kernel/syscall_test_evidence.tkb:160@syscall_test_evidence_record_accept_capability_roundtrip;kernel/kernel/syscall_test_evidence.tkb:166@syscall_test_evidence_accept_capability_roundtrips;kernel/kernel/syscall_test_evidence.tkb:172@syscall_test_evidence_record_connected_close;kernel/kernel/syscall_test_evidence.tkb:174@syscall_test_evidence_record_connected_close;kernel/kernel/syscall_test_evidence.tkb:175@syscall_test_evidence_record_connected_close;kernel/kernel/syscall_test_evidence.tkb:181@syscall_test_evidence_connected_close_calls;kernel/kernel/syscall_test_evidence.tkb:187@syscall_test_evidence_record_connected_read;kernel/kernel/syscall_test_evidence.tkb:189@syscall_test_evidence_record_connected_read;kernel/kernel/syscall_test_evidence.tkb:190@syscall_test_evidence_record_connected_read;kernel/kernel/syscall_test_evidence.tkb:196@syscall_test_evidence_connected_read_calls;kernel/kernel/syscall_test_evidence.tkb:202@syscall_test_evidence_record_connected_write;kernel/kernel/syscall_test_evidence.tkb:204@syscall_test_evidence_record_connected_write;kernel/kernel/syscall_test_evidence.tkb:205@syscall_test_evidence_record_connected_write;kernel/kernel/syscall_test_evidence.tkb:211@syscall_test_evidence_connected_write_calls	kernel/kernel/syscall_test_evidence.tkb:37@syscall_test_evidence_reset_read_uart_waits;kernel/kernel/syscall_test_evidence.tkb:41@syscall_test_evidence_reset_socket_counters;kernel/kernel/syscall_test_evidence.tkb:42@syscall_test_evidence_reset_socket_counters;kernel/kernel/syscall_test_evidence.tkb:43@syscall_test_evidence_reset_socket_counters;kernel/kernel/syscall_test_evidence.tkb:44@syscall_test_evidence_reset_socket_counters;kernel/kernel/syscall_test_evidence.tkb:45@syscall_test_evidence_reset_socket_counters;kernel/kernel/syscall_test_evidence.tkb:46@syscall_test_evidence_reset_socket_counters;kernel/kernel/syscall_test_evidence.tkb:47@syscall_test_evidence_reset_socket_counters;kernel/kernel/syscall_test_evidence.tkb:48@syscall_test_evidence_reset_socket_counters;kernel/kernel/syscall_test_evidence.tkb:49@syscall_test_evidence_reset_socket_counters;kernel/kernel/syscall_test_evidence.tkb:50@syscall_test_evidence_reset_socket_counters;kernel/kernel/syscall_test_evidence.tkb:54@syscall_test_evidence_finish_socket_fixture;kernel/kernel/syscall_test_evidence.tkb:62@syscall_test_evidence_record_ppoll_uart_wait;kernel/kernel/syscall_test_evidence.tkb:70@syscall_test_evidence_record_ppoll_uart_block;kernel/kernel/syscall_test_evidence.tkb:76@syscall_test_evidence_record_read_uart_wait;kernel/kernel/syscall_test_evidence.tkb:84@syscall_test_evidence_record_socket;kernel/kernel/syscall_test_evidence.tkb:99@syscall_test_evidence_record_bind;kernel/kernel/syscall_test_evidence.tkb:114@syscall_test_evidence_record_listen;kernel/kernel/syscall_test_evidence.tkb:129@syscall_test_evidence_record_socket_close;kernel/kernel/syscall_test_evidence.tkb:144@syscall_test_evidence_record_accept;kernel/kernel/syscall_test_evidence.tkb:159@syscall_test_evidence_record_accept_capability_roundtrip;kernel/kernel/syscall_test_evidence.tkb:174@syscall_test_evidence_record_connected_close;kernel/kernel/syscall_test_evidence.tkb:189@syscall_test_evidence_record_connected_read;kernel/kernel/syscall_test_evidence.tkb:204@syscall_test_evidence_record_connected_write	-	-
kernel/kernel/syscall_test_lifecycle.tkb	deb4c62da3ef20afb3f67be5c55c319077d0c78628346bcf2efdca620cdd583d	20	syscall_connected_fixture_pending	mutable	private	bool	-	qemu,rpi5	kernel/kernel/syscall_test_lifecycle.tkb:45@syscall_test_lifecycle_daemon_reset;kernel/kernel/syscall_test_lifecycle.tkb:65@syscall_test_lifecycle_listener_ready_label;kernel/kernel/syscall_test_lifecycle.tkb:66@syscall_test_lifecycle_listener_ready_label;kernel/kernel/syscall_test_lifecycle.tkb:76@kernel_syscall_connected_fixture_start	kernel/kernel/syscall_test_lifecycle.tkb:45@syscall_test_lifecycle_daemon_reset;kernel/kernel/syscall_test_lifecycle.tkb:66@syscall_test_lifecycle_listener_ready_label;kernel/kernel/syscall_test_lifecycle.tkb:76@kernel_syscall_connected_fixture_start	-	-
kernel/kernel/syscall_test_lifecycle.tkb	deb4c62da3ef20afb3f67be5c55c319077d0c78628346bcf2efdca620cdd583d	28	syscall_persistent_shell	mutable	private	bool	-	qemu,rpi5	kernel/kernel/syscall_test_lifecycle.tkb:51@syscall_test_lifecycle_persistent_shell_clear;kernel/kernel/syscall_test_lifecycle.tkb:81@kernel_syscall_persistent_shell_start;kernel/kernel/syscall_test_lifecycle.tkb:92@kernel_syscall_persistent_shell_active	kernel/kernel/syscall_test_lifecycle.tkb:51@syscall_test_lifecycle_persistent_shell_clear;kernel/kernel/syscall_test_lifecycle.tkb:81@kernel_syscall_persistent_shell_start	-	-
kernel/kernel/syscall_test_lifecycle.tkb	deb4c62da3ef20afb3f67be5c55c319077d0c78628346bcf2efdca620cdd583d	38	syscall_persistent_shell_child_pid	mutable	private	usize	-	qemu,rpi5	kernel/kernel/syscall_test_lifecycle.tkb:100@kernel_syscall_persistent_shell_checkpoint_fork;kernel/kernel/syscall_test_lifecycle.tkb:111@kernel_syscall_persistent_shell_checkpoint_selected;kernel/kernel/syscall_test_lifecycle.tkb:115@kernel_syscall_persistent_shell_checkpoint_selected;kernel/kernel/syscall_test_lifecycle.tkb:120@kernel_syscall_persistent_shell_checkpoint_selected;kernel/kernel/syscall_test_lifecycle.tkb:130@kernel_syscall_persistent_shell_checkpoint_exec_prepare;kernel/kernel/syscall_test_lifecycle.tkb:141@kernel_syscall_persistent_shell_checkpoint_exec_commit	kernel/kernel/syscall_test_lifecycle.tkb:100@kernel_syscall_persistent_shell_checkpoint_fork	-	-
kernel/kernel/syscall_test_lifecycle.tkb	deb4c62da3ef20afb3f67be5c55c319077d0c78628346bcf2efdca620cdd583d	39	syscall_persistent_shell_checkpoint_fork_logged	mutable	private	bool	-	qemu,rpi5	kernel/kernel/syscall_test_lifecycle.tkb:98@kernel_syscall_persistent_shell_checkpoint_fork;kernel/kernel/syscall_test_lifecycle.tkb:99@kernel_syscall_persistent_shell_checkpoint_fork	kernel/kernel/syscall_test_lifecycle.tkb:99@kernel_syscall_persistent_shell_checkpoint_fork	-	-
kernel/kernel/syscall_test_lifecycle.tkb	deb4c62da3ef20afb3f67be5c55c319077d0c78628346bcf2efdca620cdd583d	40	syscall_persistent_shell_checkpoint_selected_logged	mutable	private	bool	-	qemu,rpi5	kernel/kernel/syscall_test_lifecycle.tkb:112@kernel_syscall_persistent_shell_checkpoint_selected;kernel/kernel/syscall_test_lifecycle.tkb:118@kernel_syscall_persistent_shell_checkpoint_selected	kernel/kernel/syscall_test_lifecycle.tkb:118@kernel_syscall_persistent_shell_checkpoint_selected	-	-
kernel/kernel/syscall_test_lifecycle.tkb	deb4c62da3ef20afb3f67be5c55c319077d0c78628346bcf2efdca620cdd583d	41	syscall_persistent_shell_checkpoint_exec_prepare_logged	mutable	private	bool	-	qemu,rpi5	kernel/kernel/syscall_test_lifecycle.tkb:131@kernel_syscall_persistent_shell_checkpoint_exec_prepare;kernel/kernel/syscall_test_lifecycle.tkb:134@kernel_syscall_persistent_shell_checkpoint_exec_prepare	kernel/kernel/syscall_test_lifecycle.tkb:134@kernel_syscall_persistent_shell_checkpoint_exec_prepare	-	-
kernel/kernel/syscall_test_lifecycle.tkb	deb4c62da3ef20afb3f67be5c55c319077d0c78628346bcf2efdca620cdd583d	42	syscall_persistent_shell_checkpoint_exec_commit_logged	mutable	private	bool	-	qemu,rpi5	kernel/kernel/syscall_test_lifecycle.tkb:142@kernel_syscall_persistent_shell_checkpoint_exec_commit;kernel/kernel/syscall_test_lifecycle.tkb:145@kernel_syscall_persistent_shell_checkpoint_exec_commit	kernel/kernel/syscall_test_lifecycle.tkb:145@kernel_syscall_persistent_shell_checkpoint_exec_commit	-	-
kernel/kernel/syscall_unimplemented.tkb	7beb0ec766b687670ba6828d9c60097338eed4975fc2a929048aba2c5888d2fa	31	syscall_unimplemented_first_pid	mutable	private	[AtomicWord; SYSCALL_UNIMPLEMENTED_MAX]	-	qemu,rpi5	kernel/kernel/syscall_unimplemented.tkb:39@syscall_unimplemented_record;kernel/kernel/syscall_unimplemented.tkb:49@syscall_unimplemented_first_pid_of	-	kernel/kernel/syscall_unimplemented.tkb:39@syscall_unimplemented_record;kernel/kernel/syscall_unimplemented.tkb:49@syscall_unimplemented_first_pid_of	-
kernel/kernel/tag_contention_evidence.tkb	d380c76cc8247027a6ceae8debde4cc8745fa70322ddd176862643457c724a73	38	tag_probe_armed	mutable	private	usize	-	qemu,rpi5	kernel/kernel/tag_contention_evidence.tkb:45@tag_probe_armed_address	-	kernel/kernel/tag_contention_evidence.tkb:45@tag_probe_armed_address	-
kernel/kernel/tag_contention_evidence.tkb	d380c76cc8247027a6ceae8debde4cc8745fa70322ddd176862643457c724a73	39	tag_probe_primary	mutable	private	usize	-	qemu,rpi5	kernel/kernel/tag_contention_evidence.tkb:49@tag_probe_primary_address	-	kernel/kernel/tag_contention_evidence.tkb:49@tag_probe_primary_address	-
kernel/kernel/tag_contention_evidence.tkb	d380c76cc8247027a6ceae8debde4cc8745fa70322ddd176862643457c724a73	40	tag_probe_secondary	mutable	private	usize	-	qemu,rpi5	kernel/kernel/tag_contention_evidence.tkb:53@tag_probe_secondary_address	-	kernel/kernel/tag_contention_evidence.tkb:53@tag_probe_secondary_address	-
kernel/kernel/tag_contention_evidence.tkb	d380c76cc8247027a6ceae8debde4cc8745fa70322ddd176862643457c724a73	41	tag_probe_active	mutable	private	usize	-	qemu,rpi5	kernel/kernel/tag_contention_evidence.tkb:57@tag_probe_active_address	-	kernel/kernel/tag_contention_evidence.tkb:57@tag_probe_active_address	-
kernel/kernel/tag_contention_evidence.tkb	d380c76cc8247027a6ceae8debde4cc8745fa70322ddd176862643457c724a73	42	tag_probe_overlap	mutable	private	usize	-	qemu,rpi5	kernel/kernel/tag_contention_evidence.tkb:61@tag_probe_overlap_address	-	kernel/kernel/tag_contention_evidence.tkb:61@tag_probe_overlap_address	-
kernel/kernel/tcp_connection_contention_evidence.tkb	d75488b42260059ecc225f0a4ba5001a1fa89c9824e565444455e236205943f2	11	tcp_owner_probe_armed	mutable	private	usize	-	qemu,rpi5	kernel/kernel/tcp_connection_contention_evidence.tkb:23@tcp_connection_contention_is_armed;kernel/kernel/tcp_connection_contention_evidence.tkb:48@tcp_connection_contention_secondary_run;kernel/kernel/tcp_connection_contention_evidence.tkb:56@tcp_owner_probe_run_phase;kernel/kernel/tcp_connection_contention_evidence.tkb:62@tcp_owner_probe_run_phase;kernel/kernel/tcp_connection_contention_evidence.tkb:65@tcp_owner_probe_run_phase	-	kernel/kernel/tcp_connection_contention_evidence.tkb:23@tcp_connection_contention_is_armed;kernel/kernel/tcp_connection_contention_evidence.tkb:48@tcp_connection_contention_secondary_run;kernel/kernel/tcp_connection_contention_evidence.tkb:56@tcp_owner_probe_run_phase;kernel/kernel/tcp_connection_contention_evidence.tkb:62@tcp_owner_probe_run_phase;kernel/kernel/tcp_connection_contention_evidence.tkb:65@tcp_owner_probe_run_phase	-
kernel/kernel/tcp_connection_contention_evidence.tkb	d75488b42260059ecc225f0a4ba5001a1fa89c9824e565444455e236205943f2	12	tcp_owner_probe_phase	mutable	private	usize	-	qemu,rpi5	kernel/kernel/tcp_connection_contention_evidence.tkb:34@tcp_connection_contention_secondary_run;kernel/kernel/tcp_connection_contention_evidence.tkb:54@tcp_owner_probe_run_phase	-	kernel/kernel/tcp_connection_contention_evidence.tkb:34@tcp_connection_contention_secondary_run;kernel/kernel/tcp_connection_contention_evidence.tkb:54@tcp_owner_probe_run_phase	-
kernel/kernel/tcp_connection_contention_evidence.tkb	d75488b42260059ecc225f0a4ba5001a1fa89c9824e565444455e236205943f2	13	tcp_owner_probe_slot	mutable	private	usize	-	qemu,rpi5	kernel/kernel/tcp_connection_contention_evidence.tkb:30@tcp_connection_contention_secondary_run;kernel/kernel/tcp_connection_contention_evidence.tkb:81@tcp_connection_contention_probe	-	kernel/kernel/tcp_connection_contention_evidence.tkb:30@tcp_connection_contention_secondary_run;kernel/kernel/tcp_connection_contention_evidence.tkb:81@tcp_connection_contention_probe	-
kernel/kernel/tcp_connection_contention_evidence.tkb	d75488b42260059ecc225f0a4ba5001a1fa89c9824e565444455e236205943f2	14	tcp_owner_probe_generation	mutable	private	usize	-	qemu,rpi5	kernel/kernel/tcp_connection_contention_evidence.tkb:32@tcp_connection_contention_secondary_run;kernel/kernel/tcp_connection_contention_evidence.tkb:83@tcp_connection_contention_probe	-	kernel/kernel/tcp_connection_contention_evidence.tkb:32@tcp_connection_contention_secondary_run;kernel/kernel/tcp_connection_contention_evidence.tkb:83@tcp_connection_contention_probe	-
kernel/kernel/tcp_connection_contention_evidence.tkb	d75488b42260059ecc225f0a4ba5001a1fa89c9824e565444455e236205943f2	15	tcp_owner_probe_busy	mutable	private	usize	-	qemu,rpi5	kernel/kernel/tcp_connection_contention_evidence.tkb:39@tcp_connection_contention_secondary_run;kernel/kernel/tcp_connection_contention_evidence.tkb:84@tcp_connection_contention_probe;kernel/kernel/tcp_connection_contention_evidence.tkb:89@tcp_connection_contention_probe	-	kernel/kernel/tcp_connection_contention_evidence.tkb:39@tcp_connection_contention_secondary_run;kernel/kernel/tcp_connection_contention_evidence.tkb:84@tcp_connection_contention_probe;kernel/kernel/tcp_connection_contention_evidence.tkb:89@tcp_connection_contention_probe	-
kernel/kernel/tcp_connection_contention_evidence.tkb	d75488b42260059ecc225f0a4ba5001a1fa89c9824e565444455e236205943f2	16	tcp_owner_probe_advanced	mutable	private	usize	-	qemu,rpi5	kernel/kernel/tcp_connection_contention_evidence.tkb:43@tcp_connection_contention_secondary_run;kernel/kernel/tcp_connection_contention_evidence.tkb:85@tcp_connection_contention_probe;kernel/kernel/tcp_connection_contention_evidence.tkb:93@tcp_connection_contention_probe	-	kernel/kernel/tcp_connection_contention_evidence.tkb:43@tcp_connection_contention_secondary_run;kernel/kernel/tcp_connection_contention_evidence.tkb:85@tcp_connection_contention_probe;kernel/kernel/tcp_connection_contention_evidence.tkb:93@tcp_connection_contention_probe	-
kernel/kernel/tcp_connection_contention_evidence.tkb	d75488b42260059ecc225f0a4ba5001a1fa89c9824e565444455e236205943f2	17	tcp_owner_probe_active	mutable	private	usize	-	qemu,rpi5	kernel/kernel/tcp_connection_contention_evidence.tkb:28@tcp_connection_contention_secondary_run;kernel/kernel/tcp_connection_contention_evidence.tkb:47@tcp_connection_contention_secondary_run;kernel/kernel/tcp_connection_contention_evidence.tkb:55@tcp_owner_probe_run_phase	-	kernel/kernel/tcp_connection_contention_evidence.tkb:28@tcp_connection_contention_secondary_run;kernel/kernel/tcp_connection_contention_evidence.tkb:47@tcp_connection_contention_secondary_run;kernel/kernel/tcp_connection_contention_evidence.tkb:55@tcp_owner_probe_run_phase	-
kernel/kernel/tcp_connection_contention_evidence.tkb	d75488b42260059ecc225f0a4ba5001a1fa89c9824e565444455e236205943f2	233	tcp_pool_cost_mailboxes	mutable	private	[TcpPoolCostMailbox; KERNEL_MAX_CORES]	-	qemu,rpi5	kernel/kernel/tcp_connection_contention_evidence.tkb:251@tcp_pool_cost_work;kernel/kernel/tcp_connection_contention_evidence.tkb:252@tcp_pool_cost_work;kernel/kernel/tcp_connection_contention_evidence.tkb:265@tcp_pool_cost_work;kernel/kernel/tcp_connection_contention_evidence.tkb:266@tcp_pool_cost_work;kernel/kernel/tcp_connection_contention_evidence.tkb:273@tcp_pool_cost_secondary_poll;kernel/kernel/tcp_connection_contention_evidence.tkb:277@tcp_pool_cost_secondary_poll;kernel/kernel/tcp_connection_contention_evidence.tkb:281@tcp_pool_cost_secondary_poll;kernel/kernel/tcp_connection_contention_evidence.tkb:282@tcp_pool_cost_secondary_poll;kernel/kernel/tcp_connection_contention_evidence.tkb:287@tcp_pool_cost_secondary_poll;kernel/kernel/tcp_connection_contention_evidence.tkb:306@tcp_pool_cost_parallel;kernel/kernel/tcp_connection_contention_evidence.tkb:316@tcp_pool_cost_parallel;kernel/kernel/tcp_connection_contention_evidence.tkb:321@tcp_pool_cost_parallel;kernel/kernel/tcp_connection_contention_evidence.tkb:332@tcp_pool_cost_parallel;kernel/kernel/tcp_connection_contention_evidence.tkb:333@tcp_pool_cost_parallel;kernel/kernel/tcp_connection_contention_evidence.tkb:359@tcp_pool_cost_evidence;kernel/kernel/tcp_connection_contention_evidence.tkb:360@tcp_pool_cost_evidence;kernel/kernel/tcp_connection_contention_evidence.tkb:366@tcp_pool_cost_evidence;kernel/kernel/tcp_connection_contention_evidence.tkb:372@tcp_pool_cost_evidence;kernel/kernel/tcp_connection_contention_evidence.tkb:375@tcp_pool_cost_evidence;kernel/kernel/tcp_connection_contention_evidence.tkb:389@tcp_pool_cost_evidence;kernel/kernel/tcp_connection_contention_evidence.tkb:390@tcp_pool_cost_evidence	-	kernel/kernel/tcp_connection_contention_evidence.tkb:251@tcp_pool_cost_work;kernel/kernel/tcp_connection_contention_evidence.tkb:252@tcp_pool_cost_work;kernel/kernel/tcp_connection_contention_evidence.tkb:265@tcp_pool_cost_work;kernel/kernel/tcp_connection_contention_evidence.tkb:266@tcp_pool_cost_work;kernel/kernel/tcp_connection_contention_evidence.tkb:273@tcp_pool_cost_secondary_poll;kernel/kernel/tcp_connection_contention_evidence.tkb:277@tcp_pool_cost_secondary_poll;kernel/kernel/tcp_connection_contention_evidence.tkb:281@tcp_pool_cost_secondary_poll;kernel/kernel/tcp_connection_contention_evidence.tkb:282@tcp_pool_cost_secondary_poll;kernel/kernel/tcp_connection_contention_evidence.tkb:287@tcp_pool_cost_secondary_poll;kernel/kernel/tcp_connection_contention_evidence.tkb:306@tcp_pool_cost_parallel;kernel/kernel/tcp_connection_contention_evidence.tkb:316@tcp_pool_cost_parallel;kernel/kernel/tcp_connection_contention_evidence.tkb:321@tcp_pool_cost_parallel;kernel/kernel/tcp_connection_contention_evidence.tkb:332@tcp_pool_cost_parallel;kernel/kernel/tcp_connection_contention_evidence.tkb:333@tcp_pool_cost_parallel;kernel/kernel/tcp_connection_contention_evidence.tkb:359@tcp_pool_cost_evidence;kernel/kernel/tcp_connection_contention_evidence.tkb:360@tcp_pool_cost_evidence;kernel/kernel/tcp_connection_contention_evidence.tkb:366@tcp_pool_cost_evidence;kernel/kernel/tcp_connection_contention_evidence.tkb:372@tcp_pool_cost_evidence;kernel/kernel/tcp_connection_contention_evidence.tkb:375@tcp_pool_cost_evidence;kernel/kernel/tcp_connection_contention_evidence.tkb:389@tcp_pool_cost_evidence;kernel/kernel/tcp_connection_contention_evidence.tkb:390@tcp_pool_cost_evidence	-
kernel/kernel/tcp_connection_contention_evidence.tkb	d75488b42260059ecc225f0a4ba5001a1fa89c9824e565444455e236205943f2	234	tcp_pool_cost_round	mutable	private	AtomicWord	-	qemu,rpi5	kernel/kernel/tcp_connection_contention_evidence.tkb:272@tcp_pool_cost_secondary_poll;kernel/kernel/tcp_connection_contention_evidence.tkb:297@tcp_pool_cost_parallel;kernel/kernel/tcp_connection_contention_evidence.tkb:385@tcp_pool_cost_evidence;kernel/kernel/tcp_connection_contention_evidence.tkb:432@pin_sharing_evidence	-	kernel/kernel/tcp_connection_contention_evidence.tkb:272@tcp_pool_cost_secondary_poll;kernel/kernel/tcp_connection_contention_evidence.tkb:297@tcp_pool_cost_parallel;kernel/kernel/tcp_connection_contention_evidence.tkb:385@tcp_pool_cost_evidence;kernel/kernel/tcp_connection_contention_evidence.tkb:432@pin_sharing_evidence	-
kernel/kernel/tcp_connection_contention_evidence.tkb	d75488b42260059ecc225f0a4ba5001a1fa89c9824e565444455e236205943f2	235	tcp_pool_cost_go	mutable	private	AtomicWord	-	qemu,rpi5	kernel/kernel/tcp_connection_contention_evidence.tkb:279@tcp_pool_cost_secondary_poll;kernel/kernel/tcp_connection_contention_evidence.tkb:314@tcp_pool_cost_parallel	-	kernel/kernel/tcp_connection_contention_evidence.tkb:279@tcp_pool_cost_secondary_poll;kernel/kernel/tcp_connection_contention_evidence.tkb:314@tcp_pool_cost_parallel	-
kernel/kernel/tcp_connection_contention_evidence.tkb	d75488b42260059ecc225f0a4ba5001a1fa89c9824e565444455e236205943f2	236	tcp_pool_cost_mode	mutable	private	AtomicWord	-	qemu,rpi5	kernel/kernel/tcp_connection_contention_evidence.tkb:276@tcp_pool_cost_secondary_poll;kernel/kernel/tcp_connection_contention_evidence.tkb:296@tcp_pool_cost_parallel	-	kernel/kernel/tcp_connection_contention_evidence.tkb:276@tcp_pool_cost_secondary_poll;kernel/kernel/tcp_connection_contention_evidence.tkb:296@tcp_pool_cost_parallel	-
kernel/kernel/tcp_connection_contention_evidence.tkb	d75488b42260059ecc225f0a4ba5001a1fa89c9824e565444455e236205943f2	348	tcp_pool_cost_samples	mutable	private	[TcpPoolCostSample; 3]	-	qemu,rpi5	kernel/kernel/tcp_connection_contention_evidence.tkb:380@tcp_pool_cost_evidence;kernel/kernel/tcp_connection_contention_evidence.tkb:381@tcp_pool_cost_evidence;kernel/kernel/tcp_connection_contention_evidence.tkb:382@tcp_pool_cost_evidence;kernel/kernel/tcp_connection_contention_evidence.tkb:383@tcp_pool_cost_evidence;kernel/kernel/tcp_connection_contention_evidence.tkb:423@pin_sharing_evidence;kernel/kernel/tcp_connection_contention_evidence.tkb:424@pin_sharing_evidence;kernel/kernel/tcp_connection_contention_evidence.tkb:425@pin_sharing_evidence;kernel/kernel/tcp_connection_contention_evidence.tkb:426@pin_sharing_evidence	kernel/kernel/tcp_connection_contention_evidence.tkb:380@tcp_pool_cost_evidence;kernel/kernel/tcp_connection_contention_evidence.tkb:381@tcp_pool_cost_evidence;kernel/kernel/tcp_connection_contention_evidence.tkb:382@tcp_pool_cost_evidence;kernel/kernel/tcp_connection_contention_evidence.tkb:383@tcp_pool_cost_evidence	-	-
kernel/kernel/workload_evidence.tkb	341ee53ca73f523429ea2759259e74c4a7e38ead845e5892954370f0dac797a9	227	workload_busy_pair	mutable	private	WorkloadBusyPair	-	qemu,rpi5	kernel/kernel/workload_evidence.tkb:306@workload_busy_worker_pid;kernel/kernel/workload_evidence.tkb:307@workload_busy_worker_pid;kernel/kernel/workload_evidence.tkb:864@workload_profile_start;kernel/kernel/workload_evidence.tkb:869@workload_profile_start;kernel/kernel/workload_evidence.tkb:870@workload_profile_start;kernel/kernel/workload_evidence.tkb:875@workload_profile_start;kernel/kernel/workload_evidence.tkb:876@workload_profile_start;kernel/kernel/workload_evidence.tkb:916@workload_profile_finish;kernel/kernel/workload_evidence.tkb:917@workload_profile_finish;kernel/kernel/workload_evidence.tkb:918@workload_profile_finish;kernel/kernel/workload_evidence.tkb:919@workload_profile_finish;kernel/kernel/workload_evidence.tkb:920@workload_profile_finish;kernel/kernel/workload_evidence.tkb:921@workload_profile_finish;kernel/kernel/workload_evidence.tkb:922@workload_profile_finish;kernel/kernel/workload_evidence.tkb:923@workload_profile_finish;kernel/kernel/workload_evidence.tkb:924@workload_profile_finish;kernel/kernel/workload_evidence.tkb:925@workload_profile_finish;kernel/kernel/workload_evidence.tkb:926@workload_profile_finish;kernel/kernel/workload_evidence.tkb:927@workload_profile_finish;kernel/kernel/workload_evidence.tkb:929@workload_profile_finish;kernel/kernel/workload_evidence.tkb:964@workload_busy_note_selected_locked;kernel/kernel/workload_evidence.tkb:972@workload_busy_note_selected_locked;kernel/kernel/workload_evidence.tkb:973@workload_busy_note_selected_locked;kernel/kernel/workload_evidence.tkb:974@workload_busy_note_selected_locked;kernel/kernel/workload_evidence.tkb:975@workload_busy_note_selected_locked;kernel/kernel/workload_evidence.tkb:976@workload_busy_note_selected_locked;kernel/kernel/workload_evidence.tkb:977@workload_busy_note_selected_locked;kernel/kernel/workload_evidence.tkb:978@workload_busy_note_selected_locked;kernel/kernel/workload_evidence.tkb:979@workload_busy_note_selected_locked;kernel/kernel/workload_evidence.tkb:980@workload_busy_note_selected_locked;kernel/kernel/workload_evidence.tkb:984@workload_busy_note_selected_locked;kernel/kernel/workload_evidence.tkb:985@workload_busy_note_selected_locked;kernel/kernel/workload_evidence.tkb:986@workload_busy_note_selected_locked;kernel/kernel/workload_evidence.tkb:987@workload_busy_note_selected_locked;kernel/kernel/workload_evidence.tkb:988@workload_busy_note_selected_locked;kernel/kernel/workload_evidence.tkb:989@workload_busy_note_selected_locked;kernel/kernel/workload_evidence.tkb:991@workload_busy_note_selected_locked;kernel/kernel/workload_evidence.tkb:992@workload_busy_note_selected_locked;kernel/kernel/workload_evidence.tkb:993@workload_busy_note_selected_locked;kernel/kernel/workload_evidence.tkb:994@workload_busy_note_selected_locked;kernel/kernel/workload_evidence.tkb:996@workload_busy_note_selected_locked;kernel/kernel/workload_evidence.tkb:997@workload_busy_note_selected_locked;kernel/kernel/workload_evidence.tkb:999@workload_busy_note_selected_locked;kernel/kernel/workload_evidence.tkb:1000@workload_busy_note_selected_locked;kernel/kernel/workload_evidence.tkb:1001@workload_busy_note_selected_locked;kernel/kernel/workload_evidence.tkb:1003@workload_busy_note_selected_locked;kernel/kernel/workload_evidence.tkb:1004@workload_busy_note_selected_locked;kernel/kernel/workload_evidence.tkb:1005@workload_busy_note_selected_locked;kernel/kernel/workload_evidence.tkb:1006@workload_busy_note_selected_locked;kernel/kernel/workload_evidence.tkb:1008@workload_busy_note_selected_locked;kernel/kernel/workload_evidence.tkb:1009@workload_busy_note_selected_locked;kernel/kernel/workload_evidence.tkb:1041@workload_busy_record_progress_locked;kernel/kernel/workload_evidence.tkb:1045@workload_busy_record_progress_locked;kernel/kernel/workload_evidence.tkb:1047@workload_busy_record_progress_locked;kernel/kernel/workload_evidence.tkb:1062@workload_busy_record_progress_locked;kernel/kernel/workload_evidence.tkb:1063@workload_busy_record_progress_locked;kernel/kernel/workload_evidence.tkb:1065@workload_busy_record_progress_locked;kernel/kernel/workload_evidence.tkb:1066@workload_busy_record_progress_locked;kernel/kernel/workload_evidence.tkb:1067@workload_busy_record_progress_locked;kernel/kernel/workload_evidence.tkb:1071@workload_busy_record_progress_locked;kernel/kernel/workload_evidence.tkb:1072@workload_busy_record_progress_locked;kernel/kernel/workload_evidence.tkb:1073@workload_busy_record_progress_locked;kernel/kernel/workload_evidence.tkb:1075@workload_busy_record_progress_locked;kernel/kernel/workload_evidence.tkb:1080@workload_busy_record_progress_locked;kernel/kernel/workload_evidence.tkb:1081@workload_busy_record_progress_locked;kernel/kernel/workload_evidence.tkb:1090@workload_busy_record_progress_locked;kernel/kernel/workload_evidence.tkb:1100@workload_busy_record_progress_locked;kernel/kernel/workload_evidence.tkb:1107@workload_busy_record_progress_locked;kernel/kernel/workload_evidence.tkb:1122@workload_busy_record_progress_locked;kernel/kernel/workload_evidence.tkb:1132@workload_busy_record_progress_locked;kernel/kernel/workload_evidence.tkb:1137@workload_busy_record_progress_locked;kernel/kernel/workload_evidence.tkb:1145@workload_busy_record_progress_locked;kernel/kernel/workload_evidence.tkb:1146@workload_busy_record_progress_locked;kernel/kernel/workload_evidence.tkb:1148@workload_busy_record_progress_locked;kernel/kernel/workload_evidence.tkb:1150@workload_busy_record_progress_locked;kernel/kernel/workload_evidence.tkb:1151@workload_busy_record_progress_locked;kernel/kernel/workload_evidence.tkb:1154@workload_busy_record_progress_locked;kernel/kernel/workload_evidence.tkb:1155@workload_busy_record_progress_locked;kernel/kernel/workload_evidence.tkb:1161@workload_busy_record_progress_locked;kernel/kernel/workload_evidence.tkb:1162@workload_busy_record_progress_locked;kernel/kernel/workload_evidence.tkb:1163@workload_busy_record_progress_locked;kernel/kernel/workload_evidence.tkb:1164@workload_busy_record_progress_locked;kernel/kernel/workload_evidence.tkb:1165@workload_busy_record_progress_locked;kernel/kernel/workload_evidence.tkb:1167@workload_busy_record_progress_locked;kernel/kernel/workload_evidence.tkb:1168@workload_busy_record_progress_locked;kernel/kernel/workload_evidence.tkb:1170@workload_busy_record_progress_locked;kernel/kernel/workload_evidence.tkb:1171@workload_busy_record_progress_locked;kernel/kernel/workload_evidence.tkb:1172@workload_busy_record_progress_locked;kernel/kernel/workload_evidence.tkb:1173@workload_busy_record_progress_locked;kernel/kernel/workload_evidence.tkb:1174@workload_busy_record_progress_locked;kernel/kernel/workload_evidence.tkb:1176@workload_busy_record_progress_locked;kernel/kernel/workload_evidence.tkb:1177@workload_busy_record_progress_locked;kernel/kernel/workload_evidence.tkb:1179@workload_busy_record_progress_locked;kernel/kernel/workload_evidence.tkb:1180@workload_busy_record_progress_locked;kernel/kernel/workload_evidence.tkb:1183@workload_busy_record_progress_locked;kernel/kernel/workload_evidence.tkb:1195@workload_busy_record_progress_locked;kernel/kernel/workload_evidence.tkb:1198@workload_busy_record_progress_locked;kernel/kernel/workload_evidence.tkb:1202@workload_busy_record_progress_locked;kernel/kernel/workload_evidence.tkb:1206@workload_busy_record_progress_locked;kernel/kernel/workload_evidence.tkb:1208@workload_busy_record_progress_locked;kernel/kernel/workload_evidence.tkb:1211@workload_busy_record_progress_locked;kernel/kernel/workload_evidence.tkb:1212@workload_busy_record_progress_locked;kernel/kernel/workload_evidence.tkb:1217@workload_busy_record_progress_locked;kernel/kernel/workload_evidence.tkb:1218@workload_busy_record_progress_locked;kernel/kernel/workload_evidence.tkb:1224@workload_busy_record_progress_locked;kernel/kernel/workload_evidence.tkb:1233@workload_busy_peer_exit_stack_released;kernel/kernel/workload_evidence.tkb:1234@workload_busy_peer_exit_stack_released;kernel/kernel/workload_evidence.tkb:1235@workload_busy_peer_exit_stack_released;kernel/kernel/workload_evidence.tkb:1244@workload_busy_peer_exit_reaped;kernel/kernel/workload_evidence.tkb:1245@workload_busy_peer_exit_reaped;kernel/kernel/workload_evidence.tkb:1246@workload_busy_peer_exit_reaped;kernel/kernel/workload_evidence.tkb:1250@workload_busy_peer_exit_reaped;kernel/kernel/workload_evidence.tkb:1261@workload_peer_read_progress;kernel/kernel/workload_evidence.tkb:1263@workload_peer_read_progress;kernel/kernel/workload_evidence.tkb:1267@workload_peer_read_progress;kernel/kernel/workload_evidence.tkb:1272@workload_peer_read_progress;kernel/kernel/workload_evidence.tkb:1273@workload_peer_read_progress;kernel/kernel/workload_evidence.tkb:1275@workload_peer_read_progress;kernel/kernel/workload_evidence.tkb:1285@workload_peer_read_progress;kernel/kernel/workload_evidence.tkb:1298@workload_peer_core_read_ready;kernel/kernel/workload_evidence.tkb:1302@workload_peer_core_read_ready;kernel/kernel/workload_evidence.tkb:1303@workload_peer_core_read_ready;kernel/kernel/workload_evidence.tkb:1315@workload_peer_read_peer_ready;kernel/kernel/workload_evidence.tkb:1317@workload_peer_read_peer_ready;kernel/kernel/workload_evidence.tkb:1321@workload_peer_read_peer_ready;kernel/kernel/workload_evidence.tkb:1322@workload_peer_read_peer_ready;kernel/kernel/workload_evidence.tkb:1342@workload_peer_net_wake_progress;kernel/kernel/workload_evidence.tkb:1357@workload_peer_net_wake_progress;kernel/kernel/workload_evidence.tkb:1371@workload_peer_console_progress;kernel/kernel/workload_evidence.tkb:1373@workload_peer_console_progress;kernel/kernel/workload_evidence.tkb:1382@workload_peer_console_progress;kernel/kernel/workload_evidence.tkb:1386@workload_peer_console_progress;kernel/kernel/workload_evidence.tkb:1395@workload_peer_console_progress;kernel/kernel/workload_evidence.tkb:1396@workload_peer_console_progress;kernel/kernel/workload_evidence.tkb:1402@workload_peer_console_progress;kernel/kernel/workload_evidence.tkb:1411@workload_peer_console_progress;kernel/kernel/workload_evidence.tkb:1415@workload_peer_console_progress;kernel/kernel/workload_evidence.tkb:1419@workload_peer_console_progress;kernel/kernel/workload_evidence.tkb:1420@workload_peer_console_progress;kernel/kernel/workload_evidence.tkb:1422@workload_peer_console_progress;kernel/kernel/workload_evidence.tkb:1426@workload_peer_console_progress;kernel/kernel/workload_evidence.tkb:1430@workload_peer_console_progress;kernel/kernel/workload_evidence.tkb:1431@workload_peer_console_progress;kernel/kernel/workload_evidence.tkb:1433@workload_peer_console_progress;kernel/kernel/workload_evidence.tkb:1434@workload_peer_console_progress;kernel/kernel/workload_evidence.tkb:1438@workload_peer_console_progress;kernel/kernel/workload_evidence.tkb:1439@workload_peer_console_progress;kernel/kernel/workload_evidence.tkb:1443@workload_peer_console_progress;kernel/kernel/workload_evidence.tkb:1444@workload_peer_console_progress;kernel/kernel/workload_evidence.tkb:1448@workload_peer_console_progress;kernel/kernel/workload_evidence.tkb:1455@workload_peer_console_progress;kernel/kernel/workload_evidence.tkb:1464@workload_peer_console_progress;kernel/kernel/workload_evidence.tkb:1472@workload_peer_console_progress;kernel/kernel/workload_evidence.tkb:1507@workload_peer_tty_progress;kernel/kernel/workload_evidence.tkb:1508@workload_peer_tty_progress;kernel/kernel/workload_evidence.tkb:1509@workload_peer_tty_progress;kernel/kernel/workload_evidence.tkb:1513@workload_peer_tty_progress;kernel/kernel/workload_evidence.tkb:1517@workload_peer_tty_progress;kernel/kernel/workload_evidence.tkb:1518@workload_peer_tty_progress;kernel/kernel/workload_evidence.tkb:1520@workload_peer_tty_progress;kernel/kernel/workload_evidence.tkb:1524@workload_peer_tty_progress;kernel/kernel/workload_evidence.tkb:1527@workload_peer_tty_progress;kernel/kernel/workload_evidence.tkb:1531@workload_peer_tty_progress;kernel/kernel/workload_evidence.tkb:1540@workload_peer_tty_progress;kernel/kernel/workload_evidence.tkb:1544@workload_peer_tty_progress;kernel/kernel/workload_evidence.tkb:1695@workload_peer_socket_served;kernel/kernel/workload_evidence.tkb:1697@workload_peer_socket_served;kernel/kernel/workload_evidence.tkb:1699@workload_peer_socket_served;kernel/kernel/workload_evidence.tkb:1700@workload_peer_socket_served;kernel/kernel/workload_evidence.tkb:1701@workload_peer_socket_served;kernel/kernel/workload_evidence.tkb:1702@workload_peer_socket_served;kernel/kernel/workload_evidence.tkb:1722@workload_peer_socket_teardown;kernel/kernel/workload_evidence.tkb:1724@workload_peer_socket_teardown;kernel/kernel/workload_evidence.tkb:1726@workload_peer_socket_teardown;kernel/kernel/workload_evidence.tkb:1727@workload_peer_socket_teardown;kernel/kernel/workload_evidence.tkb:1728@workload_peer_socket_teardown;kernel/kernel/workload_evidence.tkb:1729@workload_peer_socket_teardown;kernel/kernel/workload_evidence.tkb:1730@workload_peer_socket_teardown;kernel/kernel/workload_evidence.tkb:1743@workload_busy_start_profile;kernel/kernel/workload_evidence.tkb:1749@workload_busy_start_profile;kernel/kernel/workload_evidence.tkb:1754@workload_busy_start_profile;kernel/kernel/workload_evidence.tkb:1755@workload_busy_start_profile;kernel/kernel/workload_evidence.tkb:1756@workload_busy_start_profile;kernel/kernel/workload_evidence.tkb:1757@workload_busy_start_profile;kernel/kernel/workload_evidence.tkb:1760@workload_busy_start_profile;kernel/kernel/workload_evidence.tkb:1761@workload_busy_start_profile;kernel/kernel/workload_evidence.tkb:1762@workload_busy_start_profile;kernel/kernel/workload_evidence.tkb:1763@workload_busy_start_profile;kernel/kernel/workload_evidence.tkb:1764@workload_busy_start_profile;kernel/kernel/workload_evidence.tkb:1765@workload_busy_start_profile;kernel/kernel/workload_evidence.tkb:1767@workload_busy_start_profile;kernel/kernel/workload_evidence.tkb:1775@workload_busy_start_profile;kernel/kernel/workload_evidence.tkb:1777@workload_busy_start_profile;kernel/kernel/workload_evidence.tkb:1805@workload_ordinary_placement_note_syscall;kernel/kernel/workload_evidence.tkb:1806@workload_ordinary_placement_note_syscall;kernel/kernel/workload_evidence.tkb:1816@workload_ordinary_placement_report;kernel/kernel/workload_evidence.tkb:1818@workload_ordinary_placement_report;kernel/kernel/workload_evidence.tkb:1828@workload_ordinary_placement_guard_complete;kernel/kernel/workload_evidence.tkb:1830@workload_ordinary_placement_guard_complete;kernel/kernel/workload_evidence.tkb:2098@workload_busy_record_progress;kernel/kernel/workload_evidence.tkb:2104@workload_busy_record_progress;kernel/kernel/workload_evidence.tkb:2112@workload_busy_record_progress;kernel/kernel/workload_evidence.tkb:2113@workload_busy_record_progress;kernel/kernel/workload_evidence.tkb:2114@workload_busy_record_progress;kernel/kernel/workload_evidence.tkb:2116@workload_busy_record_progress;kernel/kernel/workload_evidence.tkb:2117@workload_busy_record_progress;kernel/kernel/workload_evidence.tkb:2118@workload_busy_record_progress;kernel/kernel/workload_evidence.tkb:2143@workload_busy_restart_step;kernel/kernel/workload_evidence.tkb:2145@workload_busy_restart_step;kernel/kernel/workload_evidence.tkb:2146@workload_busy_restart_step;kernel/kernel/workload_evidence.tkb:2147@workload_busy_restart_step;kernel/kernel/workload_evidence.tkb:2148@workload_busy_restart_step;kernel/kernel/workload_evidence.tkb:2149@workload_busy_restart_step;kernel/kernel/workload_evidence.tkb:2154@workload_busy_restart_step;kernel/kernel/workload_evidence.tkb:2161@workload_busy_restart_step;kernel/kernel/workload_evidence.tkb:2171@workload_busy_report_restart;kernel/kernel/workload_evidence.tkb:2172@workload_busy_report_restart;kernel/kernel/workload_evidence.tkb:2173@workload_busy_report_restart;kernel/kernel/workload_evidence.tkb:2174@workload_busy_report_restart;kernel/kernel/workload_evidence.tkb:2175@workload_busy_report_restart;kernel/kernel/workload_evidence.tkb:2180@workload_busy_report_restart;kernel/kernel/workload_evidence.tkb:2182@workload_busy_report_restart;kernel/kernel/workload_evidence.tkb:2184@workload_busy_report_restart;kernel/kernel/workload_evidence.tkb:2185@workload_busy_report_restart;kernel/kernel/workload_evidence.tkb:2191@workload_busy_report_restart;kernel/kernel/workload_evidence.tkb:2192@workload_busy_report_restart;kernel/kernel/workload_evidence.tkb:2199@workload_busy_report_restart;kernel/kernel/workload_evidence.tkb:2211@workload_busy_pair_report;kernel/kernel/workload_evidence.tkb:2216@workload_busy_pair_report;kernel/kernel/workload_evidence.tkb:2235@workload_busy_pair_report;kernel/kernel/workload_evidence.tkb:2239@workload_busy_pair_report;kernel/kernel/workload_evidence.tkb:2240@workload_busy_pair_report;kernel/kernel/workload_evidence.tkb:2242@workload_busy_pair_report;kernel/kernel/workload_evidence.tkb:2244@workload_busy_pair_report;kernel/kernel/workload_evidence.tkb:2246@workload_busy_pair_report;kernel/kernel/workload_evidence.tkb:2248@workload_busy_pair_report;kernel/kernel/workload_evidence.tkb:2252@workload_busy_pair_report;kernel/kernel/workload_evidence.tkb:2253@workload_busy_pair_report;kernel/kernel/workload_evidence.tkb:2257@workload_busy_pair_report;kernel/kernel/workload_evidence.tkb:2258@workload_busy_pair_report;kernel/kernel/workload_evidence.tkb:2262@workload_busy_pair_report;kernel/kernel/workload_evidence.tkb:2264@workload_busy_pair_report;kernel/kernel/workload_evidence.tkb:2266@workload_busy_pair_report;kernel/kernel/workload_evidence.tkb:2268@workload_busy_pair_report;kernel/kernel/workload_evidence.tkb:2275@workload_busy_pair_report;kernel/kernel/workload_evidence.tkb:2276@workload_busy_pair_report;kernel/kernel/workload_evidence.tkb:2305@workload_busy_pair_report;kernel/kernel/workload_evidence.tkb:2306@workload_busy_pair_report;kernel/kernel/workload_evidence.tkb:2308@workload_busy_pair_report	kernel/kernel/workload_evidence.tkb:869@workload_profile_start;kernel/kernel/workload_evidence.tkb:870@workload_profile_start;kernel/kernel/workload_evidence.tkb:875@workload_profile_start;kernel/kernel/workload_evidence.tkb:876@workload_profile_start;kernel/kernel/workload_evidence.tkb:921@workload_profile_finish;kernel/kernel/workload_evidence.tkb:926@workload_profile_finish;kernel/kernel/workload_evidence.tkb:929@workload_profile_finish;kernel/kernel/workload_evidence.tkb:976@workload_busy_note_selected_locked;kernel/kernel/workload_evidence.tkb:980@workload_busy_note_selected_locked;kernel/kernel/workload_evidence.tkb:985@workload_busy_note_selected_locked;kernel/kernel/workload_evidence.tkb:986@workload_busy_note_selected_locked;kernel/kernel/workload_evidence.tkb:988@workload_busy_note_selected_locked;kernel/kernel/workload_evidence.tkb:993@workload_busy_note_selected_locked;kernel/kernel/workload_evidence.tkb:996@workload_busy_note_selected_locked;kernel/kernel/workload_evidence.tkb:997@workload_busy_note_selected_locked;kernel/kernel/workload_evidence.tkb:1000@workload_busy_note_selected_locked;kernel/kernel/workload_evidence.tkb:1005@workload_busy_note_selected_locked;kernel/kernel/workload_evidence.tkb:1008@workload_busy_note_selected_locked;kernel/kernel/workload_evidence.tkb:1009@workload_busy_note_selected_locked;kernel/kernel/workload_evidence.tkb:1071@workload_busy_record_progress_locked;kernel/kernel/workload_evidence.tkb:1072@workload_busy_record_progress_locked;kernel/kernel/workload_evidence.tkb:1073@workload_busy_record_progress_locked;kernel/kernel/workload_evidence.tkb:1090@workload_busy_record_progress_locked;kernel/kernel/workload_evidence.tkb:1132@workload_busy_record_progress_locked;kernel/kernel/workload_evidence.tkb:1137@workload_busy_record_progress_locked;kernel/kernel/workload_evidence.tkb:1151@workload_busy_record_progress_locked;kernel/kernel/workload_evidence.tkb:1155@workload_busy_record_progress_locked;kernel/kernel/workload_evidence.tkb:1162@workload_busy_record_progress_locked;kernel/kernel/workload_evidence.tkb:1164@workload_busy_record_progress_locked;kernel/kernel/workload_evidence.tkb:1165@workload_busy_record_progress_locked;kernel/kernel/workload_evidence.tkb:1167@workload_busy_record_progress_locked;kernel/kernel/workload_evidence.tkb:1168@workload_busy_record_progress_locked;kernel/kernel/workload_evidence.tkb:1171@workload_busy_record_progress_locked;kernel/kernel/workload_evidence.tkb:1173@workload_busy_record_progress_locked;kernel/kernel/workload_evidence.tkb:1174@workload_busy_record_progress_locked;kernel/kernel/workload_evidence.tkb:1176@workload_busy_record_progress_locked;kernel/kernel/workload_evidence.tkb:1177@workload_busy_record_progress_locked;kernel/kernel/workload_evidence.tkb:1195@workload_busy_record_progress_locked;kernel/kernel/workload_evidence.tkb:1212@workload_busy_record_progress_locked;kernel/kernel/workload_evidence.tkb:1217@workload_busy_record_progress_locked;kernel/kernel/workload_evidence.tkb:1224@workload_busy_record_progress_locked;kernel/kernel/workload_evidence.tkb:1235@workload_busy_peer_exit_stack_released;kernel/kernel/workload_evidence.tkb:1250@workload_busy_peer_exit_reaped;kernel/kernel/workload_evidence.tkb:1263@workload_peer_read_progress;kernel/kernel/workload_evidence.tkb:1267@workload_peer_read_progress;kernel/kernel/workload_evidence.tkb:1275@workload_peer_read_progress;kernel/kernel/workload_evidence.tkb:1285@workload_peer_read_progress;kernel/kernel/workload_evidence.tkb:1298@workload_peer_core_read_ready;kernel/kernel/workload_evidence.tkb:1302@workload_peer_core_read_ready;kernel/kernel/workload_evidence.tkb:1317@workload_peer_read_peer_ready;kernel/kernel/workload_evidence.tkb:1321@workload_peer_read_peer_ready;kernel/kernel/workload_evidence.tkb:1342@workload_peer_net_wake_progress;kernel/kernel/workload_evidence.tkb:1357@workload_peer_net_wake_progress;kernel/kernel/workload_evidence.tkb:1373@workload_peer_console_progress;kernel/kernel/workload_evidence.tkb:1386@workload_peer_console_progress;kernel/kernel/workload_evidence.tkb:1415@workload_peer_console_progress;kernel/kernel/workload_evidence.tkb:1422@workload_peer_console_progress;kernel/kernel/workload_evidence.tkb:1434@workload_peer_console_progress;kernel/kernel/workload_evidence.tkb:1438@workload_peer_console_progress;kernel/kernel/workload_evidence.tkb:1439@workload_peer_console_progress;kernel/kernel/workload_evidence.tkb:1444@workload_peer_console_progress;kernel/kernel/workload_evidence.tkb:1448@workload_peer_console_progress;kernel/kernel/workload_evidence.tkb:1455@workload_peer_console_progress;kernel/kernel/workload_evidence.tkb:1464@workload_peer_console_progress;kernel/kernel/workload_evidence.tkb:1472@workload_peer_console_progress;kernel/kernel/workload_evidence.tkb:1509@workload_peer_tty_progress;kernel/kernel/workload_evidence.tkb:1513@workload_peer_tty_progress;kernel/kernel/workload_evidence.tkb:1520@workload_peer_tty_progress;kernel/kernel/workload_evidence.tkb:1527@workload_peer_tty_progress;kernel/kernel/workload_evidence.tkb:1531@workload_peer_tty_progress;kernel/kernel/workload_evidence.tkb:1540@workload_peer_tty_progress;kernel/kernel/workload_evidence.tkb:1544@workload_peer_tty_progress;kernel/kernel/workload_evidence.tkb:1695@workload_peer_socket_served;kernel/kernel/workload_evidence.tkb:1697@workload_peer_socket_served;kernel/kernel/workload_evidence.tkb:1702@workload_peer_socket_served;kernel/kernel/workload_evidence.tkb:1722@workload_peer_socket_teardown;kernel/kernel/workload_evidence.tkb:1724@workload_peer_socket_teardown;kernel/kernel/workload_evidence.tkb:1730@workload_peer_socket_teardown;kernel/kernel/workload_evidence.tkb:1743@workload_busy_start_profile;kernel/kernel/workload_evidence.tkb:1749@workload_busy_start_profile;kernel/kernel/workload_evidence.tkb:1760@workload_busy_start_profile;kernel/kernel/workload_evidence.tkb:1761@workload_busy_start_profile;kernel/kernel/workload_evidence.tkb:1762@workload_busy_start_profile;kernel/kernel/workload_evidence.tkb:1763@workload_busy_start_profile;kernel/kernel/workload_evidence.tkb:1764@workload_busy_start_profile;kernel/kernel/workload_evidence.tkb:1765@workload_busy_start_profile;kernel/kernel/workload_evidence.tkb:1805@workload_ordinary_placement_note_syscall;kernel/kernel/workload_evidence.tkb:1806@workload_ordinary_placement_note_syscall;kernel/kernel/workload_evidence.tkb:2098@workload_busy_record_progress;kernel/kernel/workload_evidence.tkb:2104@workload_busy_record_progress;kernel/kernel/workload_evidence.tkb:2114@workload_busy_record_progress;kernel/kernel/workload_evidence.tkb:2117@workload_busy_record_progress;kernel/kernel/workload_evidence.tkb:2118@workload_busy_record_progress;kernel/kernel/workload_evidence.tkb:2145@workload_busy_restart_step;kernel/kernel/workload_evidence.tkb:2146@workload_busy_restart_step;kernel/kernel/workload_evidence.tkb:2147@workload_busy_restart_step;kernel/kernel/workload_evidence.tkb:2148@workload_busy_restart_step;kernel/kernel/workload_evidence.tkb:2161@workload_busy_restart_step;kernel/kernel/workload_evidence.tkb:2199@workload_busy_report_restart	kernel/kernel/workload_evidence.tkb:916@workload_profile_finish;kernel/kernel/workload_evidence.tkb:919@workload_profile_finish;kernel/kernel/workload_evidence.tkb:924@workload_profile_finish;kernel/kernel/workload_evidence.tkb:964@workload_busy_note_selected_locked;kernel/kernel/workload_evidence.tkb:975@workload_busy_note_selected_locked;kernel/kernel/workload_evidence.tkb:978@workload_busy_note_selected_locked;kernel/kernel/workload_evidence.tkb:992@workload_busy_note_selected_locked;kernel/kernel/workload_evidence.tkb:1004@workload_busy_note_selected_locked;kernel/kernel/workload_evidence.tkb:1066@workload_busy_record_progress_locked;kernel/kernel/workload_evidence.tkb:1146@workload_busy_record_progress_locked;kernel/kernel/workload_evidence.tkb:1234@workload_busy_peer_exit_stack_released;kernel/kernel/workload_evidence.tkb:1245@workload_busy_peer_exit_reaped;kernel/kernel/workload_evidence.tkb:1246@workload_busy_peer_exit_reaped;kernel/kernel/workload_evidence.tkb:1700@workload_peer_socket_served;kernel/kernel/workload_evidence.tkb:1701@workload_peer_socket_served;kernel/kernel/workload_evidence.tkb:1727@workload_peer_socket_teardown;kernel/kernel/workload_evidence.tkb:1728@workload_peer_socket_teardown;kernel/kernel/workload_evidence.tkb:1729@workload_peer_socket_teardown;kernel/kernel/workload_evidence.tkb:1755@workload_busy_start_profile;kernel/kernel/workload_evidence.tkb:1756@workload_busy_start_profile;kernel/kernel/workload_evidence.tkb:1757@workload_busy_start_profile;kernel/kernel/workload_evidence.tkb:1816@workload_ordinary_placement_report;kernel/kernel/workload_evidence.tkb:1828@workload_ordinary_placement_guard_complete;kernel/kernel/workload_evidence.tkb:2113@workload_busy_record_progress;kernel/kernel/workload_evidence.tkb:2172@workload_busy_report_restart;kernel/kernel/workload_evidence.tkb:2173@workload_busy_report_restart;kernel/kernel/workload_evidence.tkb:2174@workload_busy_report_restart	-
kernel/kernel/workload_evidence.tkb	341ee53ca73f523429ea2759259e74c4a7e38ead845e5892954370f0dac797a9	271	workload_busy_waits	mutable	private	[WorkloadBusyWait; 2]	-	qemu,rpi5	kernel/kernel/workload_evidence.tkb:312@workload_busy_waits_reset;kernel/kernel/workload_evidence.tkb:313@workload_busy_waits_reset;kernel/kernel/workload_evidence.tkb:314@workload_busy_waits_reset;kernel/kernel/workload_evidence.tkb:315@workload_busy_waits_reset;kernel/kernel/workload_evidence.tkb:316@workload_busy_waits_reset;kernel/kernel/workload_evidence.tkb:317@workload_busy_waits_reset;kernel/kernel/workload_evidence.tkb:318@workload_busy_waits_reset;kernel/kernel/workload_evidence.tkb:319@workload_busy_waits_reset;kernel/kernel/workload_evidence.tkb:320@workload_busy_waits_reset;kernel/kernel/workload_evidence.tkb:332@workload_busy_wait_begin;kernel/kernel/workload_evidence.tkb:333@workload_busy_wait_begin;kernel/kernel/workload_evidence.tkb:334@workload_busy_wait_begin;kernel/kernel/workload_evidence.tkb:335@workload_busy_wait_begin;kernel/kernel/workload_evidence.tkb:337@workload_busy_wait_begin;kernel/kernel/workload_evidence.tkb:338@workload_busy_wait_begin;kernel/kernel/workload_evidence.tkb:344@workload_busy_wait_pick;kernel/kernel/workload_evidence.tkb:345@workload_busy_wait_pick;kernel/kernel/workload_evidence.tkb:346@workload_busy_wait_pick;kernel/kernel/workload_evidence.tkb:347@workload_busy_wait_pick;kernel/kernel/workload_evidence.tkb:348@workload_busy_wait_pick;kernel/kernel/workload_evidence.tkb:349@workload_busy_wait_pick;kernel/kernel/workload_evidence.tkb:355@workload_busy_wait_pick;kernel/kernel/workload_evidence.tkb:356@workload_busy_wait_pick;kernel/kernel/workload_evidence.tkb:357@workload_busy_wait_pick;kernel/kernel/workload_evidence.tkb:358@workload_busy_wait_pick;kernel/kernel/workload_evidence.tkb:359@workload_busy_wait_pick;kernel/kernel/workload_evidence.tkb:360@workload_busy_wait_pick;kernel/kernel/workload_evidence.tkb:361@workload_busy_wait_pick;kernel/kernel/workload_evidence.tkb:366@workload_busy_wait_pick;kernel/kernel/workload_evidence.tkb:367@workload_busy_wait_pick;kernel/kernel/workload_evidence.tkb:371@workload_busy_wait_end;kernel/kernel/workload_evidence.tkb:372@workload_busy_wait_end;kernel/kernel/workload_evidence.tkb:373@workload_busy_wait_end;kernel/kernel/workload_evidence.tkb:374@workload_busy_wait_end;kernel/kernel/workload_evidence.tkb:375@workload_busy_wait_end;kernel/kernel/workload_evidence.tkb:376@workload_busy_wait_end;kernel/kernel/workload_evidence.tkb:378@workload_busy_wait_end;kernel/kernel/workload_evidence.tkb:380@workload_busy_wait_end;kernel/kernel/workload_evidence.tkb:381@workload_busy_wait_end;kernel/kernel/workload_evidence.tkb:398@workload_busy_wait_note_selected;kernel/kernel/workload_evidence.tkb:399@workload_busy_wait_note_selected;kernel/kernel/workload_evidence.tkb:423@workload_busy_note_tick_locked;kernel/kernel/workload_evidence.tkb:424@workload_busy_note_tick_locked;kernel/kernel/workload_evidence.tkb:425@workload_busy_note_tick_locked;kernel/kernel/workload_evidence.tkb:426@workload_busy_note_tick_locked;kernel/kernel/workload_evidence.tkb:439@workload_busy_waits_bounded;kernel/kernel/workload_evidence.tkb:441@workload_busy_waits_bounded;kernel/kernel/workload_evidence.tkb:455@workload_busy_waits_report;kernel/kernel/workload_evidence.tkb:457@workload_busy_waits_report;kernel/kernel/workload_evidence.tkb:459@workload_busy_waits_report;kernel/kernel/workload_evidence.tkb:461@workload_busy_waits_report;kernel/kernel/workload_evidence.tkb:463@workload_busy_waits_report	kernel/kernel/workload_evidence.tkb:312@workload_busy_waits_reset;kernel/kernel/workload_evidence.tkb:313@workload_busy_waits_reset;kernel/kernel/workload_evidence.tkb:314@workload_busy_waits_reset;kernel/kernel/workload_evidence.tkb:315@workload_busy_waits_reset;kernel/kernel/workload_evidence.tkb:316@workload_busy_waits_reset;kernel/kernel/workload_evidence.tkb:317@workload_busy_waits_reset;kernel/kernel/workload_evidence.tkb:318@workload_busy_waits_reset;kernel/kernel/workload_evidence.tkb:319@workload_busy_waits_reset;kernel/kernel/workload_evidence.tkb:320@workload_busy_waits_reset;kernel/kernel/workload_evidence.tkb:332@workload_busy_wait_begin;kernel/kernel/workload_evidence.tkb:333@workload_busy_wait_begin;kernel/kernel/workload_evidence.tkb:334@workload_busy_wait_begin;kernel/kernel/workload_evidence.tkb:335@workload_busy_wait_begin;kernel/kernel/workload_evidence.tkb:337@workload_busy_wait_begin;kernel/kernel/workload_evidence.tkb:338@workload_busy_wait_begin;kernel/kernel/workload_evidence.tkb:347@workload_busy_wait_pick;kernel/kernel/workload_evidence.tkb:349@workload_busy_wait_pick;kernel/kernel/workload_evidence.tkb:356@workload_busy_wait_pick;kernel/kernel/workload_evidence.tkb:357@workload_busy_wait_pick;kernel/kernel/workload_evidence.tkb:358@workload_busy_wait_pick;kernel/kernel/workload_evidence.tkb:361@workload_busy_wait_pick;kernel/kernel/workload_evidence.tkb:366@workload_busy_wait_pick;kernel/kernel/workload_evidence.tkb:372@workload_busy_wait_end;kernel/kernel/workload_evidence.tkb:373@workload_busy_wait_end;kernel/kernel/workload_evidence.tkb:376@workload_busy_wait_end;kernel/kernel/workload_evidence.tkb:381@workload_busy_wait_end;kernel/kernel/workload_evidence.tkb:425@workload_busy_note_tick_locked	kernel/kernel/workload_evidence.tkb:345@workload_busy_wait_pick;kernel/kernel/workload_evidence.tkb:399@workload_busy_wait_note_selected;kernel/kernel/workload_evidence.tkb:424@workload_busy_note_tick_locked	-
kernel/kernel/workload_evidence.tkb	341ee53ca73f523429ea2759259e74c4a7e38ead845e5892954370f0dac797a9	290	workload_busy_starve_injection_ticks	mutable	private	usize	-	qemu,rpi5	kernel/kernel/workload_evidence.tkb:325@workload_busy_wait_begin;kernel/kernel/workload_evidence.tkb:329@workload_busy_wait_begin;kernel/kernel/workload_evidence.tkb:330@workload_busy_wait_begin	kernel/kernel/workload_evidence.tkb:330@workload_busy_wait_begin	-	-
kernel/kernel/workload_evidence.tkb	341ee53ca73f523429ea2759259e74c4a7e38ead845e5892954370f0dac797a9	291	workload_busy_starve_armed	mutable	private	bool	-	qemu,rpi5	kernel/kernel/workload_evidence.tkb:298@workload_busy_starve_skips;kernel/kernel/workload_evidence.tkb:326@workload_busy_wait_begin;kernel/kernel/workload_evidence.tkb:327@workload_busy_wait_begin;kernel/kernel/workload_evidence.tkb:427@workload_busy_note_tick_locked	kernel/kernel/workload_evidence.tkb:327@workload_busy_wait_begin	kernel/kernel/workload_evidence.tkb:326@workload_busy_wait_begin	-
kernel/kernel/workload_evidence.tkb	341ee53ca73f523429ea2759259e74c4a7e38ead845e5892954370f0dac797a9	292	workload_busy_starve_worker	mutable	private	usize	-	qemu,rpi5	kernel/kernel/workload_evidence.tkb:300@workload_busy_starve_skips;kernel/kernel/workload_evidence.tkb:328@workload_busy_wait_begin;kernel/kernel/workload_evidence.tkb:428@workload_busy_note_tick_locked	kernel/kernel/workload_evidence.tkb:328@workload_busy_wait_begin	kernel/kernel/workload_evidence.tkb:428@workload_busy_note_tick_locked	-
kernel/kernel/workload_evidence.tkb	341ee53ca73f523429ea2759259e74c4a7e38ead845e5892954370f0dac797a9	293	workload_busy_starve_remaining	mutable	private	usize	-	qemu,rpi5	kernel/kernel/workload_evidence.tkb:299@workload_busy_starve_skips;kernel/kernel/workload_evidence.tkb:329@workload_busy_wait_begin;kernel/kernel/workload_evidence.tkb:429@workload_busy_note_tick_locked;kernel/kernel/workload_evidence.tkb:430@workload_busy_note_tick_locked;kernel/kernel/workload_evidence.tkb:431@workload_busy_note_tick_locked	kernel/kernel/workload_evidence.tkb:329@workload_busy_wait_begin;kernel/kernel/workload_evidence.tkb:430@workload_busy_note_tick_locked	kernel/kernel/workload_evidence.tkb:429@workload_busy_note_tick_locked	-
kernel/kernel/workload_evidence.tkb	341ee53ca73f523429ea2759259e74c4a7e38ead845e5892954370f0dac797a9	471	workload_peer_net_wake_pid	mutable	private	usize	-	qemu,rpi5	kernel/kernel/workload_evidence.tkb:1335@workload_peer_net_wake_progress;kernel/kernel/workload_evidence.tkb:1336@workload_peer_net_wake_progress;kernel/kernel/workload_evidence.tkb:1340@workload_peer_net_wake_progress	kernel/kernel/workload_evidence.tkb:1336@workload_peer_net_wake_progress	kernel/kernel/workload_evidence.tkb:1335@workload_peer_net_wake_progress	-
kernel/kernel/workload_evidence.tkb	341ee53ca73f523429ea2759259e74c4a7e38ead845e5892954370f0dac797a9	472	workload_peer_net_wake_block_requested	mutable	private	bool	-	qemu,rpi5	kernel/kernel/workload_evidence.tkb:1346@workload_peer_net_wake_progress;kernel/kernel/workload_evidence.tkb:1347@workload_peer_net_wake_progress;kernel/kernel/workload_evidence.tkb:1351@workload_peer_net_wake_progress	kernel/kernel/workload_evidence.tkb:1347@workload_peer_net_wake_progress	kernel/kernel/workload_evidence.tkb:1346@workload_peer_net_wake_progress;kernel/kernel/workload_evidence.tkb:1351@workload_peer_net_wake_progress	-
kernel/kernel/workload_evidence.tkb	341ee53ca73f523429ea2759259e74c4a7e38ead845e5892954370f0dac797a9	508	move_cost_open	mutable	private	[MoveCostOpen; KERNEL_MAX_CORES]	-	qemu,rpi5	kernel/kernel/workload_evidence.tkb:1988@workload_move_cost_progress;kernel/kernel/workload_evidence.tkb:1989@workload_move_cost_progress;kernel/kernel/workload_evidence.tkb:1992@workload_move_cost_progress;kernel/kernel/workload_evidence.tkb:1993@workload_move_cost_progress;kernel/kernel/workload_evidence.tkb:1994@workload_move_cost_progress;kernel/kernel/workload_evidence.tkb:2003@workload_move_cost_progress;kernel/kernel/workload_evidence.tkb:2004@workload_move_cost_progress;kernel/kernel/workload_evidence.tkb:2005@workload_move_cost_progress;kernel/kernel/workload_evidence.tkb:2017@workload_move_cost_progress;kernel/kernel/workload_evidence.tkb:2019@workload_move_cost_progress;kernel/kernel/workload_evidence.tkb:2021@workload_move_cost_progress	kernel/kernel/workload_evidence.tkb:1988@workload_move_cost_progress;kernel/kernel/workload_evidence.tkb:1989@workload_move_cost_progress;kernel/kernel/workload_evidence.tkb:1992@workload_move_cost_progress;kernel/kernel/workload_evidence.tkb:1993@workload_move_cost_progress;kernel/kernel/workload_evidence.tkb:1994@workload_move_cost_progress;kernel/kernel/workload_evidence.tkb:2005@workload_move_cost_progress	kernel/kernel/workload_evidence.tkb:2004@workload_move_cost_progress	-
kernel/kernel/workload_evidence.tkb	341ee53ca73f523429ea2759259e74c4a7e38ead845e5892954370f0dac797a9	509	move_cost_records	mutable	private	[MoveCostRecord; MOVE_COST_MAX]	-	qemu,rpi5	kernel/kernel/workload_evidence.tkb:2013@workload_move_cost_progress;kernel/kernel/workload_evidence.tkb:2014@workload_move_cost_progress;kernel/kernel/workload_evidence.tkb:2015@workload_move_cost_progress;kernel/kernel/workload_evidence.tkb:2016@workload_move_cost_progress;kernel/kernel/workload_evidence.tkb:2018@workload_move_cost_progress;kernel/kernel/workload_evidence.tkb:2020@workload_move_cost_progress;kernel/kernel/workload_evidence.tkb:2045@workload_move_cost_report;kernel/kernel/workload_evidence.tkb:2046@workload_move_cost_report;kernel/kernel/workload_evidence.tkb:2051@workload_move_cost_report;kernel/kernel/workload_evidence.tkb:2053@workload_move_cost_report;kernel/kernel/workload_evidence.tkb:2055@workload_move_cost_report;kernel/kernel/workload_evidence.tkb:2057@workload_move_cost_report	kernel/kernel/workload_evidence.tkb:2013@workload_move_cost_progress;kernel/kernel/workload_evidence.tkb:2014@workload_move_cost_progress;kernel/kernel/workload_evidence.tkb:2015@workload_move_cost_progress;kernel/kernel/workload_evidence.tkb:2016@workload_move_cost_progress;kernel/kernel/workload_evidence.tkb:2018@workload_move_cost_progress;kernel/kernel/workload_evidence.tkb:2020@workload_move_cost_progress	-	-
kernel/kernel/workload_evidence.tkb	341ee53ca73f523429ea2759259e74c4a7e38ead845e5892954370f0dac797a9	510	move_cost_stored	mutable	private	usize	-	qemu,rpi5	kernel/kernel/workload_evidence.tkb:2006@workload_move_cost_progress;kernel/kernel/workload_evidence.tkb:2011@workload_move_cost_progress;kernel/kernel/workload_evidence.tkb:2023@workload_move_cost_progress;kernel/kernel/workload_evidence.tkb:2039@workload_move_cost_report	kernel/kernel/workload_evidence.tkb:2023@workload_move_cost_progress	-	-
kernel/kernel/workload_evidence.tkb	341ee53ca73f523429ea2759259e74c4a7e38ead845e5892954370f0dac797a9	511	move_cost_lost	mutable	private	usize	-	qemu,rpi5	kernel/kernel/workload_evidence.tkb:2007@workload_move_cost_progress;kernel/kernel/workload_evidence.tkb:2040@workload_move_cost_report	kernel/kernel/workload_evidence.tkb:2007@workload_move_cost_progress	-	-
kernel/kernel/workload_evidence.tkb	341ee53ca73f523429ea2759259e74c4a7e38ead845e5892954370f0dac797a9	512	move_cost_reported	mutable	private	bool	-	qemu,rpi5	kernel/kernel/workload_evidence.tkb:2034@workload_move_cost_report;kernel/kernel/workload_evidence.tkb:2038@workload_move_cost_report	kernel/kernel/workload_evidence.tkb:2038@workload_move_cost_report	-	-
kernel/kernel/workload_evidence.tkb	341ee53ca73f523429ea2759259e74c4a7e38ead845e5892954370f0dac797a9	522	workload_peer_mutation_pid	mutable	private	usize	-	qemu,rpi5	kernel/kernel/workload_evidence.tkb:1842@workload_peer_mutation_note;kernel/kernel/workload_evidence.tkb:1843@workload_peer_mutation_note;kernel/kernel/workload_evidence.tkb:1963@workload_peer_mutation_report	kernel/kernel/workload_evidence.tkb:1843@workload_peer_mutation_note	-	-
kernel/kernel/workload_evidence.tkb	341ee53ca73f523429ea2759259e74c4a7e38ead845e5892954370f0dac797a9	526	workload_peer_wait_pid	mutable	private	usize	-	qemu,rpi5	kernel/kernel/workload_evidence.tkb:1856@workload_peer_wait_note;kernel/kernel/workload_evidence.tkb:1857@workload_peer_wait_note;kernel/kernel/workload_evidence.tkb:1874@workload_peer_wait_report	kernel/kernel/workload_evidence.tkb:1857@workload_peer_wait_note	-	-
kernel/kernel/workload_evidence.tkb	341ee53ca73f523429ea2759259e74c4a7e38ead845e5892954370f0dac797a9	527	workload_peer_wait_blocked	mutable	private	bool	-	qemu,rpi5	kernel/kernel/workload_evidence.tkb:1858@workload_peer_wait_note;kernel/kernel/workload_evidence.tkb:1862@workload_peer_wait_note;kernel/kernel/workload_evidence.tkb:1875@workload_peer_wait_report	kernel/kernel/workload_evidence.tkb:1858@workload_peer_wait_note;kernel/kernel/workload_evidence.tkb:1862@workload_peer_wait_note	kernel/kernel/workload_evidence.tkb:1875@workload_peer_wait_report	-
kernel/kernel/workload_evidence.tkb	341ee53ca73f523429ea2759259e74c4a7e38ead845e5892954370f0dac797a9	528	workload_peer_wait_reaped	mutable	private	bool	-	qemu,rpi5	kernel/kernel/workload_evidence.tkb:1859@workload_peer_wait_note;kernel/kernel/workload_evidence.tkb:1864@workload_peer_wait_note;kernel/kernel/workload_evidence.tkb:1875@workload_peer_wait_report	kernel/kernel/workload_evidence.tkb:1859@workload_peer_wait_note;kernel/kernel/workload_evidence.tkb:1864@workload_peer_wait_note	kernel/kernel/workload_evidence.tkb:1875@workload_peer_wait_report	-
kernel/kernel/workload_evidence.tkb	341ee53ca73f523429ea2759259e74c4a7e38ead845e5892954370f0dac797a9	529	workload_peer_mutation_seen	mutable	private	usize	-	qemu,rpi5	kernel/kernel/workload_evidence.tkb:1844@workload_peer_mutation_note;kernel/kernel/workload_evidence.tkb:1846@workload_peer_mutation_note;kernel/kernel/workload_evidence.tkb:1964@workload_peer_mutation_report	kernel/kernel/workload_evidence.tkb:1844@workload_peer_mutation_note;kernel/kernel/workload_evidence.tkb:1846@workload_peer_mutation_note	kernel/kernel/workload_evidence.tkb:1964@workload_peer_mutation_report	-
kernel/kernel/workload_evidence.tkb	341ee53ca73f523429ea2759259e74c4a7e38ead845e5892954370f0dac797a9	533	workload_peer_exec_pid	mutable	private	usize	-	qemu,rpi5	kernel/kernel/workload_evidence.tkb:1887@workload_exec_commit_note;kernel/kernel/workload_evidence.tkb:1888@workload_exec_commit_note;kernel/kernel/workload_evidence.tkb:1902@workload_peer_exec_report	kernel/kernel/workload_evidence.tkb:1888@workload_exec_commit_note	-	-
kernel/kernel/workload_evidence.tkb	341ee53ca73f523429ea2759259e74c4a7e38ead845e5892954370f0dac797a9	534	workload_peer_exec_cpu	mutable	private	usize	-	qemu,rpi5	kernel/kernel/workload_evidence.tkb:1891@workload_exec_commit_note;kernel/kernel/workload_evidence.tkb:1903@workload_peer_exec_report	kernel/kernel/workload_evidence.tkb:1891@workload_exec_commit_note	-	-
kernel/kernel/workload_evidence.tkb	341ee53ca73f523429ea2759259e74c4a7e38ead845e5892954370f0dac797a9	535	workload_peer_exec_control	mutable	private	bool	-	qemu,rpi5	kernel/kernel/workload_evidence.tkb:1889@workload_exec_commit_note;kernel/kernel/workload_evidence.tkb:1905@workload_peer_exec_report;kernel/kernel/workload_evidence.tkb:1908@workload_peer_exec_report;kernel/kernel/workload_evidence.tkb:1910@workload_peer_exec_report	kernel/kernel/workload_evidence.tkb:1889@workload_exec_commit_note;kernel/kernel/workload_evidence.tkb:1908@workload_peer_exec_report	kernel/kernel/workload_evidence.tkb:1905@workload_peer_exec_report;kernel/kernel/workload_evidence.tkb:1910@workload_peer_exec_report	-
kernel/kernel/workload_evidence.tkb	341ee53ca73f523429ea2759259e74c4a7e38ead845e5892954370f0dac797a9	538	workload_peer_fork_pid	mutable	private	usize	-	qemu,rpi5	kernel/kernel/workload_evidence.tkb:1925@workload_clone_note;kernel/kernel/workload_evidence.tkb:1926@workload_clone_note;kernel/kernel/workload_evidence.tkb:1940@workload_peer_fork_report	kernel/kernel/workload_evidence.tkb:1926@workload_clone_note	-	-
kernel/kernel/workload_evidence.tkb	341ee53ca73f523429ea2759259e74c4a7e38ead845e5892954370f0dac797a9	539	workload_peer_fork_cpu	mutable	private	usize	-	qemu,rpi5	kernel/kernel/workload_evidence.tkb:1929@workload_clone_note;kernel/kernel/workload_evidence.tkb:1941@workload_peer_fork_report	kernel/kernel/workload_evidence.tkb:1929@workload_clone_note	-	-
kernel/kernel/workload_evidence.tkb	341ee53ca73f523429ea2759259e74c4a7e38ead845e5892954370f0dac797a9	540	workload_peer_fork_control	mutable	private	bool	-	qemu,rpi5	kernel/kernel/workload_evidence.tkb:1927@workload_clone_note;kernel/kernel/workload_evidence.tkb:1943@workload_peer_fork_report;kernel/kernel/workload_evidence.tkb:1946@workload_peer_fork_report;kernel/kernel/workload_evidence.tkb:1948@workload_peer_fork_report	kernel/kernel/workload_evidence.tkb:1927@workload_clone_note;kernel/kernel/workload_evidence.tkb:1946@workload_peer_fork_report	kernel/kernel/workload_evidence.tkb:1943@workload_peer_fork_report;kernel/kernel/workload_evidence.tkb:1948@workload_peer_fork_report	-
kernel/kernel/workload_evidence.tkb	341ee53ca73f523429ea2759259e74c4a7e38ead845e5892954370f0dac797a9	565	workload_profile_cores	mutable	private	[WorkloadProfileCore; KERNEL_MAX_CORES]	-	qemu,rpi5	kernel/kernel/workload_evidence.tkb:569@workload_profile_core_reset;kernel/kernel/workload_evidence.tkb:570@workload_profile_core_reset;kernel/kernel/workload_evidence.tkb:571@workload_profile_core_reset;kernel/kernel/workload_evidence.tkb:572@workload_profile_core_reset;kernel/kernel/workload_evidence.tkb:573@workload_profile_core_reset;kernel/kernel/workload_evidence.tkb:574@workload_profile_core_reset;kernel/kernel/workload_evidence.tkb:575@workload_profile_core_reset;kernel/kernel/workload_evidence.tkb:576@workload_profile_core_reset;kernel/kernel/workload_evidence.tkb:577@workload_profile_core_reset;kernel/kernel/workload_evidence.tkb:578@workload_profile_core_reset;kernel/kernel/workload_evidence.tkb:579@workload_profile_core_reset;kernel/kernel/workload_evidence.tkb:580@workload_profile_core_reset;kernel/kernel/workload_evidence.tkb:581@workload_profile_core_reset;kernel/kernel/workload_evidence.tkb:582@workload_profile_core_reset;kernel/kernel/workload_evidence.tkb:583@workload_profile_core_reset;kernel/kernel/workload_evidence.tkb:584@workload_profile_core_reset;kernel/kernel/workload_evidence.tkb:585@workload_profile_core_reset;kernel/kernel/workload_evidence.tkb:586@workload_profile_core_reset;kernel/kernel/workload_evidence.tkb:591@workload_profile_charge;kernel/kernel/workload_evidence.tkb:592@workload_profile_charge;kernel/kernel/workload_evidence.tkb:595@workload_profile_charge;kernel/kernel/workload_evidence.tkb:596@workload_profile_charge;kernel/kernel/workload_evidence.tkb:598@workload_profile_charge;kernel/kernel/workload_evidence.tkb:599@workload_profile_charge;kernel/kernel/workload_evidence.tkb:602@workload_profile_charge;kernel/kernel/workload_evidence.tkb:603@workload_profile_charge;kernel/kernel/workload_evidence.tkb:606@workload_profile_charge;kernel/kernel/workload_evidence.tkb:607@workload_profile_charge;kernel/kernel/workload_evidence.tkb:610@workload_profile_charge;kernel/kernel/workload_evidence.tkb:611@workload_profile_charge;kernel/kernel/workload_evidence.tkb:614@workload_profile_charge;kernel/kernel/workload_evidence.tkb:634@workload_profile_transition_masked;kernel/kernel/workload_evidence.tkb:667@workload_profile_irq_enter;kernel/kernel/workload_evidence.tkb:668@workload_profile_irq_enter;kernel/kernel/workload_evidence.tkb:680@workload_profile_irq_exit;kernel/kernel/workload_evidence.tkb:697@workload_profile_selected_pid;kernel/kernel/workload_evidence.tkb:698@workload_profile_selected_pid;kernel/kernel/workload_evidence.tkb:712@workload_profile_capture_current_pid;kernel/kernel/workload_evidence.tkb:713@workload_profile_capture_current_pid;kernel/kernel/workload_evidence.tkb:724@workload_profile_note_syscall;kernel/kernel/workload_evidence.tkb:725@workload_profile_note_syscall;kernel/kernel/workload_evidence.tkb:726@workload_profile_note_syscall;kernel/kernel/workload_evidence.tkb:739@workload_profile_syscall_wait;kernel/kernel/workload_evidence.tkb:752@workload_profile_syscall_complete;kernel/kernel/workload_evidence.tkb:763@workload_profile_note_block;kernel/kernel/workload_evidence.tkb:774@workload_profile_note_wakeup;kernel/kernel/workload_evidence.tkb:784@workload_profile_note_block_read;kernel/kernel/workload_evidence.tkb:785@workload_profile_note_block_read;kernel/kernel/workload_evidence.tkb:795@workload_profile_note_block_write;kernel/kernel/workload_evidence.tkb:796@workload_profile_note_block_write;kernel/kernel/workload_evidence.tkb:806@workload_profile_note_network_rx;kernel/kernel/workload_evidence.tkb:807@workload_profile_note_network_rx;kernel/kernel/workload_evidence.tkb:817@workload_profile_note_network_tx;kernel/kernel/workload_evidence.tkb:818@workload_profile_note_network_tx;kernel/kernel/workload_evidence.tkb:839@workload_profile_start;kernel/kernel/workload_evidence.tkb:845@workload_profile_start;kernel/kernel/workload_evidence.tkb:846@workload_profile_start;kernel/kernel/workload_evidence.tkb:857@workload_profile_start;kernel/kernel/workload_evidence.tkb:858@workload_profile_start;kernel/kernel/workload_evidence.tkb:859@workload_profile_start;kernel/kernel/workload_evidence.tkb:860@workload_profile_start;kernel/kernel/workload_evidence.tkb:944@workload_profile_note_selected;kernel/kernel/workload_evidence.tkb:945@workload_profile_note_selected;kernel/kernel/workload_evidence.tkb:946@workload_profile_note_selected;kernel/kernel/workload_evidence.tkb:947@workload_profile_note_selected;kernel/kernel/workload_evidence.tkb:949@workload_profile_note_selected;kernel/kernel/workload_evidence.tkb:950@workload_profile_note_selected;kernel/kernel/workload_evidence.tkb:2278@workload_busy_pair_report;kernel/kernel/workload_evidence.tkb:2280@workload_busy_pair_report;kernel/kernel/workload_evidence.tkb:2282@workload_busy_pair_report;kernel/kernel/workload_evidence.tkb:2284@workload_busy_pair_report;kernel/kernel/workload_evidence.tkb:2286@workload_busy_pair_report;kernel/kernel/workload_evidence.tkb:2288@workload_busy_pair_report;kernel/kernel/workload_evidence.tkb:2290@workload_busy_pair_report;kernel/kernel/workload_evidence.tkb:2292@workload_busy_pair_report;kernel/kernel/workload_evidence.tkb:2294@workload_busy_pair_report;kernel/kernel/workload_evidence.tkb:2296@workload_busy_pair_report;kernel/kernel/workload_evidence.tkb:2298@workload_busy_pair_report;kernel/kernel/workload_evidence.tkb:2300@workload_busy_pair_report	kernel/kernel/workload_evidence.tkb:569@workload_profile_core_reset;kernel/kernel/workload_evidence.tkb:570@workload_profile_core_reset;kernel/kernel/workload_evidence.tkb:571@workload_profile_core_reset;kernel/kernel/workload_evidence.tkb:572@workload_profile_core_reset;kernel/kernel/workload_evidence.tkb:573@workload_profile_core_reset;kernel/kernel/workload_evidence.tkb:574@workload_profile_core_reset;kernel/kernel/workload_evidence.tkb:575@workload_profile_core_reset;kernel/kernel/workload_evidence.tkb:576@workload_profile_core_reset;kernel/kernel/workload_evidence.tkb:577@workload_profile_core_reset;kernel/kernel/workload_evidence.tkb:578@workload_profile_core_reset;kernel/kernel/workload_evidence.tkb:579@workload_profile_core_reset;kernel/kernel/workload_evidence.tkb:580@workload_profile_core_reset;kernel/kernel/workload_evidence.tkb:581@workload_profile_core_reset;kernel/kernel/workload_evidence.tkb:582@workload_profile_core_reset;kernel/kernel/workload_evidence.tkb:583@workload_profile_core_reset;kernel/kernel/workload_evidence.tkb:584@workload_profile_core_reset;kernel/kernel/workload_evidence.tkb:585@workload_profile_core_reset;kernel/kernel/workload_evidence.tkb:586@workload_profile_core_reset;kernel/kernel/workload_evidence.tkb:592@workload_profile_charge;kernel/kernel/workload_evidence.tkb:598@workload_profile_charge;kernel/kernel/workload_evidence.tkb:602@workload_profile_charge;kernel/kernel/workload_evidence.tkb:606@workload_profile_charge;kernel/kernel/workload_evidence.tkb:610@workload_profile_charge;kernel/kernel/workload_evidence.tkb:614@workload_profile_charge;kernel/kernel/workload_evidence.tkb:634@workload_profile_transition_masked;kernel/kernel/workload_evidence.tkb:667@workload_profile_irq_enter;kernel/kernel/workload_evidence.tkb:712@workload_profile_capture_current_pid;kernel/kernel/workload_evidence.tkb:713@workload_profile_capture_current_pid;kernel/kernel/workload_evidence.tkb:725@workload_profile_note_syscall;kernel/kernel/workload_evidence.tkb:739@workload_profile_syscall_wait;kernel/kernel/workload_evidence.tkb:752@workload_profile_syscall_complete;kernel/kernel/workload_evidence.tkb:763@workload_profile_note_block;kernel/kernel/workload_evidence.tkb:774@workload_profile_note_wakeup;kernel/kernel/workload_evidence.tkb:784@workload_profile_note_block_read;kernel/kernel/workload_evidence.tkb:795@workload_profile_note_block_write;kernel/kernel/workload_evidence.tkb:806@workload_profile_note_network_rx;kernel/kernel/workload_evidence.tkb:817@workload_profile_note_network_tx;kernel/kernel/workload_evidence.tkb:839@workload_profile_start;kernel/kernel/workload_evidence.tkb:845@workload_profile_start;kernel/kernel/workload_evidence.tkb:846@workload_profile_start;kernel/kernel/workload_evidence.tkb:857@workload_profile_start;kernel/kernel/workload_evidence.tkb:858@workload_profile_start;kernel/kernel/workload_evidence.tkb:859@workload_profile_start;kernel/kernel/workload_evidence.tkb:860@workload_profile_start;kernel/kernel/workload_evidence.tkb:946@workload_profile_note_selected;kernel/kernel/workload_evidence.tkb:949@workload_profile_note_selected;kernel/kernel/workload_evidence.tkb:950@workload_profile_note_selected	kernel/kernel/workload_evidence.tkb:945@workload_profile_note_selected	-
kernel/kernel/workload_evidence.tkb	341ee53ca73f523429ea2759259e74c4a7e38ead845e5892954370f0dac797a9	566	workload_profile_active	mutable	private	bool	false	qemu,rpi5	kernel/kernel/workload_evidence.tkb:388@workload_busy_wait_note_selected;kernel/kernel/workload_evidence.tkb:411@workload_busy_note_tick;kernel/kernel/workload_evidence.tkb:420@workload_busy_note_tick_locked;kernel/kernel/workload_evidence.tkb:623@workload_profile_transition_masked;kernel/kernel/workload_evidence.tkb:639@workload_profile_transition;kernel/kernel/workload_evidence.tkb:661@workload_profile_irq_enter;kernel/kernel/workload_evidence.tkb:673@workload_profile_irq_exit;kernel/kernel/workload_evidence.tkb:687@workload_profile_current_cpu;kernel/kernel/workload_evidence.tkb:708@workload_profile_capture_current_pid;kernel/kernel/workload_evidence.tkb:862@workload_profile_start;kernel/kernel/workload_evidence.tkb:935@workload_profile_finish	kernel/kernel/workload_evidence.tkb:862@workload_profile_start;kernel/kernel/workload_evidence.tkb:935@workload_profile_finish	-	-
kernel/kernel/workload_evidence.tkb	341ee53ca73f523429ea2759259e74c4a7e38ead845e5892954370f0dac797a9	1590	workload_settings_wake	mutable	private	WorkloadSettingsWake	-	qemu,rpi5	kernel/kernel/workload_evidence.tkb:1598@workload_settings_wake_progress;kernel/kernel/workload_evidence.tkb:1599@workload_settings_wake_progress;kernel/kernel/workload_evidence.tkb:1603@workload_settings_wake_progress;kernel/kernel/workload_evidence.tkb:1604@workload_settings_wake_progress;kernel/kernel/workload_evidence.tkb:1605@workload_settings_wake_progress;kernel/kernel/workload_evidence.tkb:1607@workload_settings_wake_progress;kernel/kernel/workload_evidence.tkb:1613@workload_settings_wake_progress;kernel/kernel/workload_evidence.tkb:1614@workload_settings_wake_progress;kernel/kernel/workload_evidence.tkb:1616@workload_settings_wake_progress;kernel/kernel/workload_evidence.tkb:1619@workload_settings_wake_progress;kernel/kernel/workload_evidence.tkb:1620@workload_settings_wake_progress;kernel/kernel/workload_evidence.tkb:1627@workload_settings_wake_progress;kernel/kernel/workload_evidence.tkb:1628@workload_settings_wake_progress;kernel/kernel/workload_evidence.tkb:1629@workload_settings_wake_progress;kernel/kernel/workload_evidence.tkb:1630@workload_settings_wake_progress;kernel/kernel/workload_evidence.tkb:1631@workload_settings_wake_progress;kernel/kernel/workload_evidence.tkb:1636@workload_settings_wake_progress;kernel/kernel/workload_evidence.tkb:1637@workload_settings_wake_progress;kernel/kernel/workload_evidence.tkb:1638@workload_settings_wake_progress;kernel/kernel/workload_evidence.tkb:1640@workload_settings_wake_progress;kernel/kernel/workload_evidence.tkb:1643@workload_settings_wake_progress;kernel/kernel/workload_evidence.tkb:1645@workload_settings_wake_progress;kernel/kernel/workload_evidence.tkb:1647@workload_settings_wake_progress;kernel/kernel/workload_evidence.tkb:1650@workload_settings_wake_progress;kernel/kernel/workload_evidence.tkb:1662@workload_settings_wake_progress;kernel/kernel/workload_evidence.tkb:1663@workload_settings_wake_progress;kernel/kernel/workload_evidence.tkb:1664@workload_settings_wake_progress;kernel/kernel/workload_evidence.tkb:1667@workload_settings_wake_progress;kernel/kernel/workload_evidence.tkb:1672@workload_settings_wake_progress;kernel/kernel/workload_evidence.tkb:1679@workload_settings_wake_progress	kernel/kernel/workload_evidence.tkb:1599@workload_settings_wake_progress;kernel/kernel/workload_evidence.tkb:1607@workload_settings_wake_progress;kernel/kernel/workload_evidence.tkb:1620@workload_settings_wake_progress;kernel/kernel/workload_evidence.tkb:1630@workload_settings_wake_progress;kernel/kernel/workload_evidence.tkb:1631@workload_settings_wake_progress;kernel/kernel/workload_evidence.tkb:1647@workload_settings_wake_progress;kernel/kernel/workload_evidence.tkb:1667@workload_settings_wake_progress;kernel/kernel/workload_evidence.tkb:1672@workload_settings_wake_progress;kernel/kernel/workload_evidence.tkb:1679@workload_settings_wake_progress	kernel/kernel/workload_evidence.tkb:1604@workload_settings_wake_progress;kernel/kernel/workload_evidence.tkb:1614@workload_settings_wake_progress;kernel/kernel/workload_evidence.tkb:1628@workload_settings_wake_progress;kernel/kernel/workload_evidence.tkb:1629@workload_settings_wake_progress;kernel/kernel/workload_evidence.tkb:1637@workload_settings_wake_progress;kernel/kernel/workload_evidence.tkb:1663@workload_settings_wake_progress;kernel/kernel/workload_evidence.tkb:1664@workload_settings_wake_progress	-
kernel/lib/diagnostic_ring.tkb	58ce4615f0ff3a770f7f7d2604e3755f8b07a083260ea055d3a5e487e38dbab6	61	diagnostic_trace_next	mutable	private	[AtomicWord; DIAGNOSTIC_TRACE_CPUS]	-	qemu,rpi5	kernel/lib/diagnostic_ring.tkb:92@diagnostic_trace_record;kernel/lib/diagnostic_ring.tkb:122@diagnostic_trace_copy_cpu	-	kernel/lib/diagnostic_ring.tkb:92@diagnostic_trace_record;kernel/lib/diagnostic_ring.tkb:122@diagnostic_trace_copy_cpu	-
kernel/lib/diagnostic_ring.tkb	58ce4615f0ff3a770f7f7d2604e3755f8b07a083260ea055d3a5e487e38dbab6	62	diagnostic_trace_records	mutable	private	[DiagnosticEvent; DIAGNOSTIC_TRACE_SLOTS]	-	qemu,rpi5	kernel/lib/diagnostic_ring.tkb:78@diagnostic_trace_slot	-	-	-
kernel/lib/diagnostic_ring.tkb	58ce4615f0ff3a770f7f7d2604e3755f8b07a083260ea055d3a5e487e38dbab6	64	diagnostic_trace_test_enabled	mutable	public	bool	-	qemu,rpi5	kernel/lib/diagnostic_ring.tkb:87@diagnostic_trace_record	-	-	-
kernel/lib/intrusive_pool.tkb	9de200d262f3c555b4b69473f306aa524f2c387da986d566982b8a0840c513d4	629	intrusive_pool_tag_cell	mutable	private	LockedCell(usize)	-	qemu,rpi5	kernel/lib/intrusive_pool.tkb:652@intrusive_pool_mint_tag;kernel/lib/intrusive_pool.tkb:653@intrusive_pool_mint_tag;kernel/lib/intrusive_pool.tkb:656@intrusive_pool_mint_tag;kernel/lib/intrusive_pool.tkb:672@intrusive_pool_tag_counter;kernel/lib/intrusive_pool.tkb:673@intrusive_pool_tag_counter;kernel/lib/intrusive_pool.tkb:675@intrusive_pool_tag_counter;kernel/lib/intrusive_pool.tkb:680@intrusive_pool_tag_counter_restore;kernel/lib/intrusive_pool.tkb:681@intrusive_pool_tag_counter_restore;kernel/lib/intrusive_pool.tkb:683@intrusive_pool_tag_counter_restore	-	kernel/lib/intrusive_pool.tkb:652@intrusive_pool_mint_tag;kernel/lib/intrusive_pool.tkb:653@intrusive_pool_mint_tag;kernel/lib/intrusive_pool.tkb:656@intrusive_pool_mint_tag;kernel/lib/intrusive_pool.tkb:672@intrusive_pool_tag_counter;kernel/lib/intrusive_pool.tkb:673@intrusive_pool_tag_counter;kernel/lib/intrusive_pool.tkb:675@intrusive_pool_tag_counter;kernel/lib/intrusive_pool.tkb:680@intrusive_pool_tag_counter_restore;kernel/lib/intrusive_pool.tkb:681@intrusive_pool_tag_counter_restore;kernel/lib/intrusive_pool.tkb:683@intrusive_pool_tag_counter_restore	-
kernel/lib/occupancy.tkb	9d5d6dd5c1470c2d8bc4971a246d1b2082519f45fdb934c2986d6e6e0cd6f39e	150	kernel_world_stop	mutable	public	WorldStop	-	qemu,rpi5	kernel/arch/arm64/kernel/exception_evidence.tkb:2533@kernel_ddb_enter;kernel/arch/arm64/kernel/exception_evidence.tkb:2543@kernel_ddb_enter;kernel/arch/arm64/kernel/exception_evidence.tkb:2548@kernel_ddb_enter;kernel/arch/arm64/kernel/exception_evidence.tkb:2836@crash_world_stop;kernel/arch/arm64/kernel/exception_evidence.tkb:2845@crash_world_stop;kernel/kernel/occupancy_drain_evidence.tkb:255@world_stop_probe;kernel/kernel/occupancy_drain_evidence.tkb:258@world_stop_probe;kernel/kernel/occupancy_drain_evidence.tkb:268@world_stop_probe;kernel/kernel/occupancy_drain_evidence.tkb:282@world_stop_probe;kernel/kernel/occupancy_drain_evidence.tkb:285@world_stop_probe;kernel/kernel/occupancy_drain_evidence.tkb:290@world_stop_probe;kernel/kernel/occupancy_drain_evidence.tkb:300@world_stop_probe;kernel/kernel/occupancy_drain_evidence.tkb:303@world_stop_probe;kernel/kernel/occupancy_drain_evidence.tkb:307@world_stop_probe;kernel/kernel/occupancy_drain_evidence.tkb:310@world_stop_probe;kernel/kernel/occupancy_drain_evidence.tkb:313@world_stop_probe;kernel/kernel/occupancy_drain_evidence.tkb:316@world_stop_probe;kernel/kernel/occupancy_drain_evidence.tkb:395@world_stop_peer_probe_secondary_run;kernel/kernel/occupancy_drain_evidence.tkb:398@world_stop_peer_probe_secondary_run;kernel/kernel/occupancy_drain_evidence.tkb:402@world_stop_peer_probe_secondary_run;kernel/kernel/process.tkb:5476@kernel_process_secondary_start_reserved;kernel/kernel/process.tkb:5488@kernel_process_secondary_start_reserved;kernel/kernel/process.tkb:5499@kernel_process_secondary_start_reserved;kernel/kernel/process.tkb:5684@kernel_process_schedule_reserved;kernel/kernel/process.tkb:5691@kernel_process_schedule_reserved;kernel/kernel/process.tkb:5697@kernel_process_schedule_reserved;kernel/kernel/process.tkb:5796@kernel_process_activate_current_root;kernel/kernel/process.tkb:5802@kernel_process_activate_current_root;kernel/kernel/process.tkb:5807@kernel_process_activate_current_root;kernel/kernel/process.tkb:5882@kernel_process_activate_stable_root;kernel/kernel/process.tkb:5891@kernel_process_activate_stable_root;kernel/kernel/process.tkb:5898@kernel_process_activate_stable_root;kernel/kernel/process.tkb:6946@kernel_process_block_reserved;kernel/kernel/process.tkb:6953@kernel_process_block_reserved;kernel/kernel/process.tkb:6959@kernel_process_block_reserved;kernel/kernel/process.tkb:9375@kernel_process_exit_reserved;kernel/kernel/process.tkb:9382@kernel_process_exit_reserved;kernel/kernel/process.tkb:9388@kernel_process_exit_reserved;kernel/kernel/syscall.tkb:4992@syscall_system_stop;kernel/kernel/syscall.tkb:4996@syscall_system_stop;kernel/kernel/workload_evidence.tkb:1739@workload_busy_start_profile;kernel/kernel/workload_evidence.tkb:1747@workload_busy_start_profile;kernel/kernel/workload_evidence.tkb:1781@workload_busy_start_profile;kernel/kernel/workload_evidence.tkb:2094@workload_busy_record_progress;kernel/kernel/workload_evidence.tkb:2102@workload_busy_record_progress;kernel/kernel/workload_evidence.tkb:2122@workload_busy_record_progress;kernel/lib/occupancy.tkb:158@world_stop_interrupt_hold;kernel/lib/occupancy.tkb:294@world_stop_reporter_word;kernel/lib/occupancy.tkb:306@world_stop_reporter_ack;kernel/mm/address_space.tkb:1489@address_space_asid_rollover_probe;kernel/mm/address_space.tkb:1493@address_space_asid_rollover_probe;kernel/mm/address_space.tkb:1500@address_space_asid_rollover_probe	-	kernel/arch/arm64/kernel/exception_evidence.tkb:2533@kernel_ddb_enter;kernel/arch/arm64/kernel/exception_evidence.tkb:2543@kernel_ddb_enter;kernel/arch/arm64/kernel/exception_evidence.tkb:2548@kernel_ddb_enter;kernel/arch/arm64/kernel/exception_evidence.tkb:2836@crash_world_stop;kernel/arch/arm64/kernel/exception_evidence.tkb:2845@crash_world_stop;kernel/kernel/occupancy_drain_evidence.tkb:255@world_stop_probe;kernel/kernel/occupancy_drain_evidence.tkb:258@world_stop_probe;kernel/kernel/occupancy_drain_evidence.tkb:268@world_stop_probe;kernel/kernel/occupancy_drain_evidence.tkb:282@world_stop_probe;kernel/kernel/occupancy_drain_evidence.tkb:285@world_stop_probe;kernel/kernel/occupancy_drain_evidence.tkb:290@world_stop_probe;kernel/kernel/occupancy_drain_evidence.tkb:300@world_stop_probe;kernel/kernel/occupancy_drain_evidence.tkb:303@world_stop_probe;kernel/kernel/occupancy_drain_evidence.tkb:307@world_stop_probe;kernel/kernel/occupancy_drain_evidence.tkb:310@world_stop_probe;kernel/kernel/occupancy_drain_evidence.tkb:313@world_stop_probe;kernel/kernel/occupancy_drain_evidence.tkb:316@world_stop_probe;kernel/kernel/occupancy_drain_evidence.tkb:395@world_stop_peer_probe_secondary_run;kernel/kernel/occupancy_drain_evidence.tkb:398@world_stop_peer_probe_secondary_run;kernel/kernel/occupancy_drain_evidence.tkb:402@world_stop_peer_probe_secondary_run;kernel/kernel/process.tkb:5476@kernel_process_secondary_start_reserved;kernel/kernel/process.tkb:5488@kernel_process_secondary_start_reserved;kernel/kernel/process.tkb:5499@kernel_process_secondary_start_reserved;kernel/kernel/process.tkb:5684@kernel_process_schedule_reserved;kernel/kernel/process.tkb:5691@kernel_process_schedule_reserved;kernel/kernel/process.tkb:5697@kernel_process_schedule_reserved;kernel/kernel/process.tkb:5796@kernel_process_activate_current_root;kernel/kernel/process.tkb:5802@kernel_process_activate_current_root;kernel/kernel/process.tkb:5807@kernel_process_activate_current_root;kernel/kernel/process.tkb:5882@kernel_process_activate_stable_root;kernel/kernel/process.tkb:5891@kernel_process_activate_stable_root;kernel/kernel/process.tkb:5898@kernel_process_activate_stable_root;kernel/kernel/process.tkb:6946@kernel_process_block_reserved;kernel/kernel/process.tkb:6953@kernel_process_block_reserved;kernel/kernel/process.tkb:6959@kernel_process_block_reserved;kernel/kernel/process.tkb:9375@kernel_process_exit_reserved;kernel/kernel/process.tkb:9382@kernel_process_exit_reserved;kernel/kernel/process.tkb:9388@kernel_process_exit_reserved;kernel/kernel/syscall.tkb:4992@syscall_system_stop;kernel/kernel/syscall.tkb:4996@syscall_system_stop;kernel/kernel/workload_evidence.tkb:1739@workload_busy_start_profile;kernel/kernel/workload_evidence.tkb:1747@workload_busy_start_profile;kernel/kernel/workload_evidence.tkb:1781@workload_busy_start_profile;kernel/kernel/workload_evidence.tkb:2094@workload_busy_record_progress;kernel/kernel/workload_evidence.tkb:2102@workload_busy_record_progress;kernel/kernel/workload_evidence.tkb:2122@workload_busy_record_progress;kernel/lib/occupancy.tkb:158@world_stop_interrupt_hold;kernel/lib/occupancy.tkb:294@world_stop_reporter_word;kernel/lib/occupancy.tkb:306@world_stop_reporter_ack;kernel/mm/address_space.tkb:1489@address_space_asid_rollover_probe;kernel/mm/address_space.tkb:1493@address_space_asid_rollover_probe;kernel/mm/address_space.tkb:1500@address_space_asid_rollover_probe	kernel/arch/arm64/kernel/exception_evidence.tkb:2533@kernel_ddb_enter;kernel/arch/arm64/kernel/exception_evidence.tkb:2543@kernel_ddb_enter;kernel/arch/arm64/kernel/exception_evidence.tkb:2548@kernel_ddb_enter;kernel/arch/arm64/kernel/exception_evidence.tkb:2836@crash_world_stop;kernel/arch/arm64/kernel/exception_evidence.tkb:2845@crash_world_stop;kernel/kernel/occupancy_drain_evidence.tkb:255@world_stop_probe;kernel/kernel/occupancy_drain_evidence.tkb:258@world_stop_probe;kernel/kernel/occupancy_drain_evidence.tkb:268@world_stop_probe;kernel/kernel/occupancy_drain_evidence.tkb:282@world_stop_probe;kernel/kernel/occupancy_drain_evidence.tkb:285@world_stop_probe;kernel/kernel/occupancy_drain_evidence.tkb:290@world_stop_probe;kernel/kernel/occupancy_drain_evidence.tkb:300@world_stop_probe;kernel/kernel/occupancy_drain_evidence.tkb:303@world_stop_probe;kernel/kernel/occupancy_drain_evidence.tkb:307@world_stop_probe;kernel/kernel/occupancy_drain_evidence.tkb:310@world_stop_probe;kernel/kernel/occupancy_drain_evidence.tkb:313@world_stop_probe;kernel/kernel/occupancy_drain_evidence.tkb:316@world_stop_probe;kernel/kernel/occupancy_drain_evidence.tkb:395@world_stop_peer_probe_secondary_run;kernel/kernel/occupancy_drain_evidence.tkb:398@world_stop_peer_probe_secondary_run;kernel/kernel/occupancy_drain_evidence.tkb:402@world_stop_peer_probe_secondary_run;kernel/kernel/process.tkb:5476@kernel_process_secondary_start_reserved;kernel/kernel/process.tkb:5488@kernel_process_secondary_start_reserved;kernel/kernel/process.tkb:5499@kernel_process_secondary_start_reserved;kernel/kernel/process.tkb:5684@kernel_process_schedule_reserved;kernel/kernel/process.tkb:5691@kernel_process_schedule_reserved;kernel/kernel/process.tkb:5697@kernel_process_schedule_reserved;kernel/kernel/process.tkb:5796@kernel_process_activate_current_root;kernel/kernel/process.tkb:5802@kernel_process_activate_current_root;kernel/kernel/process.tkb:5807@kernel_process_activate_current_root;kernel/kernel/process.tkb:5882@kernel_process_activate_stable_root;kernel/kernel/process.tkb:5891@kernel_process_activate_stable_root;kernel/kernel/process.tkb:5898@kernel_process_activate_stable_root;kernel/kernel/process.tkb:6946@kernel_process_block_reserved;kernel/kernel/process.tkb:6953@kernel_process_block_reserved;kernel/kernel/process.tkb:6959@kernel_process_block_reserved;kernel/kernel/process.tkb:9375@kernel_process_exit_reserved;kernel/kernel/process.tkb:9382@kernel_process_exit_reserved;kernel/kernel/process.tkb:9388@kernel_process_exit_reserved;kernel/kernel/syscall.tkb:4992@syscall_system_stop;kernel/kernel/syscall.tkb:4996@syscall_system_stop;kernel/kernel/workload_evidence.tkb:1739@workload_busy_start_profile;kernel/kernel/workload_evidence.tkb:1747@workload_busy_start_profile;kernel/kernel/workload_evidence.tkb:1781@workload_busy_start_profile;kernel/kernel/workload_evidence.tkb:2094@workload_busy_record_progress;kernel/kernel/workload_evidence.tkb:2102@workload_busy_record_progress;kernel/kernel/workload_evidence.tkb:2122@workload_busy_record_progress;kernel/mm/address_space.tkb:1489@address_space_asid_rollover_probe;kernel/mm/address_space.tkb:1493@address_space_asid_rollover_probe;kernel/mm/address_space.tkb:1500@address_space_asid_rollover_probe
kernel/mm/address_space.tkb	85a03e60fa81ad778b6a2587762d242c2bfc5606fcbdfdccb6da74b12ca030e9	81	address_space_backing_pool	mutable	private	RegionPool(AddressSpaceBacking)	-	qemu,rpi5	kernel/mm/address_space.tkb:137@address_space_live_count;kernel/mm/address_space.tkb:228@address_space_backing_slot_free;kernel/mm/address_space.tkb:276@address_space_backing_release;kernel/mm/address_space.tkb:330@address_space_backing_ensure;kernel/mm/address_space.tkb:335@address_space_backing_ensure;kernel/mm/address_space.tkb:345@address_space_backing_ensure;kernel/mm/address_space.tkb:455@address_space_backing_read_checked;kernel/mm/address_space.tkb:489@address_space_backing_write;kernel/mm/address_space.tkb:1560@address_space_pool_space_stats	-	kernel/mm/address_space.tkb:137@address_space_live_count;kernel/mm/address_space.tkb:228@address_space_backing_slot_free;kernel/mm/address_space.tkb:276@address_space_backing_release;kernel/mm/address_space.tkb:330@address_space_backing_ensure;kernel/mm/address_space.tkb:335@address_space_backing_ensure;kernel/mm/address_space.tkb:345@address_space_backing_ensure;kernel/mm/address_space.tkb:455@address_space_backing_read_checked;kernel/mm/address_space.tkb:489@address_space_backing_write;kernel/mm/address_space.tkb:1560@address_space_pool_space_stats	-
kernel/mm/address_space.tkb	85a03e60fa81ad778b6a2587762d242c2bfc5606fcbdfdccb6da74b12ca030e9	89	address_space_backing_missing_count	mutable	private	[usize; KERNEL_MAX_CORES]	-	qemu,rpi5	kernel/mm/address_space.tkb:173@address_space_backing_missing_uses;kernel/mm/address_space.tkb:181@address_space_backing_missing_note;kernel/mm/address_space.tkb:182@address_space_backing_missing_note;kernel/mm/address_space.tkb:185@address_space_backing_missing_note;kernel/mm/address_space.tkb:186@address_space_backing_missing_note	kernel/mm/address_space.tkb:181@address_space_backing_missing_note;kernel/mm/address_space.tkb:185@address_space_backing_missing_note	-	-
kernel/mm/address_space.tkb	85a03e60fa81ad778b6a2587762d242c2bfc5606fcbdfdccb6da74b12ca030e9	112	address_space_active_slot	mutable	private	[usize; KERNEL_MAX_CORES]	-	qemu,rpi5	kernel/mm/address_space.tkb:115@address_space_active_slot_here;kernel/mm/address_space.tkb:122@address_space_set_active_slot_here	-	-	-
kernel/mm/address_space.tkb	85a03e60fa81ad778b6a2587762d242c2bfc5606fcbdfdccb6da74b12ca030e9	414	address_space_backing_root0	mutable	private	AddressSpaceBacking	-	qemu,rpi5	kernel/mm/address_space.tkb:448@address_space_backing_read_checked;kernel/mm/address_space.tkb:449@address_space_backing_read_checked;kernel/mm/address_space.tkb:450@address_space_backing_read_checked;kernel/mm/address_space.tkb:451@address_space_backing_read_checked;kernel/mm/address_space.tkb:452@address_space_backing_read_checked;kernel/mm/address_space.tkb:482@address_space_backing_write;kernel/mm/address_space.tkb:483@address_space_backing_write;kernel/mm/address_space.tkb:484@address_space_backing_write;kernel/mm/address_space.tkb:485@address_space_backing_write;kernel/mm/address_space.tkb:486@address_space_backing_write;kernel/mm/address_space.tkb:691@address_space_allocate_boot_root;kernel/mm/address_space.tkb:692@address_space_allocate_boot_root;kernel/mm/address_space.tkb:693@address_space_allocate_boot_root;kernel/mm/address_space.tkb:694@address_space_allocate_boot_root;kernel/mm/address_space.tkb:695@address_space_allocate_boot_root;kernel/mm/address_space.tkb:712@address_space_ensure_boot_root;kernel/mm/address_space.tkb:1199@kernel_mmu_init;kernel/mm/address_space.tkb:1200@kernel_mmu_init;kernel/mm/address_space.tkb:1204@kernel_mmu_init_secondary;kernel/mm/address_space.tkb:1205@kernel_mmu_init_secondary	kernel/mm/address_space.tkb:482@address_space_backing_write;kernel/mm/address_space.tkb:483@address_space_backing_write;kernel/mm/address_space.tkb:484@address_space_backing_write;kernel/mm/address_space.tkb:485@address_space_backing_write;kernel/mm/address_space.tkb:486@address_space_backing_write;kernel/mm/address_space.tkb:691@address_space_allocate_boot_root;kernel/mm/address_space.tkb:692@address_space_allocate_boot_root;kernel/mm/address_space.tkb:693@address_space_allocate_boot_root;kernel/mm/address_space.tkb:694@address_space_allocate_boot_root;kernel/mm/address_space.tkb:695@address_space_allocate_boot_root	-	-
kernel/mm/page.tkb	4080341a5108c18f82d652f3750b3e5a5e26f5602f2c6dce5c950033ec903d28	273	boot_page_pool_cell	mutable	private	LockedCell(BootPagePool)	-	qemu,rpi5	kernel/mm/page.tkb:78@page_ddb_kernel_address_readable;kernel/mm/page.tkb:515@page_alloc_contiguous;kernel/mm/page.tkb:516@page_alloc_contiguous;kernel/mm/page.tkb:519@page_alloc_contiguous;kernel/mm/page.tkb:614@page_run_free;kernel/mm/page.tkb:615@page_run_free;kernel/mm/page.tkb:617@page_run_free;kernel/mm/page.tkb:638@page_run_transferred_release_physical;kernel/mm/page.tkb:639@page_run_transferred_release_physical;kernel/mm/page.tkb:646@page_run_transferred_release_physical;kernel/mm/page.tkb:654@page_run_reclaim_transferred_physical;kernel/mm/page.tkb:655@page_run_reclaim_transferred_physical;kernel/mm/page.tkb:668@page_run_reclaim_transferred_physical;kernel/mm/page.tkb:719@page_allocator_init;kernel/mm/page.tkb:750@page_allocator_apply_memory;kernel/mm/page.tkb:940@page_discontiguous_extent_probe;kernel/mm/page.tkb:941@page_discontiguous_extent_probe;kernel/mm/page.tkb:944@page_discontiguous_extent_probe;kernel/mm/page.tkb:1195@page_alloc_boot;kernel/mm/page.tkb:1200@page_free_boot;kernel/mm/page.tkb:1209@page_alloc;kernel/mm/page.tkb:1210@page_alloc;kernel/mm/page.tkb:1212@page_alloc;kernel/mm/page.tkb:1263@page_free;kernel/mm/page.tkb:1264@page_free;kernel/mm/page.tkb:1266@page_free;kernel/mm/page.tkb:1308@page_copy_mapped_physical;kernel/mm/page.tkb:1309@page_copy_mapped_physical;kernel/mm/page.tkb:1314@page_copy_mapped_physical;kernel/mm/page.tkb:1336@page_mapping_install;kernel/mm/page.tkb:1337@page_mapping_install;kernel/mm/page.tkb:1339@page_mapping_install;kernel/mm/page.tkb:1405@page_mapping_retain_physical;kernel/mm/page.tkb:1406@page_mapping_retain_physical;kernel/mm/page.tkb:1409@page_mapping_retain_physical;kernel/mm/page.tkb:1537@page_mapping_refcount_set_probe;kernel/mm/page.tkb:1538@page_mapping_refcount_set_probe;kernel/mm/page.tkb:1543@page_mapping_refcount_set_probe;kernel/mm/page.tkb:1547@page_mapping_refcount_physical;kernel/mm/page.tkb:1548@page_mapping_refcount_physical;kernel/mm/page.tkb:1550@page_mapping_refcount_physical;kernel/mm/page.tkb:1576@page_mapping_release_physical;kernel/mm/page.tkb:1577@page_mapping_release_physical;kernel/mm/page.tkb:1595@page_mapping_release_physical;kernel/mm/page.tkb:1623@page_transferred_release_physical;kernel/mm/page.tkb:1624@page_transferred_release_physical;kernel/mm/page.tkb:1631@page_transferred_release_physical;kernel/mm/page.tkb:1642@page_owner_tag_at;kernel/mm/page.tkb:1643@page_owner_tag_at;kernel/mm/page.tkb:1645@page_owner_tag_at;kernel/mm/page.tkb:1670@page_owner_description;kernel/mm/page.tkb:1671@page_owner_description;kernel/mm/page.tkb:1673@page_owner_description;kernel/mm/page.tkb:1680@page_owner_tag_at_reporter;kernel/mm/page.tkb:1685@page_owner_description_reporter;kernel/mm/page.tkb:1741@page_allocator_total_count;kernel/mm/page.tkb:1742@page_allocator_total_count;kernel/mm/page.tkb:1744@page_allocator_total_count;kernel/mm/page.tkb:1766@page_allocator_counts_reporter;kernel/mm/page.tkb:1776@page_allocator_live_count;kernel/mm/page.tkb:1777@page_allocator_live_count;kernel/mm/page.tkb:1779@page_allocator_live_count;kernel/mm/page.tkb:1802@page_allocator_double_free_count;kernel/mm/page.tkb:1803@page_allocator_double_free_count;kernel/mm/page.tkb:1805@page_allocator_double_free_count	-	kernel/mm/page.tkb:78@page_ddb_kernel_address_readable;kernel/mm/page.tkb:515@page_alloc_contiguous;kernel/mm/page.tkb:516@page_alloc_contiguous;kernel/mm/page.tkb:519@page_alloc_contiguous;kernel/mm/page.tkb:614@page_run_free;kernel/mm/page.tkb:615@page_run_free;kernel/mm/page.tkb:617@page_run_free;kernel/mm/page.tkb:638@page_run_transferred_release_physical;kernel/mm/page.tkb:639@page_run_transferred_release_physical;kernel/mm/page.tkb:646@page_run_transferred_release_physical;kernel/mm/page.tkb:654@page_run_reclaim_transferred_physical;kernel/mm/page.tkb:655@page_run_reclaim_transferred_physical;kernel/mm/page.tkb:668@page_run_reclaim_transferred_physical;kernel/mm/page.tkb:719@page_allocator_init;kernel/mm/page.tkb:750@page_allocator_apply_memory;kernel/mm/page.tkb:940@page_discontiguous_extent_probe;kernel/mm/page.tkb:941@page_discontiguous_extent_probe;kernel/mm/page.tkb:944@page_discontiguous_extent_probe;kernel/mm/page.tkb:1195@page_alloc_boot;kernel/mm/page.tkb:1200@page_free_boot;kernel/mm/page.tkb:1209@page_alloc;kernel/mm/page.tkb:1210@page_alloc;kernel/mm/page.tkb:1212@page_alloc;kernel/mm/page.tkb:1263@page_free;kernel/mm/page.tkb:1264@page_free;kernel/mm/page.tkb:1266@page_free;kernel/mm/page.tkb:1308@page_copy_mapped_physical;kernel/mm/page.tkb:1309@page_copy_mapped_physical;kernel/mm/page.tkb:1314@page_copy_mapped_physical;kernel/mm/page.tkb:1336@page_mapping_install;kernel/mm/page.tkb:1337@page_mapping_install;kernel/mm/page.tkb:1339@page_mapping_install;kernel/mm/page.tkb:1405@page_mapping_retain_physical;kernel/mm/page.tkb:1406@page_mapping_retain_physical;kernel/mm/page.tkb:1409@page_mapping_retain_physical;kernel/mm/page.tkb:1537@page_mapping_refcount_set_probe;kernel/mm/page.tkb:1538@page_mapping_refcount_set_probe;kernel/mm/page.tkb:1543@page_mapping_refcount_set_probe;kernel/mm/page.tkb:1547@page_mapping_refcount_physical;kernel/mm/page.tkb:1548@page_mapping_refcount_physical;kernel/mm/page.tkb:1550@page_mapping_refcount_physical;kernel/mm/page.tkb:1576@page_mapping_release_physical;kernel/mm/page.tkb:1577@page_mapping_release_physical;kernel/mm/page.tkb:1595@page_mapping_release_physical;kernel/mm/page.tkb:1623@page_transferred_release_physical;kernel/mm/page.tkb:1624@page_transferred_release_physical;kernel/mm/page.tkb:1631@page_transferred_release_physical;kernel/mm/page.tkb:1642@page_owner_tag_at;kernel/mm/page.tkb:1643@page_owner_tag_at;kernel/mm/page.tkb:1645@page_owner_tag_at;kernel/mm/page.tkb:1670@page_owner_description;kernel/mm/page.tkb:1671@page_owner_description;kernel/mm/page.tkb:1673@page_owner_description;kernel/mm/page.tkb:1680@page_owner_tag_at_reporter;kernel/mm/page.tkb:1685@page_owner_description_reporter;kernel/mm/page.tkb:1741@page_allocator_total_count;kernel/mm/page.tkb:1742@page_allocator_total_count;kernel/mm/page.tkb:1744@page_allocator_total_count;kernel/mm/page.tkb:1766@page_allocator_counts_reporter;kernel/mm/page.tkb:1776@page_allocator_live_count;kernel/mm/page.tkb:1777@page_allocator_live_count;kernel/mm/page.tkb:1779@page_allocator_live_count;kernel/mm/page.tkb:1802@page_allocator_double_free_count;kernel/mm/page.tkb:1803@page_allocator_double_free_count;kernel/mm/page.tkb:1805@page_allocator_double_free_count	-
kernel/mm/page.tkb	4080341a5108c18f82d652f3750b3e5a5e26f5602f2c6dce5c950033ec903d28	1373	page_mapping_ref_bound_breaks_cell	mutable	private	LockedCell(usize)	-	qemu,rpi5	kernel/mm/page.tkb:1376@page_mapping_ref_bound_breaks_count;kernel/mm/page.tkb:1378@page_mapping_ref_bound_breaks_count;kernel/mm/page.tkb:1380@page_mapping_ref_bound_breaks_count;kernel/mm/page.tkb:1389@page_mapping_ref_bound_break;kernel/mm/page.tkb:1391@page_mapping_ref_bound_break;kernel/mm/page.tkb:1393@page_mapping_ref_bound_break	-	kernel/mm/page.tkb:1376@page_mapping_ref_bound_breaks_count;kernel/mm/page.tkb:1378@page_mapping_ref_bound_breaks_count;kernel/mm/page.tkb:1380@page_mapping_ref_bound_breaks_count;kernel/mm/page.tkb:1389@page_mapping_ref_bound_break;kernel/mm/page.tkb:1391@page_mapping_ref_bound_break;kernel/mm/page.tkb:1393@page_mapping_ref_bound_break	-
kernel/mm/process_image.tkb	58e79dadd93f19e91b5da75687b3321133add64c8087ef5a872a23613b956c44	14	process_image_zero_page	mutable	private	[u8; PAGE_SIZE]	-	qemu,rpi5	kernel/mm/process_image.tkb:1873@process_image_load_page;kernel/mm/process_image.tkb:1910@process_image_load_page;kernel/mm/process_image.tkb:1954@process_image_load_page_ext2;kernel/mm/process_image.tkb:2001@process_image_load_page_ext2	-	-	-
kernel/mm/process_image.tkb	58e79dadd93f19e91b5da75687b3321133add64c8087ef5a872a23613b956c44	37	process_image_contexts	mutable	private	[ProcessImageContext; KERNEL_MAX_CORES]	-	qemu,rpi5	kernel/mm/process_image.tkb:41@process_image_context_here;kernel/mm/process_image.tkb:42@process_image_context_here	-	kernel/mm/process_image.tkb:41@process_image_context_here;kernel/mm/process_image.tkb:42@process_image_context_here	-
kernel/mm/process_image.tkb	58e79dadd93f19e91b5da75687b3321133add64c8087ef5a872a23613b956c44	72	clone_last_reaped_count	mutable	private	[usize; KERNEL_MAX_CORES]	-	qemu,rpi5	kernel/mm/process_image.tkb:1176@process_image_clone_vm_reap	-	-	-
kernel/mm/process_image.tkb	58e79dadd93f19e91b5da75687b3321133add64c8087ef5a872a23613b956c44	155	process_image_pool	mutable	private	RegionPool(ProcessImageRecord)	-	qemu,rpi5	kernel/mm/process_image.tkb:204@process_image_record_live_count;kernel/mm/process_image.tkb:232@process_image_record_slot_free;kernel/mm/process_image.tkb:303@process_image_record_read;kernel/mm/process_image.tkb:343@process_image_set_active_page_count;kernel/mm/process_image.tkb:363@process_image_set_stack_lowest_l3;kernel/mm/process_image.tkb:383@process_image_set_stack_growth_active;kernel/mm/process_image.tkb:403@process_image_set_stack_top_page;kernel/mm/process_image.tkb:417@process_image_set_stack_low_page;kernel/mm/process_image.tkb:431@process_image_set_heap_page_count;kernel/mm/process_image.tkb:445@process_image_set_exec_image_installed;kernel/mm/process_image.tkb:465@process_image_set_exec_image_page_count;kernel/mm/process_image.tkb:485@process_image_set_clone_vm_outstanding;kernel/mm/process_image.tkb:499@process_image_set_clone_vm_source_root;kernel/mm/process_image.tkb:513@process_image_set_clone_vm_page_count;kernel/mm/process_image.tkb:562@process_image_record_ensure;kernel/mm/process_image.tkb:569@process_image_record_ensure;kernel/mm/process_image.tkb:573@process_image_record_ensure;kernel/mm/process_image.tkb:582@process_image_record_ensure;kernel/mm/process_image.tkb:644@process_image_record_release_words;kernel/mm/process_image.tkb:1584@process_image_exec_teardown;kernel/mm/process_image.tkb:1590@process_image_exec_teardown;kernel/mm/process_image.tkb:1592@process_image_exec_teardown;kernel/mm/process_image.tkb:1602@process_image_exec_teardown;kernel/mm/process_image.tkb:1604@process_image_exec_teardown;kernel/mm/process_image.tkb:1606@process_image_exec_teardown;kernel/mm/process_image.tkb:2656@process_image_active_page_count_words;kernel/mm/process_image.tkb:2727@process_image_pool_space_stats	-	kernel/mm/process_image.tkb:204@process_image_record_live_count;kernel/mm/process_image.tkb:232@process_image_record_slot_free;kernel/mm/process_image.tkb:303@process_image_record_read;kernel/mm/process_image.tkb:343@process_image_set_active_page_count;kernel/mm/process_image.tkb:363@process_image_set_stack_lowest_l3;kernel/mm/process_image.tkb:383@process_image_set_stack_growth_active;kernel/mm/process_image.tkb:403@process_image_set_stack_top_page;kernel/mm/process_image.tkb:417@process_image_set_stack_low_page;kernel/mm/process_image.tkb:431@process_image_set_heap_page_count;kernel/mm/process_image.tkb:445@process_image_set_exec_image_installed;kernel/mm/process_image.tkb:465@process_image_set_exec_image_page_count;kernel/mm/process_image.tkb:485@process_image_set_clone_vm_outstanding;kernel/mm/process_image.tkb:499@process_image_set_clone_vm_source_root;kernel/mm/process_image.tkb:513@process_image_set_clone_vm_page_count;kernel/mm/process_image.tkb:562@process_image_record_ensure;kernel/mm/process_image.tkb:569@process_image_record_ensure;kernel/mm/process_image.tkb:573@process_image_record_ensure;kernel/mm/process_image.tkb:582@process_image_record_ensure;kernel/mm/process_image.tkb:644@process_image_record_release_words;kernel/mm/process_image.tkb:1584@process_image_exec_teardown;kernel/mm/process_image.tkb:1590@process_image_exec_teardown;kernel/mm/process_image.tkb:1592@process_image_exec_teardown;kernel/mm/process_image.tkb:1602@process_image_exec_teardown;kernel/mm/process_image.tkb:1604@process_image_exec_teardown;kernel/mm/process_image.tkb:1606@process_image_exec_teardown;kernel/mm/process_image.tkb:2656@process_image_active_page_count_words;kernel/mm/process_image.tkb:2727@process_image_pool_space_stats	-
kernel/mm/process_image.tkb	58e79dadd93f19e91b5da75687b3321133add64c8087ef5a872a23613b956c44	165	process_image_record_missing_count	mutable	private	[usize; KERNEL_MAX_CORES]	-	qemu,rpi5	kernel/mm/process_image.tkb:169@process_image_record_missing_note;kernel/mm/process_image.tkb:180@process_image_record_missing_uses	-	-	-
kernel/mm/process_image.tkb	58e79dadd93f19e91b5da75687b3321133add64c8087ef5a872a23613b956c44	717	process_image_root_unset_count	mutable	private	[usize; KERNEL_MAX_CORES]	-	qemu,rpi5	kernel/mm/process_image.tkb:734@process_image_root_unset_uses;kernel/mm/process_image.tkb:783@process_image_target_root_result;kernel/mm/process_image.tkb:1327@process_image_clone_growth_probe	-	-	-
kernel/mm/process_image.tkb	58e79dadd93f19e91b5da75687b3321133add64c8087ef5a872a23613b956c44	719	process_image_root_stale_count	mutable	private	[usize; KERNEL_MAX_CORES]	-	qemu,rpi5	kernel/mm/process_image.tkb:740@process_image_root_stale_fallback_uses;kernel/mm/process_image.tkb:792@process_image_target_root_result	-	-	-
kernel/mm/process_image.tkb	58e79dadd93f19e91b5da75687b3321133add64c8087ef5a872a23613b956c44	1537	process_image_exec_reap_count	mutable	private	usize	-	qemu,rpi5	kernel/mm/process_image.tkb:1547@process_image_exec_reap_evidence;kernel/mm/process_image.tkb:1608@process_image_exec_teardown;kernel/mm/process_image.tkb:1609@process_image_exec_teardown	kernel/mm/process_image.tkb:1608@process_image_exec_teardown	-	-
kernel/mm/process_image.tkb	58e79dadd93f19e91b5da75687b3321133add64c8087ef5a872a23613b956c44	1538	process_image_exec_reap_clean_count	mutable	private	usize	-	qemu,rpi5	kernel/mm/process_image.tkb:1548@process_image_exec_reap_evidence;kernel/mm/process_image.tkb:1611@process_image_exec_teardown;kernel/mm/process_image.tkb:1612@process_image_exec_teardown	kernel/mm/process_image.tkb:1611@process_image_exec_teardown	-	-
kernel/mm/process_image.tkb	58e79dadd93f19e91b5da75687b3321133add64c8087ef5a872a23613b956c44	1539	process_image_exec_reap_stack_growth_count	mutable	private	usize	-	qemu,rpi5	kernel/mm/process_image.tkb:1549@process_image_exec_reap_evidence;kernel/mm/process_image.tkb:1595@process_image_exec_teardown;kernel/mm/process_image.tkb:1596@process_image_exec_teardown	kernel/mm/process_image.tkb:1595@process_image_exec_teardown	-	-
kernel/net/arp.tkb	057c30b73e7f78f2a5083a866a116f08257a696a4940db8cd0e3f41ccfd2c400	36	ARP_SHA	immutable	public	usize	offsetof(ArpHdr, sha)	qemu,rpi5	kernel/net/arp.tkb:60@arp_prepare_reply;kernel/net/arp.tkb:62@arp_prepare_reply	-	-	-
kernel/net/arp.tkb	057c30b73e7f78f2a5083a866a116f08257a696a4940db8cd0e3f41ccfd2c400	37	ARP_SPA	immutable	public	usize	offsetof(ArpHdr, spa)	qemu,rpi5	kernel/net/arp.tkb:60@arp_prepare_reply;kernel/net/arp.tkb:61@arp_prepare_reply;kernel/net/arp.tkb:62@arp_prepare_reply;kernel/net/arp.tkb:63@arp_prepare_reply	-	-	-
kernel/net/arp.tkb	057c30b73e7f78f2a5083a866a116f08257a696a4940db8cd0e3f41ccfd2c400	38	ARP_THA	immutable	public	usize	offsetof(ArpHdr, tha)	qemu,rpi5	kernel/net/arp.tkb:60@arp_prepare_reply;kernel/net/arp.tkb:61@arp_prepare_reply;kernel/net/arp.tkb:63@arp_prepare_reply	-	-	-
kernel/net/arp.tkb	057c30b73e7f78f2a5083a866a116f08257a696a4940db8cd0e3f41ccfd2c400	39	ARP_TPA	immutable	public	usize	offsetof(ArpHdr, tpa)	qemu,rpi5	kernel/net/arp.tkb:57@arp_prepare_reply;kernel/net/arp.tkb:60@arp_prepare_reply;kernel/net/arp.tkb:61@arp_prepare_reply	-	-	-
kernel/net/icmp.tkb	0437d7a54aef7ca177c7a1a2f3832d762c3165d255ffe115abe9952f334edf51	32	IPV4_SRC	immutable	public	usize	offsetof(Ipv4Hdr, src)	qemu,rpi5	kernel/net/icmp.tkb:48@icmp_build_echo_reply;kernel/net/icmp.tkb:49@icmp_build_echo_reply	-	-	-
kernel/net/icmp.tkb	0437d7a54aef7ca177c7a1a2f3832d762c3165d255ffe115abe9952f334edf51	33	IPV4_DST	immutable	public	usize	offsetof(Ipv4Hdr, dst)	qemu,rpi5	kernel/net/icmp.tkb:48@icmp_build_echo_reply;kernel/net/icmp.tkb:49@icmp_build_echo_reply;kernel/net/icmp.tkb:93@icmp_parse_ipv4	-	-	-
kernel/net/netconfig.tkb	0718f8dcc5135f4a54f5e9ccc6d4e77fd0fab43d6c3fde2fd683a349d662e814	18	OUR_MAC	immutable	public	[u8; 6]	{0x02, 0x00, 0x20, 0x00, 0x00, 0x02}	qemu,rpi5	kernel/drivers/net/rp1_gem.tkb:223@net_init;kernel/drivers/net/rp1_gem.tkb:224@net_init;kernel/drivers/net/rp1_gem.tkb:225@net_init;kernel/drivers/net/rp1_gem.tkb:429@net_read_mac;kernel/net/arp.tkb:59@arp_prepare_reply;kernel/net/arp.tkb:62@arp_prepare_reply;kernel/net/icmp.tkb:44@icmp_build_echo_reply	-	-	kernel/drivers/net/rp1_gem.tkb:223@net_init;kernel/drivers/net/rp1_gem.tkb:224@net_init;kernel/drivers/net/rp1_gem.tkb:225@net_init;kernel/drivers/net/rp1_gem.tkb:429@net_read_mac;kernel/net/arp.tkb:59@arp_prepare_reply;kernel/net/arp.tkb:62@arp_prepare_reply;kernel/net/icmp.tkb:44@icmp_build_echo_reply
kernel/net/netconfig.tkb	0718f8dcc5135f4a54f5e9ccc6d4e77fd0fab43d6c3fde2fd683a349d662e814	19	OUR_IP	immutable	public	[u8; 4]	{192, 168, 20, 2}	qemu,rpi5	kernel/net/arp.tkb:57@arp_prepare_reply;kernel/net/arp.tkb:63@arp_prepare_reply;kernel/net/icmp.tkb:49@icmp_build_echo_reply;kernel/net/icmp.tkb:93@icmp_parse_ipv4;kernel/net/tcp.tkb:2158@pending_tcp_ack_matches;kernel/net/tcp.tkb:2421@build_syn_ack;kernel/net/tcp.tkb:2475@build_data_reply;kernel/net/tcp.tkb:2514@build_fin_ack;kernel/net/tcp.tkb:2546@build_receive_ack;kernel/net/tcp.tkb:2607@tcp_parse_segment;kernel/net/tcp.tkb:3393@kernel_tcp_send_received;kernel/net/tcp.tkb:3496@kernel_tcp_close_stream	-	-	kernel/net/arp.tkb:57@arp_prepare_reply;kernel/net/arp.tkb:63@arp_prepare_reply;kernel/net/icmp.tkb:49@icmp_build_echo_reply;kernel/net/icmp.tkb:93@icmp_parse_ipv4;kernel/net/tcp.tkb:2158@pending_tcp_ack_matches;kernel/net/tcp.tkb:2421@build_syn_ack;kernel/net/tcp.tkb:2475@build_data_reply;kernel/net/tcp.tkb:2514@build_fin_ack;kernel/net/tcp.tkb:2546@build_receive_ack;kernel/net/tcp.tkb:2607@tcp_parse_segment;kernel/net/tcp.tkb:3393@kernel_tcp_send_received;kernel/net/tcp.tkb:3496@kernel_tcp_close_stream
kernel/net/socket_capability.tkb	6b73b44b2b38418d2da9cd324912d4494446540801990395cfda5c585bfded8f	31	network_capability_store	mutable	private	NetworkCapabilityStore	-	qemu,rpi5	kernel/net/socket_capability.tkb:72@network_capability_install;kernel/net/socket_capability.tkb:74@network_capability_install;kernel/net/socket_capability.tkb:75@network_capability_install;kernel/net/socket_capability.tkb:80@network_capability_install;kernel/net/socket_capability.tkb:85@network_capability_install;kernel/net/socket_capability.tkb:86@network_capability_install;kernel/net/socket_capability.tkb:89@network_capability_install;kernel/net/socket_capability.tkb:104@network_capability_take;kernel/net/socket_capability.tkb:106@network_capability_take;kernel/net/socket_capability.tkb:107@network_capability_take;kernel/net/socket_capability.tkb:108@network_capability_take	-	kernel/net/socket_capability.tkb:72@network_capability_install;kernel/net/socket_capability.tkb:74@network_capability_install;kernel/net/socket_capability.tkb:80@network_capability_install;kernel/net/socket_capability.tkb:85@network_capability_install;kernel/net/socket_capability.tkb:89@network_capability_install;kernel/net/socket_capability.tkb:104@network_capability_take;kernel/net/socket_capability.tkb:106@network_capability_take;kernel/net/socket_capability.tkb:108@network_capability_take	-
kernel/net/tcp.tkb	3882b14430d583d763204cb2c6e9950104ceb2fc82056ec892fa94b6218ebf37	93	our_mac	mutable	public	[u8; 6]	-	qemu,rpi5	kernel/net/tcp.tkb:2413@build_syn_ack;kernel/net/tcp.tkb:2468@build_data_reply;kernel/net/tcp.tkb:2506@build_fin_ack;kernel/net/tcp.tkb:2539@build_receive_ack;kernel/net/tcp.tkb:2664@kernel_tcp_echo_check;kernel/net/tcp.tkb:3380@kernel_tcp_send_received;kernel/net/tcp.tkb:3483@kernel_tcp_close_stream	-	-	-
kernel/net/tcp.tkb	3882b14430d583d763204cb2c6e9950104ceb2fc82056ec892fa94b6218ebf37	317	tcp_connection_pool	mutable	private	RegionPool(TcpConnection)	-	qemu,rpi5	kernel/net/tcp.tkb:342@kernel_tcp_ddb_connection_pending;kernel/net/tcp.tkb:345@kernel_tcp_ddb_connection_pending;kernel/net/tcp.tkb:946@tcp_connection_slot_free;kernel/net/tcp.tkb:962@tcp_connection_slot_free;kernel/net/tcp.tkb:1041@tcp_connection_free_first_live;kernel/net/tcp.tkb:1067@tcp_connection_has_pending_read;kernel/net/tcp.tkb:1088@tcp_any_connection_open;kernel/net/tcp.tkb:1162@tcp_connection_alloc;kernel/net/tcp.tkb:1166@tcp_connection_alloc;kernel/net/tcp.tkb:1175@tcp_connection_alloc;kernel/net/tcp.tkb:1248@tcp_connection_take;kernel/net/tcp.tkb:1269@tcp_connection_try_take;kernel/net/tcp.tkb:1319@tcp_connection_pool_lock_cost;kernel/net/tcp.tkb:1329@tcp_connection_pin_cost;kernel/net/tcp.tkb:1515@tcp_connection_live_count;kernel/net/tcp.tkb:1624@kernel_tcp_clear_injection_markers;kernel/net/tcp.tkb:3126@tcp_route_received_segment;kernel/net/tcp.tkb:3131@tcp_route_received_segment;kernel/net/tcp.tkb:3570@tcp_connection_pool_space_stats	-	kernel/net/tcp.tkb:342@kernel_tcp_ddb_connection_pending;kernel/net/tcp.tkb:345@kernel_tcp_ddb_connection_pending;kernel/net/tcp.tkb:946@tcp_connection_slot_free;kernel/net/tcp.tkb:962@tcp_connection_slot_free;kernel/net/tcp.tkb:1041@tcp_connection_free_first_live;kernel/net/tcp.tkb:1067@tcp_connection_has_pending_read;kernel/net/tcp.tkb:1088@tcp_any_connection_open;kernel/net/tcp.tkb:1162@tcp_connection_alloc;kernel/net/tcp.tkb:1166@tcp_connection_alloc;kernel/net/tcp.tkb:1175@tcp_connection_alloc;kernel/net/tcp.tkb:1248@tcp_connection_take;kernel/net/tcp.tkb:1269@tcp_connection_try_take;kernel/net/tcp.tkb:1319@tcp_connection_pool_lock_cost;kernel/net/tcp.tkb:1329@tcp_connection_pin_cost;kernel/net/tcp.tkb:1515@tcp_connection_live_count;kernel/net/tcp.tkb:1624@kernel_tcp_clear_injection_markers;kernel/net/tcp.tkb:3126@tcp_route_received_segment;kernel/net/tcp.tkb:3131@tcp_route_received_segment;kernel/net/tcp.tkb:3570@tcp_connection_pool_space_stats	-
kernel/net/tcp.tkb	3882b14430d583d763204cb2c6e9950104ceb2fc82056ec892fa94b6218ebf37	396	tcp_absent_fallback_count	mutable	private	[usize; KERNEL_MAX_CORES]	-	qemu,rpi5	kernel/net/tcp.tkb:401@tcp_absent_fallback_uses;kernel/net/tcp.tkb:409@tcp_absent_fallback_note;kernel/net/tcp.tkb:412@tcp_absent_fallback_note	kernel/net/tcp.tkb:409@tcp_absent_fallback_note;kernel/net/tcp.tkb:412@tcp_absent_fallback_note	-	-
kernel/net/tcp.tkb	3882b14430d583d763204cb2c6e9950104ceb2fc82056ec892fa94b6218ebf37	414	tcp_completed_handshakes	mutable	public	usize	0	qemu,rpi5	kernel/net/tcp.tkb:2667@kernel_tcp_echo_check;kernel/net/tcp.tkb:2718@kernel_tcp_echo_check;kernel/net/tcp.tkb:2719@kernel_tcp_echo_check;kernel/net/tcp.tkb:2802@kernel_tcp_echo_check	kernel/net/tcp.tkb:2667@kernel_tcp_echo_check;kernel/net/tcp.tkb:2718@kernel_tcp_echo_check	-	-
kernel/net/tcp.tkb	3882b14430d583d763204cb2c6e9950104ceb2fc82056ec892fa94b6218ebf37	415	tcp_completed_echoes	mutable	public	usize	0	qemu,rpi5	kernel/net/tcp.tkb:2668@kernel_tcp_echo_check;kernel/net/tcp.tkb:2773@kernel_tcp_echo_check;kernel/net/tcp.tkb:2774@kernel_tcp_echo_check;kernel/net/tcp.tkb:2803@kernel_tcp_echo_check	kernel/net/tcp.tkb:2668@kernel_tcp_echo_check;kernel/net/tcp.tkb:2773@kernel_tcp_echo_check	kernel/net/tcp.tkb:2803@kernel_tcp_echo_check	-
kernel/net/tcp.tkb	3882b14430d583d763204cb2c6e9950104ceb2fc82056ec892fa94b6218ebf37	416	tcp_completed_closes	mutable	public	usize	0	qemu,rpi5	kernel/net/tcp.tkb:2669@kernel_tcp_echo_check;kernel/net/tcp.tkb:2783@kernel_tcp_echo_check;kernel/net/tcp.tkb:2784@kernel_tcp_echo_check;kernel/net/tcp.tkb:2804@kernel_tcp_echo_check	kernel/net/tcp.tkb:2669@kernel_tcp_echo_check;kernel/net/tcp.tkb:2783@kernel_tcp_echo_check	kernel/net/tcp.tkb:2804@kernel_tcp_echo_check	-
kernel/net/tcp.tkb	3882b14430d583d763204cb2c6e9950104ceb2fc82056ec892fa94b6218ebf37	417	tcp_drop_next_syn_ack	mutable	public	bool	false	qemu,rpi5	kernel/net/tcp.tkb:2927@kernel_tcp_accept_step;kernel/net/tcp.tkb:2928@kernel_tcp_accept_step;kernel/net/tcp.tkb:3060@kernel_tcp_accept_step	kernel/net/tcp.tkb:2928@kernel_tcp_accept_step;kernel/net/tcp.tkb:3060@kernel_tcp_accept_step	-	-
kernel/net/tcp.tkb	3882b14430d583d763204cb2c6e9950104ceb2fc82056ec892fa94b6218ebf37	418	tcp_injected_syn_pending	mutable	public	bool	false	qemu,rpi5	kernel/net/tcp.tkb:2929@kernel_tcp_accept_step;kernel/net/tcp.tkb:2932@kernel_tcp_accept_step;kernel/net/tcp.tkb:2949@kernel_tcp_accept_step;kernel/net/tcp.tkb:2982@kernel_tcp_accept_step;kernel/net/tcp.tkb:3035@kernel_tcp_accept_step;kernel/net/tcp.tkb:3059@kernel_tcp_accept_step;kernel/net/tcp.tkb:3063@kernel_tcp_accept_step;kernel/net/tcp.tkb:3183@tcp_route_received_segment	kernel/net/tcp.tkb:2929@kernel_tcp_accept_step;kernel/net/tcp.tkb:2932@kernel_tcp_accept_step;kernel/net/tcp.tkb:2949@kernel_tcp_accept_step;kernel/net/tcp.tkb:3063@kernel_tcp_accept_step	-	-
kernel/net/tcp.tkb	3882b14430d583d763204cb2c6e9950104ceb2fc82056ec892fa94b6218ebf37	419	tcp_injected_syn_retransmitted	mutable	public	bool	false	qemu,rpi5	kernel/net/tcp.tkb:2983@kernel_tcp_accept_step;kernel/net/tcp.tkb:3036@kernel_tcp_accept_step;kernel/net/tcp.tkb:3184@tcp_route_received_segment	kernel/net/tcp.tkb:3036@kernel_tcp_accept_step	kernel/net/tcp.tkb:2983@kernel_tcp_accept_step;kernel/net/tcp.tkb:3184@tcp_route_received_segment	-
kernel/net/tcp.tkb	3882b14430d583d763204cb2c6e9950104ceb2fc82056ec892fa94b6218ebf37	420	tcp_injected_syn_accepted	mutable	public	bool	false	qemu,rpi5	kernel/net/tcp.tkb:2984@kernel_tcp_accept_step;kernel/net/tcp.tkb:3185@tcp_route_received_segment	kernel/net/tcp.tkb:2984@kernel_tcp_accept_step;kernel/net/tcp.tkb:3185@tcp_route_received_segment	-	-
kernel/net/tcp.tkb	3882b14430d583d763204cb2c6e9950104ceb2fc82056ec892fa94b6218ebf37	522	tcp_retx_chain	mutable	private	RetxChain	-	qemu,rpi5	kernel/net/tcp.tkb:1711@retx_chain_take;kernel/net/tcp.tkb:1713@retx_chain_take;kernel/net/tcp.tkb:1714@retx_chain_take;kernel/net/tcp.tkb:1725@retx_chain_put;kernel/net/tcp.tkb:1727@retx_chain_put;kernel/net/tcp.tkb:1728@retx_chain_put	-	kernel/net/tcp.tkb:1711@retx_chain_take;kernel/net/tcp.tkb:1713@retx_chain_take;kernel/net/tcp.tkb:1714@retx_chain_take;kernel/net/tcp.tkb:1725@retx_chain_put;kernel/net/tcp.tkb:1727@retx_chain_put;kernel/net/tcp.tkb:1728@retx_chain_put	-
kernel/net/tcp.tkb	3882b14430d583d763204cb2c6e9950104ceb2fc82056ec892fa94b6218ebf37	526	tcp_retx_pool	mutable	private	RegionPool(RetxEntry)	-	qemu,rpi5	kernel/net/tcp.tkb:1768@retx_entry_release;kernel/net/tcp.tkb:1793@tcp_retx_live_count;kernel/net/tcp.tkb:1821@tcp_retx_take;kernel/net/tcp.tkb:3578@tcp_retx_pool_space_stats	-	kernel/net/tcp.tkb:1768@retx_entry_release;kernel/net/tcp.tkb:1793@tcp_retx_live_count;kernel/net/tcp.tkb:1821@tcp_retx_take;kernel/net/tcp.tkb:3578@tcp_retx_pool_space_stats	-
kernel/net/tcp.tkb	3882b14430d583d763204cb2c6e9950104ceb2fc82056ec892fa94b6218ebf37	528	tcp_drop_data_segment_index	mutable	public	i32	-1	qemu,rpi5	kernel/net/tcp.tkb:1655@kernel_tcp_inject_drop_data_segment;kernel/net/tcp.tkb:3434@kernel_tcp_send_received;kernel/net/tcp.tkb:3440@kernel_tcp_send_received	kernel/net/tcp.tkb:1655@kernel_tcp_inject_drop_data_segment;kernel/net/tcp.tkb:3440@kernel_tcp_send_received	-	-
kernel/net/tcp.tkb	3882b14430d583d763204cb2c6e9950104ceb2fc82056ec892fa94b6218ebf37	529	tcp_injected_data_retransmitted	mutable	public	bool	false	qemu,rpi5	kernel/net/tcp.tkb:1657@kernel_tcp_inject_drop_data_segment;kernel/net/tcp.tkb:2230@pending_tcp_service_once;kernel/net/tcp.tkb:2330@pending_tcp_service_once	kernel/net/tcp.tkb:1657@kernel_tcp_inject_drop_data_segment;kernel/net/tcp.tkb:2330@pending_tcp_service_once	kernel/net/tcp.tkb:2230@pending_tcp_service_once	-
kernel/net/tcp.tkb	3882b14430d583d763204cb2c6e9950104ceb2fc82056ec892fa94b6218ebf37	530	tcp_injected_data_recovery_observed	mutable	public	bool	false	qemu,rpi5	kernel/net/tcp.tkb:1658@kernel_tcp_inject_drop_data_segment;kernel/net/tcp.tkb:2231@pending_tcp_service_once	kernel/net/tcp.tkb:1658@kernel_tcp_inject_drop_data_segment;kernel/net/tcp.tkb:2231@pending_tcp_service_once	-	-
kernel/net/tcp.tkb	3882b14430d583d763204cb2c6e9950104ceb2fc82056ec892fa94b6218ebf37	531	tcp_drop_next_fin	mutable	public	bool	false	qemu,rpi5	kernel/net/tcp.tkb:1662@kernel_tcp_inject_drop_next_fin;kernel/net/tcp.tkb:3519@kernel_tcp_close_stream;kernel/net/tcp.tkb:3520@kernel_tcp_close_stream	kernel/net/tcp.tkb:1662@kernel_tcp_inject_drop_next_fin;kernel/net/tcp.tkb:3520@kernel_tcp_close_stream	-	-
kernel/net/tcp.tkb	3882b14430d583d763204cb2c6e9950104ceb2fc82056ec892fa94b6218ebf37	532	tcp_injected_fin_retransmitted	mutable	public	bool	false	qemu,rpi5	kernel/net/tcp.tkb:1664@kernel_tcp_inject_drop_next_fin;kernel/net/tcp.tkb:2234@pending_tcp_service_once;kernel/net/tcp.tkb:2333@pending_tcp_service_once	kernel/net/tcp.tkb:1664@kernel_tcp_inject_drop_next_fin;kernel/net/tcp.tkb:2333@pending_tcp_service_once	kernel/net/tcp.tkb:2234@pending_tcp_service_once	-
kernel/net/tcp.tkb	3882b14430d583d763204cb2c6e9950104ceb2fc82056ec892fa94b6218ebf37	533	tcp_injected_fin_recovery_observed	mutable	public	bool	false	qemu,rpi5	kernel/net/tcp.tkb:1665@kernel_tcp_inject_drop_next_fin;kernel/net/tcp.tkb:2235@pending_tcp_service_once	kernel/net/tcp.tkb:1665@kernel_tcp_inject_drop_next_fin;kernel/net/tcp.tkb:2235@pending_tcp_service_once	-	-
kernel/net/tcp.tkb	3882b14430d583d763204cb2c6e9950104ceb2fc82056ec892fa94b6218ebf37	534	tcp_advertised_window	mutable	public	u16	65535	qemu,rpi5	kernel/net/tcp.tkb:1669@kernel_tcp_restore_stream_policy;kernel/net/tcp.tkb:2434@build_syn_ack;kernel/net/tcp.tkb:2527@build_fin_ack;kernel/net/tcp.tkb:2559@build_receive_ack	kernel/net/tcp.tkb:1669@kernel_tcp_restore_stream_policy	-	-
kernel/net/tcp.tkb	3882b14430d583d763204cb2c6e9950104ceb2fc82056ec892fa94b6218ebf37	535	tcp_ack_each_stream_segment	mutable	public	bool	false	qemu,rpi5	kernel/net/tcp.tkb:1670@kernel_tcp_restore_stream_policy;kernel/net/tcp.tkb:3220@tcp_route_received_segment;kernel/net/tcp.tkb:3323@kernel_tcp_receive_once	kernel/net/tcp.tkb:1670@kernel_tcp_restore_stream_policy	-	-
kernel/net/tcp.tkb	3882b14430d583d763204cb2c6e9950104ceb2fc82056ec892fa94b6218ebf37	536	tcp_split_request_segments	mutable	public	usize	0	qemu,rpi5	kernel/net/tcp.tkb:3221@tcp_route_received_segment;kernel/net/tcp.tkb:3222@tcp_route_received_segment;kernel/net/tcp.tkb:3324@kernel_tcp_receive_once;kernel/net/tcp.tkb:3325@kernel_tcp_receive_once	kernel/net/tcp.tkb:3221@tcp_route_received_segment;kernel/net/tcp.tkb:3324@kernel_tcp_receive_once	-	-
kernel/net/tcp.tkb	3882b14430d583d763204cb2c6e9950104ceb2fc82056ec892fa94b6218ebf37	618	tcp_frame_pool	mutable	private	RegionPool(NetFrame)	-	qemu,rpi5	kernel/net/tcp.tkb:637@tcp_frame_live_count;kernel/net/tcp.tkb:685@tcp_frame_release_link;kernel/net/tcp.tkb:712@tcp_frame_take;kernel/net/tcp.tkb:3586@tcp_frame_pool_space_stats	-	kernel/net/tcp.tkb:637@tcp_frame_live_count;kernel/net/tcp.tkb:685@tcp_frame_release_link;kernel/net/tcp.tkb:712@tcp_frame_take;kernel/net/tcp.tkb:3586@tcp_frame_pool_space_stats	-
kernel/net/tcp.tkb	3882b14430d583d763204cb2c6e9950104ceb2fc82056ec892fa94b6218ebf37	1353	pin_sharing_pool	mutable	private	RegionPool(PinSharingCell)	-	qemu,rpi5	kernel/net/tcp.tkb:1360@-;kernel/net/tcp.tkb:1362@pin_sharing_lock;kernel/net/tcp.tkb:1365@-	-	kernel/net/tcp.tkb:1360@-;kernel/net/tcp.tkb:1362@pin_sharing_lock;kernel/net/tcp.tkb:1365@-	-
kernel/net/tcp.tkb	3882b14430d583d763204cb2c6e9950104ceb2fc82056ec892fa94b6218ebf37	1354	pin_sharing_page	mutable	private	usize	-	qemu,rpi5	kernel/net/tcp.tkb:1378@pin_sharing_setup;kernel/net/tcp.tkb:1471@pin_sharing_cleanup	kernel/net/tcp.tkb:1378@pin_sharing_setup	-	-
kernel/net/tcp.tkb	3882b14430d583d763204cb2c6e9950104ceb2fc82056ec892fa94b6218ebf37	1355	pin_sharing_handles	mutable	private	[RegionHandle(PinSharingCell); 32]	-	qemu,rpi5	kernel/net/tcp.tkb:1409@pin_sharing_setup;kernel/net/tcp.tkb:1426@pin_sharing_cycles;kernel/net/tcp.tkb:1453@pin_sharing_cleanup	kernel/net/tcp.tkb:1409@pin_sharing_setup	-	-
kernel/net/tcp.tkb	3882b14430d583d763204cb2c6e9950104ceb2fc82056ec892fa94b6218ebf37	2051	pending_tcp_probe_frame	mutable	private	[u8; 1514]	-	qemu,rpi5	kernel/net/tcp.tkb:2066@pending_tcp_chain_probe_body;kernel/net/tcp.tkb:2072@pending_tcp_chain_probe_body	-	-	-
kernel/net/wire.tkb	31f1bad384f6471b8e812229b4bd637e4eed62ef8e69c5fd093d9b59f6100019	59	IP_TOTAL_LEN	immutable	public	usize	offsetof(Ipv4Hdr, total_len)	qemu,rpi5	-	-	-	-
kernel/net/wire.tkb	31f1bad384f6471b8e812229b4bd637e4eed62ef8e69c5fd093d9b59f6100019	60	IP_TTL	immutable	public	usize	offsetof(Ipv4Hdr, ttl)	qemu,rpi5	-	-	-	-
kernel/net/wire.tkb	31f1bad384f6471b8e812229b4bd637e4eed62ef8e69c5fd093d9b59f6100019	61	IP_PROTOCOL	immutable	public	usize	offsetof(Ipv4Hdr, protocol)	qemu,rpi5	-	-	-	-
kernel/net/wire.tkb	31f1bad384f6471b8e812229b4bd637e4eed62ef8e69c5fd093d9b59f6100019	62	IP_CHECKSUM	immutable	public	usize	offsetof(Ipv4Hdr, checksum)	qemu,rpi5	-	-	-	-
kernel/net/wire.tkb	31f1bad384f6471b8e812229b4bd637e4eed62ef8e69c5fd093d9b59f6100019	63	IP_SRC	immutable	public	usize	offsetof(Ipv4Hdr, src)	qemu,rpi5	kernel/net/tcp.tkb:2157@pending_tcp_ack_matches;kernel/net/tcp.tkb:2164@pending_tcp_ack_matches;kernel/net/tcp.tkb:2398@fix_tcp_checksum;kernel/net/tcp.tkb:2420@build_syn_ack;kernel/net/tcp.tkb:2421@build_syn_ack;kernel/net/tcp.tkb:2474@build_data_reply;kernel/net/tcp.tkb:2475@build_data_reply;kernel/net/tcp.tkb:2513@build_fin_ack;kernel/net/tcp.tkb:2514@build_fin_ack;kernel/net/tcp.tkb:2545@build_receive_ack;kernel/net/tcp.tkb:2546@build_receive_ack;kernel/net/tcp.tkb:2619@tcp_parse_segment;kernel/net/tcp.tkb:2693@kernel_tcp_echo_check;kernel/net/tcp.tkb:2705@kernel_tcp_echo_check;kernel/net/tcp.tkb:2917@kernel_tcp_accept_step;kernel/net/tcp.tkb:2944@kernel_tcp_accept_step;kernel/net/tcp.tkb:2953@kernel_tcp_accept_step;kernel/net/tcp.tkb:3155@tcp_route_received_segment;kernel/net/tcp.tkb:3272@kernel_tcp_receive_once;kernel/net/tcp.tkb:3393@kernel_tcp_send_received;kernel/net/tcp.tkb:3496@kernel_tcp_close_stream	-	-	kernel/net/tcp.tkb:2157@pending_tcp_ack_matches;kernel/net/tcp.tkb:2164@pending_tcp_ack_matches;kernel/net/tcp.tkb:2398@fix_tcp_checksum;kernel/net/tcp.tkb:2420@build_syn_ack;kernel/net/tcp.tkb:2421@build_syn_ack;kernel/net/tcp.tkb:2474@build_data_reply;kernel/net/tcp.tkb:2475@build_data_reply;kernel/net/tcp.tkb:2513@build_fin_ack;kernel/net/tcp.tkb:2514@build_fin_ack;kernel/net/tcp.tkb:2545@build_receive_ack;kernel/net/tcp.tkb:2546@build_receive_ack;kernel/net/tcp.tkb:2619@tcp_parse_segment;kernel/net/tcp.tkb:2693@kernel_tcp_echo_check;kernel/net/tcp.tkb:2705@kernel_tcp_echo_check;kernel/net/tcp.tkb:2917@kernel_tcp_accept_step;kernel/net/tcp.tkb:2944@kernel_tcp_accept_step;kernel/net/tcp.tkb:2953@kernel_tcp_accept_step;kernel/net/tcp.tkb:3155@tcp_route_received_segment;kernel/net/tcp.tkb:3272@kernel_tcp_receive_once;kernel/net/tcp.tkb:3393@kernel_tcp_send_received;kernel/net/tcp.tkb:3496@kernel_tcp_close_stream
kernel/net/wire.tkb	31f1bad384f6471b8e812229b4bd637e4eed62ef8e69c5fd093d9b59f6100019	64	IP_DST	immutable	public	usize	offsetof(Ipv4Hdr, dst)	qemu,rpi5	kernel/net/tcp.tkb:2157@pending_tcp_ack_matches;kernel/net/tcp.tkb:2158@pending_tcp_ack_matches;kernel/net/tcp.tkb:2164@pending_tcp_ack_matches;kernel/net/tcp.tkb:2165@pending_tcp_ack_matches;kernel/net/tcp.tkb:2398@fix_tcp_checksum;kernel/net/tcp.tkb:2399@fix_tcp_checksum;kernel/net/tcp.tkb:2420@build_syn_ack;kernel/net/tcp.tkb:2421@build_syn_ack;kernel/net/tcp.tkb:2474@build_data_reply;kernel/net/tcp.tkb:2475@build_data_reply;kernel/net/tcp.tkb:2513@build_fin_ack;kernel/net/tcp.tkb:2514@build_fin_ack;kernel/net/tcp.tkb:2545@build_receive_ack;kernel/net/tcp.tkb:2546@build_receive_ack;kernel/net/tcp.tkb:2607@tcp_parse_segment;kernel/net/tcp.tkb:2619@tcp_parse_segment;kernel/net/tcp.tkb:2620@tcp_parse_segment;kernel/net/tcp.tkb:2693@kernel_tcp_echo_check;kernel/net/tcp.tkb:2705@kernel_tcp_echo_check;kernel/net/tcp.tkb:2917@kernel_tcp_accept_step;kernel/net/tcp.tkb:2944@kernel_tcp_accept_step;kernel/net/tcp.tkb:2953@kernel_tcp_accept_step;kernel/net/tcp.tkb:3155@tcp_route_received_segment;kernel/net/tcp.tkb:3272@kernel_tcp_receive_once;kernel/net/tcp.tkb:3393@kernel_tcp_send_received;kernel/net/tcp.tkb:3394@kernel_tcp_send_received;kernel/net/tcp.tkb:3496@kernel_tcp_close_stream;kernel/net/tcp.tkb:3497@kernel_tcp_close_stream	-	-	kernel/net/tcp.tkb:2157@pending_tcp_ack_matches;kernel/net/tcp.tkb:2158@pending_tcp_ack_matches;kernel/net/tcp.tkb:2164@pending_tcp_ack_matches;kernel/net/tcp.tkb:2165@pending_tcp_ack_matches;kernel/net/tcp.tkb:2398@fix_tcp_checksum;kernel/net/tcp.tkb:2399@fix_tcp_checksum;kernel/net/tcp.tkb:2420@build_syn_ack;kernel/net/tcp.tkb:2421@build_syn_ack;kernel/net/tcp.tkb:2474@build_data_reply;kernel/net/tcp.tkb:2475@build_data_reply;kernel/net/tcp.tkb:2513@build_fin_ack;kernel/net/tcp.tkb:2514@build_fin_ack;kernel/net/tcp.tkb:2545@build_receive_ack;kernel/net/tcp.tkb:2546@build_receive_ack;kernel/net/tcp.tkb:2607@tcp_parse_segment;kernel/net/tcp.tkb:2619@tcp_parse_segment;kernel/net/tcp.tkb:2620@tcp_parse_segment;kernel/net/tcp.tkb:2693@kernel_tcp_echo_check;kernel/net/tcp.tkb:2705@kernel_tcp_echo_check;kernel/net/tcp.tkb:2917@kernel_tcp_accept_step;kernel/net/tcp.tkb:2944@kernel_tcp_accept_step;kernel/net/tcp.tkb:2953@kernel_tcp_accept_step;kernel/net/tcp.tkb:3155@tcp_route_received_segment;kernel/net/tcp.tkb:3272@kernel_tcp_receive_once;kernel/net/tcp.tkb:3393@kernel_tcp_send_received;kernel/net/tcp.tkb:3394@kernel_tcp_send_received;kernel/net/tcp.tkb:3496@kernel_tcp_close_stream;kernel/net/tcp.tkb:3497@kernel_tcp_close_stream
kernel/net/wire.tkb	31f1bad384f6471b8e812229b4bd637e4eed62ef8e69c5fd093d9b59f6100019	66	TCP_SRC_PORT	immutable	public	usize	offsetof(TcpHdr, src_port)	qemu,rpi5	-	-	-	-
kernel/net/wire.tkb	31f1bad384f6471b8e812229b4bd637e4eed62ef8e69c5fd093d9b59f6100019	67	TCP_DST_PORT	immutable	public	usize	offsetof(TcpHdr, dst_port)	qemu,rpi5	-	-	-	-
kernel/net/wire.tkb	31f1bad384f6471b8e812229b4bd637e4eed62ef8e69c5fd093d9b59f6100019	68	TCP_SEQ	immutable	public	usize	offsetof(TcpHdr, seq)	qemu,rpi5	-	-	-	-
kernel/net/wire.tkb	31f1bad384f6471b8e812229b4bd637e4eed62ef8e69c5fd093d9b59f6100019	69	TCP_ACK	immutable	public	usize	offsetof(TcpHdr, ack)	qemu,rpi5	-	-	-	-
kernel/net/wire.tkb	31f1bad384f6471b8e812229b4bd637e4eed62ef8e69c5fd093d9b59f6100019	70	TCP_DATA_OFFSET	immutable	public	usize	offsetof(TcpHdr, data_offset)	qemu,rpi5	-	-	-	-
kernel/net/wire.tkb	31f1bad384f6471b8e812229b4bd637e4eed62ef8e69c5fd093d9b59f6100019	71	TCP_FLAGS	immutable	public	usize	offsetof(TcpHdr, flags)	qemu,rpi5	-	-	-	-
kernel/net/wire.tkb	31f1bad384f6471b8e812229b4bd637e4eed62ef8e69c5fd093d9b59f6100019	72	TCP_WINDOW	immutable	public	usize	offsetof(TcpHdr, window)	qemu,rpi5	-	-	-	-
kernel/net/wire.tkb	31f1bad384f6471b8e812229b4bd637e4eed62ef8e69c5fd093d9b59f6100019	73	TCP_CHECKSUM	immutable	public	usize	offsetof(TcpHdr, checksum)	qemu,rpi5	-	-	-	-
kernel/net/wire.tkb	31f1bad384f6471b8e812229b4bd637e4eed62ef8e69c5fd093d9b59f6100019	74	TCP_URGENT	immutable	public	usize	offsetof(TcpHdr, urgent)	qemu,rpi5	-	-	-	-
kernel/platform/qemu/intc.tkb	e99251ef78555bfe0b86d062a304c3bcee75ccc448f7b5cf07049f91eabbbf20	27	qemu_uart_gic_intid	mutable	public	u32	33	qemu	kernel/platform/qemu/init.tkb:169@main;kernel/platform/qemu/intc.tkb:56@gic_uart_spi_setup;kernel/platform/qemu/intc.tkb:57@gic_uart_spi_setup;kernel/platform/qemu/intc.tkb:62@gic_uart_spi_setup;kernel/platform/qemu/intc.tkb:179@platform_irq_dispatch_inner;kernel/platform/qemu/uart.tkb:279@qemu_boot_devices_apply_dtb	kernel/platform/qemu/uart.tkb:279@qemu_boot_devices_apply_dtb	-	kernel/platform/qemu/init.tkb:169@main;kernel/platform/qemu/uart.tkb:279@qemu_boot_devices_apply_dtb
kernel/platform/qemu/intc.tkb	e99251ef78555bfe0b86d062a304c3bcee75ccc448f7b5cf07049f91eabbbf20	33	qemu_pmu_gic_intid	mutable	public	u32	QEMU_PMU_GIC_INTID	qemu	kernel/platform/qemu/intc.tkb:128@gic_pmu_ppi_enable;kernel/platform/qemu/intc.tkb:188@platform_irq_dispatch_inner	-	-	-
kernel/platform/qemu/intc.tkb	e99251ef78555bfe0b86d062a304c3bcee75ccc448f7b5cf07049f91eabbbf20	34	qemu_gicd_base	mutable	public	usize	0	qemu	kernel/drivers/net/virtio_net.tkb:181@virtio_net_gic_enable;kernel/drivers/net/virtio_net.tkb:185@virtio_net_gic_enable;kernel/drivers/net/virtio_net.tkb:189@virtio_net_gic_enable;kernel/platform/qemu/init.tkb:171@main;kernel/platform/qemu/intc.tkb:50@platform_world_stop_notify;kernel/platform/qemu/intc.tkb:59@gic_uart_spi_setup;kernel/platform/qemu/intc.tkb:62@gic_uart_spi_setup;kernel/platform/qemu/intc.tkb:64@gic_uart_spi_setup;kernel/platform/qemu/intc.tkb:117@platform_pmu_irq_debug;kernel/platform/qemu/intc.tkb:118@platform_pmu_irq_debug;kernel/platform/qemu/intc.tkb:126@gic_pmu_ppi_enable;kernel/platform/qemu/timer_irq.tkb:12@gic_timer_ppi_enable;kernel/platform/qemu/uart.tkb:283@qemu_boot_devices_apply_dtb	kernel/platform/qemu/uart.tkb:283@qemu_boot_devices_apply_dtb	-	kernel/drivers/net/virtio_net.tkb:181@virtio_net_gic_enable;kernel/drivers/net/virtio_net.tkb:185@virtio_net_gic_enable;kernel/drivers/net/virtio_net.tkb:189@virtio_net_gic_enable;kernel/platform/qemu/init.tkb:171@main;kernel/platform/qemu/timer_irq.tkb:12@gic_timer_ppi_enable;kernel/platform/qemu/uart.tkb:283@qemu_boot_devices_apply_dtb
kernel/platform/qemu/intc.tkb	e99251ef78555bfe0b86d062a304c3bcee75ccc448f7b5cf07049f91eabbbf20	35	qemu_gicc_base	mutable	public	usize	0	qemu	kernel/platform/qemu/init.tkb:173@main;kernel/platform/qemu/intc.tkb:80@platform_irq_cpu_interface_init;kernel/platform/qemu/intc.tkb:81@platform_irq_cpu_interface_init;kernel/platform/qemu/intc.tkb:138@platform_irq_dispatch_inner;kernel/platform/qemu/intc.tkb:139@platform_irq_dispatch_inner;kernel/platform/qemu/uart.tkb:284@qemu_boot_devices_apply_dtb	kernel/platform/qemu/uart.tkb:284@qemu_boot_devices_apply_dtb	-	kernel/platform/qemu/init.tkb:173@main;kernel/platform/qemu/uart.tkb:284@qemu_boot_devices_apply_dtb
kernel/platform/qemu/timer_irq.tkb	d8c24d9616b71ac7483d9a1317aeb51010dabc5eb551fdd3d652f3c96c81b5ee	8	qemu_timer_gic_intid	mutable	public	u32	QEMU_TIMER_GIC_INTID	qemu	kernel/platform/qemu/init.tkb:175@main;kernel/platform/qemu/intc.tkb:171@platform_irq_dispatch_inner;kernel/platform/qemu/intc.tkb:194@platform_irq_dispatch_inner;kernel/platform/qemu/timer_irq.tkb:15@gic_timer_ppi_enable;kernel/platform/qemu/uart.tkb:281@qemu_boot_devices_apply_dtb	kernel/platform/qemu/uart.tkb:281@qemu_boot_devices_apply_dtb	-	kernel/platform/qemu/init.tkb:175@main;kernel/platform/qemu/intc.tkb:171@platform_irq_dispatch_inner;kernel/platform/qemu/intc.tkb:194@platform_irq_dispatch_inner;kernel/platform/qemu/uart.tkb:281@qemu_boot_devices_apply_dtb
kernel/platform/qemu/uart.tkb	c428effaa20c9d4b7227fb1a288b7e264b466d0d717e14005662f4fa213f0347	19	uart_base	mutable	public	usize	0x09000000	qemu	kernel/platform/qemu/init.tkb:167@main;kernel/platform/qemu/intc.tkb:132@irq_uart_rx_unmask;kernel/platform/qemu/uart.tkb:25@uart_tx_fifo_full;kernel/platform/qemu/uart.tkb:30@uart_tx_store;kernel/platform/qemu/uart.tkb:35@uart_tx_irq_enable;kernel/platform/qemu/uart.tkb:40@uart_tx_irq_disable;kernel/platform/qemu/uart.tkb:47@uart_rx_irq_disable;kernel/platform/qemu/uart.tkb:55@uart_isr_getc;kernel/platform/qemu/uart.tkb:64@uart_debug_putc;kernel/platform/qemu/uart.tkb:66@uart_debug_putc;kernel/platform/qemu/uart.tkb:71@uart_rx_ready;kernel/platform/qemu/uart.tkb:76@uart_tx_busy;kernel/platform/qemu/uart.tkb:83@uart_tx_irq_flagged;kernel/platform/qemu/uart.tkb:88@uart_break_flagged;kernel/platform/qemu/uart.tkb:93@uart_break_clear;kernel/platform/qemu/uart.tkb:98@uart_rx_timeout_clear;kernel/platform/qemu/uart.tkb:103@uart_rx_word;kernel/platform/qemu/uart.tkb:108@uart_init;kernel/platform/qemu/uart.tkb:109@uart_init;kernel/platform/qemu/uart.tkb:110@uart_init;kernel/platform/qemu/uart.tkb:111@uart_init;kernel/platform/qemu/uart.tkb:112@uart_init;kernel/platform/qemu/uart.tkb:113@uart_init;kernel/platform/qemu/uart.tkb:114@uart_init;kernel/platform/qemu/uart.tkb:278@qemu_boot_devices_apply_dtb	kernel/platform/qemu/uart.tkb:278@qemu_boot_devices_apply_dtb	-	kernel/platform/qemu/init.tkb:167@main;kernel/platform/qemu/intc.tkb:132@irq_uart_rx_unmask
kernel/platform/qemu/uart.tkb	c428effaa20c9d4b7227fb1a288b7e264b466d0d717e14005662f4fa213f0347	145	qemu_psci_use_hvc	mutable	public	bool	false	qemu	kernel/platform/qemu/init.tkb:20@qemu_psci_cpu_on;kernel/platform/qemu/uart.tkb:269@qemu_boot_devices_apply_dtb	kernel/platform/qemu/uart.tkb:269@qemu_boot_devices_apply_dtb	-	kernel/platform/qemu/init.tkb:20@qemu_psci_cpu_on
kernel/platform/rpi5/pcie.tkb	2e62cde5ec9f3255d9a7610235f163c279862384919b064deba4d24fb72957e8	66	rpi5_pcie2_base	mutable	public	usize	RPI5_PCIE2_BASE	qemu,rpi5	kernel/platform/rpi5/pcie.tkb:163@pcie2_perst_set;kernel/platform/rpi5/pcie.tkb:175@pcie2_link_up;kernel/platform/rpi5/pcie.tkb:201@pcie2_config_addr;kernel/platform/rpi5/pcie.tkb:203@pcie2_config_addr;kernel/platform/rpi5/pcie.tkb:237@pcie2_mdio_write;kernel/platform/rpi5/pcie.tkb:240@pcie2_mdio_write;kernel/platform/rpi5/pcie.tkb:280@pcie2_post_setup_bcm2712;kernel/platform/rpi5/pcie.tkb:299@pcie2_serdes_enable;kernel/platform/rpi5/pcie.tkb:318@pcie2_misc_ctrl_setup;kernel/platform/rpi5/pcie.tkb:351@pcie2_outbound_window_setup;kernel/platform/rpi5/pcie.tkb:354@pcie2_outbound_window_setup;kernel/platform/rpi5/pcie.tkb:357@pcie2_outbound_window_setup;kernel/platform/rpi5/pcie.tkb:360@pcie2_outbound_window_setup;kernel/platform/rpi5/pcie.tkb:363@pcie2_outbound_window_setup;kernel/platform/rpi5/pcie.tkb:393@pcie2_root_bridge_setup;kernel/platform/rpi5/pcie.tkb:398@pcie2_root_bridge_setup;kernel/platform/rpi5/pcie.tkb:439@pcie2_mip0_inbound_setup;kernel/platform/rpi5/pcie.tkb:442@pcie2_mip0_inbound_setup;kernel/platform/rpi5/pcie.tkb:445@pcie2_mip0_inbound_setup;kernel/platform/rpi5/pcie.tkb:448@pcie2_mip0_inbound_setup;kernel/platform/rpi5/pcie.tkb:525@pcie2_dma_inbound_setup;kernel/platform/rpi5/pcie.tkb:528@pcie2_dma_inbound_setup;kernel/platform/rpi5/pcie.tkb:531@pcie2_dma_inbound_setup;kernel/platform/rpi5/pcie.tkb:534@pcie2_dma_inbound_setup;kernel/platform/rpi5/pcie_dtb.tkb:27@rpi5_pcie2_apply_boot_dtb;kernel/platform/rpi5/pcie_dtb.tkb:36@rpi5_pcie2_boot_dtb_status	kernel/platform/rpi5/pcie_dtb.tkb:27@rpi5_pcie2_apply_boot_dtb	-	kernel/platform/rpi5/pcie_dtb.tkb:27@rpi5_pcie2_apply_boot_dtb;kernel/platform/rpi5/pcie_dtb.tkb:36@rpi5_pcie2_boot_dtb_status
kernel/platform/rpi5/pcie.tkb	2e62cde5ec9f3255d9a7610235f163c279862384919b064deba4d24fb72957e8	67	rpi5_pcie2_dtb_status	mutable	public	usize	-	qemu,rpi5	kernel/platform/rpi5/pcie_dtb.tkb:15@rpi5_pcie2_apply_boot_dtb;kernel/platform/rpi5/pcie_dtb.tkb:19@rpi5_pcie2_apply_boot_dtb;kernel/platform/rpi5/pcie_dtb.tkb:24@rpi5_pcie2_apply_boot_dtb;kernel/platform/rpi5/pcie_dtb.tkb:28@rpi5_pcie2_apply_boot_dtb;kernel/platform/rpi5/pcie_dtb.tkb:35@rpi5_pcie2_boot_dtb_status;kernel/platform/rpi5/pcie_dtb.tkb:38@rpi5_pcie2_boot_dtb_status	kernel/platform/rpi5/pcie_dtb.tkb:15@rpi5_pcie2_apply_boot_dtb;kernel/platform/rpi5/pcie_dtb.tkb:19@rpi5_pcie2_apply_boot_dtb;kernel/platform/rpi5/pcie_dtb.tkb:24@rpi5_pcie2_apply_boot_dtb;kernel/platform/rpi5/pcie_dtb.tkb:28@rpi5_pcie2_apply_boot_dtb	-	kernel/platform/rpi5/pcie_dtb.tkb:15@rpi5_pcie2_apply_boot_dtb;kernel/platform/rpi5/pcie_dtb.tkb:19@rpi5_pcie2_apply_boot_dtb;kernel/platform/rpi5/pcie_dtb.tkb:24@rpi5_pcie2_apply_boot_dtb;kernel/platform/rpi5/pcie_dtb.tkb:28@rpi5_pcie2_apply_boot_dtb;kernel/platform/rpi5/pcie_dtb.tkb:35@rpi5_pcie2_boot_dtb_status;kernel/platform/rpi5/pcie_dtb.tkb:38@rpi5_pcie2_boot_dtb_status
kernel/platform/rpi5/pcie.tkb	2e62cde5ec9f3255d9a7610235f163c279862384919b064deba4d24fb72957e8	68	rpi5_pcie_rescal_base	mutable	public	usize	RPI5_PCIE_RESCAL_BASE	qemu,rpi5	kernel/platform/rpi5/pcie.tkb:109@pcie_rescal_reset;kernel/platform/rpi5/pcie.tkb:111@pcie_rescal_reset;kernel/platform/rpi5/pcie_support_dtb.tkb:45@rpi5_pcie_support_apply_boot_dtb;kernel/platform/rpi5/pcie_support_dtb.tkb:49@rpi5_pcie_support_apply_boot_dtb;kernel/platform/rpi5/pcie_support_dtb.tkb:57@rpi5_pcie_support_boot_dtb_status	kernel/platform/rpi5/pcie_support_dtb.tkb:45@rpi5_pcie_support_apply_boot_dtb	-	kernel/platform/rpi5/pcie_support_dtb.tkb:45@rpi5_pcie_support_apply_boot_dtb;kernel/platform/rpi5/pcie_support_dtb.tkb:49@rpi5_pcie_support_apply_boot_dtb;kernel/platform/rpi5/pcie_support_dtb.tkb:57@rpi5_pcie_support_boot_dtb_status
kernel/platform/rpi5/pcie.tkb	2e62cde5ec9f3255d9a7610235f163c279862384919b064deba4d24fb72957e8	69	rpi5_bcm_reset_base	mutable	public	usize	RPI5_BCM_RESET_BASE	qemu,rpi5	kernel/platform/rpi5/pcie.tkb:144@pcie2_bridge_reset;kernel/platform/rpi5/pcie.tkb:146@pcie2_bridge_reset;kernel/platform/rpi5/pcie_support_dtb.tkb:46@rpi5_pcie_support_apply_boot_dtb;kernel/platform/rpi5/pcie_support_dtb.tkb:49@rpi5_pcie_support_apply_boot_dtb;kernel/platform/rpi5/pcie_support_dtb.tkb:57@rpi5_pcie_support_boot_dtb_status	kernel/platform/rpi5/pcie_support_dtb.tkb:46@rpi5_pcie_support_apply_boot_dtb	-	kernel/platform/rpi5/pcie_support_dtb.tkb:46@rpi5_pcie_support_apply_boot_dtb;kernel/platform/rpi5/pcie_support_dtb.tkb:49@rpi5_pcie_support_apply_boot_dtb;kernel/platform/rpi5/pcie_support_dtb.tkb:57@rpi5_pcie_support_boot_dtb_status
kernel/platform/rpi5/pcie.tkb	2e62cde5ec9f3255d9a7610235f163c279862384919b064deba4d24fb72957e8	70	rpi5_pcie_support_dtb_status	mutable	public	usize	-	qemu,rpi5	kernel/platform/rpi5/pcie_support_dtb.tkb:14@rpi5_pcie_support_apply_boot_dtb;kernel/platform/rpi5/pcie_support_dtb.tkb:18@rpi5_pcie_support_apply_boot_dtb;kernel/platform/rpi5/pcie_support_dtb.tkb:24@rpi5_pcie_support_apply_boot_dtb;kernel/platform/rpi5/pcie_support_dtb.tkb:33@rpi5_pcie_support_apply_boot_dtb;kernel/platform/rpi5/pcie_support_dtb.tkb:37@rpi5_pcie_support_apply_boot_dtb;kernel/platform/rpi5/pcie_support_dtb.tkb:42@rpi5_pcie_support_apply_boot_dtb;kernel/platform/rpi5/pcie_support_dtb.tkb:47@rpi5_pcie_support_apply_boot_dtb;kernel/platform/rpi5/pcie_support_dtb.tkb:55@rpi5_pcie_support_boot_dtb_status;kernel/platform/rpi5/pcie_support_dtb.tkb:59@rpi5_pcie_support_boot_dtb_status	kernel/platform/rpi5/pcie_support_dtb.tkb:14@rpi5_pcie_support_apply_boot_dtb;kernel/platform/rpi5/pcie_support_dtb.tkb:18@rpi5_pcie_support_apply_boot_dtb;kernel/platform/rpi5/pcie_support_dtb.tkb:24@rpi5_pcie_support_apply_boot_dtb;kernel/platform/rpi5/pcie_support_dtb.tkb:33@rpi5_pcie_support_apply_boot_dtb;kernel/platform/rpi5/pcie_support_dtb.tkb:37@rpi5_pcie_support_apply_boot_dtb;kernel/platform/rpi5/pcie_support_dtb.tkb:42@rpi5_pcie_support_apply_boot_dtb;kernel/platform/rpi5/pcie_support_dtb.tkb:47@rpi5_pcie_support_apply_boot_dtb	-	kernel/platform/rpi5/pcie_support_dtb.tkb:14@rpi5_pcie_support_apply_boot_dtb;kernel/platform/rpi5/pcie_support_dtb.tkb:18@rpi5_pcie_support_apply_boot_dtb;kernel/platform/rpi5/pcie_support_dtb.tkb:24@rpi5_pcie_support_apply_boot_dtb;kernel/platform/rpi5/pcie_support_dtb.tkb:33@rpi5_pcie_support_apply_boot_dtb;kernel/platform/rpi5/pcie_support_dtb.tkb:37@rpi5_pcie_support_apply_boot_dtb;kernel/platform/rpi5/pcie_support_dtb.tkb:42@rpi5_pcie_support_apply_boot_dtb;kernel/platform/rpi5/pcie_support_dtb.tkb:47@rpi5_pcie_support_apply_boot_dtb;kernel/platform/rpi5/pcie_support_dtb.tkb:55@rpi5_pcie_support_boot_dtb_status;kernel/platform/rpi5/pcie_support_dtb.tkb:59@rpi5_pcie_support_boot_dtb_status
kernel/platform/rpi5/pcie.tkb	2e62cde5ec9f3255d9a7610235f163c279862384919b064deba4d24fb72957e8	71	rpi5_mip0_base	mutable	public	usize	RPI5_MIP0_BASE	qemu,rpi5	kernel/platform/rpi5/intc.tkb:134@mip0_uart0_setup;kernel/platform/rpi5/intc.tkb:135@mip0_uart0_setup;kernel/platform/rpi5/intc.tkb:136@mip0_uart0_setup;kernel/platform/rpi5/intc.tkb:197@mip0_usb0_setup;kernel/platform/rpi5/intc.tkb:198@mip0_usb0_setup;kernel/platform/rpi5/intc.tkb:199@mip0_usb0_setup;kernel/platform/rpi5/intc.tkb:252@mip0_gem_setup;kernel/platform/rpi5/intc.tkb:253@mip0_gem_setup;kernel/platform/rpi5/intc.tkb:254@mip0_gem_setup;kernel/platform/rpi5/mip_dtb.tkb:27@rpi5_mip0_apply_boot_dtb;kernel/platform/rpi5/mip_dtb.tkb:31@rpi5_mip0_apply_boot_dtb;kernel/platform/rpi5/mip_dtb.tkb:39@rpi5_mip0_boot_dtb_status;kernel/platform/rpi5/pcie.tkb:454@pcie2_mip0_inbound_setup;kernel/platform/rpi5/pcie.tkb:455@pcie2_mip0_inbound_setup	kernel/platform/rpi5/mip_dtb.tkb:27@rpi5_mip0_apply_boot_dtb	-	kernel/platform/rpi5/intc.tkb:134@mip0_uart0_setup;kernel/platform/rpi5/intc.tkb:135@mip0_uart0_setup;kernel/platform/rpi5/intc.tkb:136@mip0_uart0_setup;kernel/platform/rpi5/intc.tkb:197@mip0_usb0_setup;kernel/platform/rpi5/intc.tkb:198@mip0_usb0_setup;kernel/platform/rpi5/intc.tkb:199@mip0_usb0_setup;kernel/platform/rpi5/intc.tkb:252@mip0_gem_setup;kernel/platform/rpi5/intc.tkb:253@mip0_gem_setup;kernel/platform/rpi5/intc.tkb:254@mip0_gem_setup;kernel/platform/rpi5/mip_dtb.tkb:27@rpi5_mip0_apply_boot_dtb;kernel/platform/rpi5/mip_dtb.tkb:31@rpi5_mip0_apply_boot_dtb;kernel/platform/rpi5/mip_dtb.tkb:39@rpi5_mip0_boot_dtb_status
kernel/platform/rpi5/pcie.tkb	2e62cde5ec9f3255d9a7610235f163c279862384919b064deba4d24fb72957e8	72	rpi5_mip0_target	mutable	public	usize	RPI5_MIP0_TARGET	qemu,rpi5	kernel/platform/rpi5/intc.tkb:159@rp1_uart0_msix_setup;kernel/platform/rpi5/intc.tkb:160@rp1_uart0_msix_setup;kernel/platform/rpi5/intc.tkb:216@rp1_usbhost0_msix_setup;kernel/platform/rpi5/intc.tkb:217@rp1_usbhost0_msix_setup;kernel/platform/rpi5/intc.tkb:271@rp1_gem_msix_setup;kernel/platform/rpi5/intc.tkb:272@rp1_gem_msix_setup;kernel/platform/rpi5/mip_dtb.tkb:28@rpi5_mip0_apply_boot_dtb;kernel/platform/rpi5/mip_dtb.tkb:31@rpi5_mip0_apply_boot_dtb;kernel/platform/rpi5/mip_dtb.tkb:39@rpi5_mip0_boot_dtb_status;kernel/platform/rpi5/pcie.tkb:452@pcie2_mip0_inbound_setup;kernel/platform/rpi5/pcie.tkb:453@pcie2_mip0_inbound_setup	kernel/platform/rpi5/mip_dtb.tkb:28@rpi5_mip0_apply_boot_dtb	-	kernel/platform/rpi5/intc.tkb:159@rp1_uart0_msix_setup;kernel/platform/rpi5/intc.tkb:160@rp1_uart0_msix_setup;kernel/platform/rpi5/intc.tkb:216@rp1_usbhost0_msix_setup;kernel/platform/rpi5/intc.tkb:217@rp1_usbhost0_msix_setup;kernel/platform/rpi5/intc.tkb:271@rp1_gem_msix_setup;kernel/platform/rpi5/intc.tkb:272@rp1_gem_msix_setup;kernel/platform/rpi5/mip_dtb.tkb:28@rpi5_mip0_apply_boot_dtb;kernel/platform/rpi5/mip_dtb.tkb:31@rpi5_mip0_apply_boot_dtb;kernel/platform/rpi5/mip_dtb.tkb:39@rpi5_mip0_boot_dtb_status
kernel/platform/rpi5/pcie.tkb	2e62cde5ec9f3255d9a7610235f163c279862384919b064deba4d24fb72957e8	73	rpi5_mip0_dtb_status	mutable	public	usize	-	qemu,rpi5	kernel/platform/rpi5/mip_dtb.tkb:12@rpi5_mip0_apply_boot_dtb;kernel/platform/rpi5/mip_dtb.tkb:16@rpi5_mip0_apply_boot_dtb;kernel/platform/rpi5/mip_dtb.tkb:24@rpi5_mip0_apply_boot_dtb;kernel/platform/rpi5/mip_dtb.tkb:29@rpi5_mip0_apply_boot_dtb;kernel/platform/rpi5/mip_dtb.tkb:37@rpi5_mip0_boot_dtb_status;kernel/platform/rpi5/mip_dtb.tkb:41@rpi5_mip0_boot_dtb_status	kernel/platform/rpi5/mip_dtb.tkb:12@rpi5_mip0_apply_boot_dtb;kernel/platform/rpi5/mip_dtb.tkb:16@rpi5_mip0_apply_boot_dtb;kernel/platform/rpi5/mip_dtb.tkb:24@rpi5_mip0_apply_boot_dtb;kernel/platform/rpi5/mip_dtb.tkb:29@rpi5_mip0_apply_boot_dtb	-	kernel/platform/rpi5/mip_dtb.tkb:12@rpi5_mip0_apply_boot_dtb;kernel/platform/rpi5/mip_dtb.tkb:16@rpi5_mip0_apply_boot_dtb;kernel/platform/rpi5/mip_dtb.tkb:24@rpi5_mip0_apply_boot_dtb;kernel/platform/rpi5/mip_dtb.tkb:29@rpi5_mip0_apply_boot_dtb;kernel/platform/rpi5/mip_dtb.tkb:37@rpi5_mip0_boot_dtb_status;kernel/platform/rpi5/mip_dtb.tkb:41@rpi5_mip0_boot_dtb_status
kernel/platform/rpi5/pcie.tkb	2e62cde5ec9f3255d9a7610235f163c279862384919b064deba4d24fb72957e8	74	rpi5_pcie_outbound_cpu_base	mutable	public	usize	RPI5_PCIE_OUTBOUND_CPU_BASE	qemu,rpi5	kernel/platform/rpi5/pcie.tkb:368@pcie2_outbound_window_setup;kernel/platform/rpi5/pcie_address_map_dtb.tkb:29@rpi5_pcie_address_map_apply_boot_dtb;kernel/platform/rpi5/pcie_address_map_dtb.tkb:33@rpi5_pcie_address_map_apply_boot_dtb;kernel/platform/rpi5/pcie_address_map_dtb.tkb:42@rpi5_pcie_address_map_boot_dtb_status	kernel/platform/rpi5/pcie_address_map_dtb.tkb:29@rpi5_pcie_address_map_apply_boot_dtb	-	kernel/platform/rpi5/pcie_address_map_dtb.tkb:29@rpi5_pcie_address_map_apply_boot_dtb;kernel/platform/rpi5/pcie_address_map_dtb.tkb:33@rpi5_pcie_address_map_apply_boot_dtb;kernel/platform/rpi5/pcie_address_map_dtb.tkb:42@rpi5_pcie_address_map_boot_dtb_status
kernel/platform/rpi5/pcie.tkb	2e62cde5ec9f3255d9a7610235f163c279862384919b064deba4d24fb72957e8	75	rp1_dma_pci_offset	mutable	public	usize	RP1_DMA_PCI_OFFSET	qemu,rpi5	kernel/drivers/net/rp1_gem.tkb:228@net_init;kernel/drivers/net/rp1_gem.tkb:230@net_init;kernel/drivers/net/rp1_gem.tkb:232@net_init;kernel/drivers/net/rp1_gem.tkb:351@net_transmit;kernel/drivers/net/rp1_gem.tkb:405@net_transmit_ready;kernel/platform/rpi5/pcie_address_map_dtb.tkb:30@rpi5_pcie_address_map_apply_boot_dtb;kernel/platform/rpi5/pcie_address_map_dtb.tkb:33@rpi5_pcie_address_map_apply_boot_dtb;kernel/platform/rpi5/pcie_address_map_dtb.tkb:42@rpi5_pcie_address_map_boot_dtb_status;kernel/platform/rpi5/usb_xhci.tkb:426@usb_await_event;kernel/platform/rpi5/usb_xhci.tkb:676@xhci_recover_bulk_stall;kernel/platform/rpi5/usb_xhci.tkb:681@xhci_recover_bulk_stall;kernel/platform/rpi5/usb_xhci.tkb:792@xhci_receive_configuration;kernel/platform/rpi5/usb_xhci.tkb:843@msc_data_receive_once;kernel/platform/rpi5/usb_xhci.tkb:885@msc_csw_receive_attempt;kernel/platform/rpi5/usb_xhci.tkb:957@msc_run_command;kernel/platform/rpi5/usb_xhci.tkb:958@msc_run_command;kernel/platform/rpi5/usb_xhci.tkb:1111@xhci_setup_rings_and_start;kernel/platform/rpi5/usb_xhci.tkb:1112@xhci_setup_rings_and_start;kernel/platform/rpi5/usb_xhci.tkb:1113@xhci_setup_rings_and_start;kernel/platform/rpi5/usb_xhci.tkb:1123@xhci_setup_rings_and_start;kernel/platform/rpi5/usb_xhci.tkb:1129@xhci_setup_rings_and_start;kernel/platform/rpi5/usb_xhci.tkb:1139@xhci_setup_rings_and_start;kernel/platform/rpi5/usb_xhci.tkb:1140@xhci_setup_rings_and_start;kernel/platform/rpi5/usb_xhci.tkb:1226@xhci_address_device;kernel/platform/rpi5/usb_xhci.tkb:1237@xhci_address_device;kernel/platform/rpi5/usb_xhci.tkb:1247@xhci_address_device;kernel/platform/rpi5/usb_xhci.tkb:1436@xhci_configure_endpoint;kernel/platform/rpi5/usb_xhci.tkb:1455@xhci_configure_endpoint;kernel/platform/rpi5/usb_xhci.tkb:1457@xhci_configure_endpoint	kernel/platform/rpi5/pcie_address_map_dtb.tkb:30@rpi5_pcie_address_map_apply_boot_dtb	-	kernel/drivers/net/rp1_gem.tkb:228@net_init;kernel/drivers/net/rp1_gem.tkb:230@net_init;kernel/drivers/net/rp1_gem.tkb:232@net_init;kernel/drivers/net/rp1_gem.tkb:351@net_transmit;kernel/drivers/net/rp1_gem.tkb:405@net_transmit_ready;kernel/platform/rpi5/pcie_address_map_dtb.tkb:30@rpi5_pcie_address_map_apply_boot_dtb;kernel/platform/rpi5/pcie_address_map_dtb.tkb:33@rpi5_pcie_address_map_apply_boot_dtb;kernel/platform/rpi5/pcie_address_map_dtb.tkb:42@rpi5_pcie_address_map_boot_dtb_status;kernel/platform/rpi5/usb_xhci.tkb:426@usb_await_event;kernel/platform/rpi5/usb_xhci.tkb:676@xhci_recover_bulk_stall;kernel/platform/rpi5/usb_xhci.tkb:681@xhci_recover_bulk_stall;kernel/platform/rpi5/usb_xhci.tkb:792@xhci_receive_configuration;kernel/platform/rpi5/usb_xhci.tkb:843@msc_data_receive_once;kernel/platform/rpi5/usb_xhci.tkb:885@msc_csw_receive_attempt;kernel/platform/rpi5/usb_xhci.tkb:957@msc_run_command;kernel/platform/rpi5/usb_xhci.tkb:958@msc_run_command;kernel/platform/rpi5/usb_xhci.tkb:1111@xhci_setup_rings_and_start;kernel/platform/rpi5/usb_xhci.tkb:1112@xhci_setup_rings_and_start;kernel/platform/rpi5/usb_xhci.tkb:1113@xhci_setup_rings_and_start;kernel/platform/rpi5/usb_xhci.tkb:1123@xhci_setup_rings_and_start;kernel/platform/rpi5/usb_xhci.tkb:1129@xhci_setup_rings_and_start;kernel/platform/rpi5/usb_xhci.tkb:1139@xhci_setup_rings_and_start;kernel/platform/rpi5/usb_xhci.tkb:1140@xhci_setup_rings_and_start;kernel/platform/rpi5/usb_xhci.tkb:1226@xhci_address_device;kernel/platform/rpi5/usb_xhci.tkb:1237@xhci_address_device;kernel/platform/rpi5/usb_xhci.tkb:1247@xhci_address_device;kernel/platform/rpi5/usb_xhci.tkb:1436@xhci_configure_endpoint;kernel/platform/rpi5/usb_xhci.tkb:1455@xhci_configure_endpoint;kernel/platform/rpi5/usb_xhci.tkb:1457@xhci_configure_endpoint
kernel/platform/rpi5/pcie.tkb	2e62cde5ec9f3255d9a7610235f163c279862384919b064deba4d24fb72957e8	76	rpi5_pcie_address_map_dtb_status	mutable	public	usize	-	qemu,rpi5	kernel/platform/rpi5/pcie_address_map_dtb.tkb:13@rpi5_pcie_address_map_apply_boot_dtb;kernel/platform/rpi5/pcie_address_map_dtb.tkb:17@rpi5_pcie_address_map_apply_boot_dtb;kernel/platform/rpi5/pcie_address_map_dtb.tkb:26@rpi5_pcie_address_map_apply_boot_dtb;kernel/platform/rpi5/pcie_address_map_dtb.tkb:31@rpi5_pcie_address_map_apply_boot_dtb;kernel/platform/rpi5/pcie_address_map_dtb.tkb:40@rpi5_pcie_address_map_boot_dtb_status;kernel/platform/rpi5/pcie_address_map_dtb.tkb:44@rpi5_pcie_address_map_boot_dtb_status	kernel/platform/rpi5/pcie_address_map_dtb.tkb:13@rpi5_pcie_address_map_apply_boot_dtb;kernel/platform/rpi5/pcie_address_map_dtb.tkb:17@rpi5_pcie_address_map_apply_boot_dtb;kernel/platform/rpi5/pcie_address_map_dtb.tkb:26@rpi5_pcie_address_map_apply_boot_dtb;kernel/platform/rpi5/pcie_address_map_dtb.tkb:31@rpi5_pcie_address_map_apply_boot_dtb	-	kernel/platform/rpi5/pcie_address_map_dtb.tkb:13@rpi5_pcie_address_map_apply_boot_dtb;kernel/platform/rpi5/pcie_address_map_dtb.tkb:17@rpi5_pcie_address_map_apply_boot_dtb;kernel/platform/rpi5/pcie_address_map_dtb.tkb:26@rpi5_pcie_address_map_apply_boot_dtb;kernel/platform/rpi5/pcie_address_map_dtb.tkb:31@rpi5_pcie_address_map_apply_boot_dtb;kernel/platform/rpi5/pcie_address_map_dtb.tkb:40@rpi5_pcie_address_map_boot_dtb_status;kernel/platform/rpi5/pcie_address_map_dtb.tkb:44@rpi5_pcie_address_map_boot_dtb_status
kernel/platform/rpi5/psci_dtb.tkb	2db2922a09af811bc994476c9d3aeab0e9bb7f3bfaffa2ae56e01a34e3569730	9	rpi5_psci_use_hvc	mutable	public	bool	false	rpi5	kernel/platform/rpi5/init.tkb:41@rpi5_psci_cpu_on;kernel/platform/rpi5/psci_dtb.tkb:23@rpi5_psci_apply_boot_dtb	kernel/platform/rpi5/psci_dtb.tkb:23@rpi5_psci_apply_boot_dtb	-	kernel/platform/rpi5/init.tkb:41@rpi5_psci_cpu_on
kernel/platform/rpi5/timer_irq.tkb	66fb9cacd4e44426f87a5ce1cf237316c04ca461cf2772df7da6903bca904536	30	rpi5_gicd_base	mutable	public	usize	RPI5_GICD_BASE	rpi5	kernel/platform/rpi5/gic_dtb.tkb:42@rpi5_gic_apply_boot_dtb;kernel/platform/rpi5/gic_dtb.tkb:47@rpi5_gic_apply_boot_dtb;kernel/platform/rpi5/gic_dtb.tkb:56@rpi5_gic_boot_dtb_status;kernel/platform/rpi5/intc.tkb:94@platform_world_stop_notify;kernel/platform/rpi5/intc.tkb:100@gic_uart0_msi_setup;kernel/platform/rpi5/intc.tkb:101@gic_uart0_msi_setup;kernel/platform/rpi5/intc.tkb:102@gic_uart0_msi_setup;kernel/platform/rpi5/intc.tkb:103@gic_uart0_msi_setup;kernel/platform/rpi5/intc.tkb:104@gic_uart0_msi_setup;kernel/platform/rpi5/intc.tkb:177@gic_usb0_msi_setup;kernel/platform/rpi5/intc.tkb:178@gic_usb0_msi_setup;kernel/platform/rpi5/intc.tkb:179@gic_usb0_msi_setup;kernel/platform/rpi5/intc.tkb:180@gic_usb0_msi_setup;kernel/platform/rpi5/intc.tkb:236@gic_gem_msi_setup;kernel/platform/rpi5/intc.tkb:237@gic_gem_msi_setup;kernel/platform/rpi5/intc.tkb:238@gic_gem_msi_setup;kernel/platform/rpi5/intc.tkb:239@gic_gem_msi_setup;kernel/platform/rpi5/intc.tkb:336@platform_pmu_irq_debug;kernel/platform/rpi5/intc.tkb:337@platform_pmu_irq_debug;kernel/platform/rpi5/intc.tkb:345@gic_pmu_spi_enable;kernel/platform/rpi5/intc.tkb:348@gic_pmu_spi_enable;kernel/platform/rpi5/intc.tkb:351@gic_pmu_spi_enable;kernel/platform/rpi5/intc.tkb:354@gic_pmu_spi_enable;kernel/platform/rpi5/timer_irq.tkb:39@gic_timer_ppi_enable	kernel/platform/rpi5/gic_dtb.tkb:42@rpi5_gic_apply_boot_dtb	-	kernel/platform/rpi5/gic_dtb.tkb:42@rpi5_gic_apply_boot_dtb;kernel/platform/rpi5/gic_dtb.tkb:47@rpi5_gic_apply_boot_dtb;kernel/platform/rpi5/gic_dtb.tkb:56@rpi5_gic_boot_dtb_status;kernel/platform/rpi5/intc.tkb:94@platform_world_stop_notify;kernel/platform/rpi5/intc.tkb:100@gic_uart0_msi_setup;kernel/platform/rpi5/intc.tkb:101@gic_uart0_msi_setup;kernel/platform/rpi5/intc.tkb:102@gic_uart0_msi_setup;kernel/platform/rpi5/intc.tkb:103@gic_uart0_msi_setup;kernel/platform/rpi5/intc.tkb:104@gic_uart0_msi_setup;kernel/platform/rpi5/intc.tkb:177@gic_usb0_msi_setup;kernel/platform/rpi5/intc.tkb:178@gic_usb0_msi_setup;kernel/platform/rpi5/intc.tkb:179@gic_usb0_msi_setup;kernel/platform/rpi5/intc.tkb:180@gic_usb0_msi_setup;kernel/platform/rpi5/intc.tkb:236@gic_gem_msi_setup;kernel/platform/rpi5/intc.tkb:237@gic_gem_msi_setup;kernel/platform/rpi5/intc.tkb:238@gic_gem_msi_setup;kernel/platform/rpi5/intc.tkb:239@gic_gem_msi_setup;kernel/platform/rpi5/intc.tkb:336@platform_pmu_irq_debug;kernel/platform/rpi5/intc.tkb:337@platform_pmu_irq_debug;kernel/platform/rpi5/intc.tkb:345@gic_pmu_spi_enable;kernel/platform/rpi5/intc.tkb:348@gic_pmu_spi_enable;kernel/platform/rpi5/intc.tkb:351@gic_pmu_spi_enable;kernel/platform/rpi5/intc.tkb:354@gic_pmu_spi_enable
kernel/platform/rpi5/timer_irq.tkb	66fb9cacd4e44426f87a5ce1cf237316c04ca461cf2772df7da6903bca904536	31	rpi5_gicc_base	mutable	public	usize	RPI5_GICC_BASE	rpi5	kernel/platform/rpi5/gic_dtb.tkb:43@rpi5_gic_apply_boot_dtb;kernel/platform/rpi5/gic_dtb.tkb:47@rpi5_gic_apply_boot_dtb;kernel/platform/rpi5/gic_dtb.tkb:56@rpi5_gic_boot_dtb_status;kernel/platform/rpi5/intc.tkb:127@platform_irq_cpu_interface_init;kernel/platform/rpi5/intc.tkb:128@platform_irq_cpu_interface_init;kernel/platform/rpi5/intc.tkb:377@rpi5_irq_dispatch_inner;kernel/platform/rpi5/intc.tkb:378@rpi5_irq_dispatch_inner	kernel/platform/rpi5/gic_dtb.tkb:43@rpi5_gic_apply_boot_dtb	-	kernel/platform/rpi5/gic_dtb.tkb:43@rpi5_gic_apply_boot_dtb;kernel/platform/rpi5/gic_dtb.tkb:47@rpi5_gic_apply_boot_dtb;kernel/platform/rpi5/gic_dtb.tkb:56@rpi5_gic_boot_dtb_status;kernel/platform/rpi5/intc.tkb:127@platform_irq_cpu_interface_init;kernel/platform/rpi5/intc.tkb:128@platform_irq_cpu_interface_init;kernel/platform/rpi5/intc.tkb:377@rpi5_irq_dispatch_inner;kernel/platform/rpi5/intc.tkb:378@rpi5_irq_dispatch_inner
kernel/platform/rpi5/timer_irq.tkb	66fb9cacd4e44426f87a5ce1cf237316c04ca461cf2772df7da6903bca904536	32	rpi5_gic_dtb_status	mutable	public	usize	-	rpi5	kernel/platform/rpi5/gic_dtb.tkb:11@rpi5_gic_apply_boot_dtb;kernel/platform/rpi5/gic_dtb.tkb:15@rpi5_gic_apply_boot_dtb;kernel/platform/rpi5/gic_dtb.tkb:23@rpi5_gic_apply_boot_dtb;kernel/platform/rpi5/gic_dtb.tkb:28@rpi5_gic_apply_boot_dtb;kernel/platform/rpi5/gic_dtb.tkb:32@rpi5_gic_apply_boot_dtb;kernel/platform/rpi5/gic_dtb.tkb:39@rpi5_gic_apply_boot_dtb;kernel/platform/rpi5/gic_dtb.tkb:45@rpi5_gic_apply_boot_dtb;kernel/platform/rpi5/gic_dtb.tkb:55@rpi5_gic_boot_dtb_status;kernel/platform/rpi5/gic_dtb.tkb:58@rpi5_gic_boot_dtb_status	kernel/platform/rpi5/gic_dtb.tkb:11@rpi5_gic_apply_boot_dtb;kernel/platform/rpi5/gic_dtb.tkb:15@rpi5_gic_apply_boot_dtb;kernel/platform/rpi5/gic_dtb.tkb:23@rpi5_gic_apply_boot_dtb;kernel/platform/rpi5/gic_dtb.tkb:28@rpi5_gic_apply_boot_dtb;kernel/platform/rpi5/gic_dtb.tkb:32@rpi5_gic_apply_boot_dtb;kernel/platform/rpi5/gic_dtb.tkb:39@rpi5_gic_apply_boot_dtb;kernel/platform/rpi5/gic_dtb.tkb:45@rpi5_gic_apply_boot_dtb	-	kernel/platform/rpi5/gic_dtb.tkb:11@rpi5_gic_apply_boot_dtb;kernel/platform/rpi5/gic_dtb.tkb:15@rpi5_gic_apply_boot_dtb;kernel/platform/rpi5/gic_dtb.tkb:23@rpi5_gic_apply_boot_dtb;kernel/platform/rpi5/gic_dtb.tkb:28@rpi5_gic_apply_boot_dtb;kernel/platform/rpi5/gic_dtb.tkb:32@rpi5_gic_apply_boot_dtb;kernel/platform/rpi5/gic_dtb.tkb:39@rpi5_gic_apply_boot_dtb;kernel/platform/rpi5/gic_dtb.tkb:45@rpi5_gic_apply_boot_dtb;kernel/platform/rpi5/gic_dtb.tkb:55@rpi5_gic_boot_dtb_status;kernel/platform/rpi5/gic_dtb.tkb:58@rpi5_gic_boot_dtb_status
kernel/platform/rpi5/timer_irq.tkb	66fb9cacd4e44426f87a5ce1cf237316c04ca461cf2772df7da6903bca904536	35	rpi5_timer_gic_intid	mutable	public	u32	RPI5_TIMER_GIC_INTID	rpi5	kernel/platform/rpi5/gic_dtb.tkb:44@rpi5_gic_apply_boot_dtb;kernel/platform/rpi5/init.tkb:318@main;kernel/platform/rpi5/intc.tkb:410@rpi5_irq_dispatch_inner;kernel/platform/rpi5/intc.tkb:447@rpi5_irq_dispatch_inner;kernel/platform/rpi5/timer_irq.tkb:42@gic_timer_ppi_enable	kernel/platform/rpi5/gic_dtb.tkb:44@rpi5_gic_apply_boot_dtb	-	kernel/platform/rpi5/gic_dtb.tkb:44@rpi5_gic_apply_boot_dtb;kernel/platform/rpi5/init.tkb:318@main;kernel/platform/rpi5/intc.tkb:410@rpi5_irq_dispatch_inner;kernel/platform/rpi5/intc.tkb:447@rpi5_irq_dispatch_inner
kernel/platform/rpi5/uart.tkb	d1155cbcdb3045f407cf577781fc1fcb59af30e19a6961ca9d5a7a2164b55eaf	70	rpi5_uart_base	mutable	public	usize	RPI5_RP1_UART0_BASE	rpi5	kernel/platform/rpi5/intc.tkb:371@irq_uart_rx_unmask;kernel/platform/rpi5/rp1_dtb.tkb:27@rpi5_rp1_uart_apply_boot_dtb;kernel/platform/rpi5/rp1_dtb.tkb:36@rpi5_rp1_uart_boot_dtb_status;kernel/platform/rpi5/uart.tkb:77@uart_tx_fifo_full;kernel/platform/rpi5/uart.tkb:82@uart_tx_store;kernel/platform/rpi5/uart.tkb:87@uart_tx_irq_enable;kernel/platform/rpi5/uart.tkb:92@uart_tx_irq_disable;kernel/platform/rpi5/uart.tkb:99@uart_rx_irq_disable;kernel/platform/rpi5/uart.tkb:110@uart_isr_getc;kernel/platform/rpi5/uart.tkb:119@uart_debug_putc;kernel/platform/rpi5/uart.tkb:121@uart_debug_putc;kernel/platform/rpi5/uart.tkb:126@uart_rx_ready;kernel/platform/rpi5/uart.tkb:131@uart_tx_busy;kernel/platform/rpi5/uart.tkb:138@uart_tx_irq_flagged;kernel/platform/rpi5/uart.tkb:143@uart_break_flagged;kernel/platform/rpi5/uart.tkb:148@uart_break_clear;kernel/platform/rpi5/uart.tkb:153@uart_rx_timeout_clear;kernel/platform/rpi5/uart.tkb:158@uart_rx_word;kernel/platform/rpi5/uart.tkb:163@uart_init;kernel/platform/rpi5/uart.tkb:164@uart_init;kernel/platform/rpi5/uart.tkb:165@uart_init;kernel/platform/rpi5/uart.tkb:166@uart_init;kernel/platform/rpi5/uart.tkb:167@uart_init;kernel/platform/rpi5/uart.tkb:168@uart_init;kernel/platform/rpi5/uart.tkb:169@uart_init;kernel/platform/rpi5/uart.tkb:187@uart_init;kernel/platform/rpi5/uart.tkb:189@uart_init	kernel/platform/rpi5/rp1_dtb.tkb:27@rpi5_rp1_uart_apply_boot_dtb	-	kernel/platform/rpi5/intc.tkb:371@irq_uart_rx_unmask;kernel/platform/rpi5/rp1_dtb.tkb:27@rpi5_rp1_uart_apply_boot_dtb;kernel/platform/rpi5/rp1_dtb.tkb:36@rpi5_rp1_uart_boot_dtb_status
kernel/platform/rpi5/uart.tkb	d1155cbcdb3045f407cf577781fc1fcb59af30e19a6961ca9d5a7a2164b55eaf	71	rpi5_uart_dtb_status	mutable	public	usize	-	rpi5	kernel/platform/rpi5/rp1_dtb.tkb:15@rpi5_rp1_uart_apply_boot_dtb;kernel/platform/rpi5/rp1_dtb.tkb:19@rpi5_rp1_uart_apply_boot_dtb;kernel/platform/rpi5/rp1_dtb.tkb:24@rpi5_rp1_uart_apply_boot_dtb;kernel/platform/rpi5/rp1_dtb.tkb:28@rpi5_rp1_uart_apply_boot_dtb;kernel/platform/rpi5/rp1_dtb.tkb:35@rpi5_rp1_uart_boot_dtb_status;kernel/platform/rpi5/rp1_dtb.tkb:38@rpi5_rp1_uart_boot_dtb_status	kernel/platform/rpi5/rp1_dtb.tkb:15@rpi5_rp1_uart_apply_boot_dtb;kernel/platform/rpi5/rp1_dtb.tkb:19@rpi5_rp1_uart_apply_boot_dtb;kernel/platform/rpi5/rp1_dtb.tkb:24@rpi5_rp1_uart_apply_boot_dtb;kernel/platform/rpi5/rp1_dtb.tkb:28@rpi5_rp1_uart_apply_boot_dtb	-	kernel/platform/rpi5/rp1_dtb.tkb:15@rpi5_rp1_uart_apply_boot_dtb;kernel/platform/rpi5/rp1_dtb.tkb:19@rpi5_rp1_uart_apply_boot_dtb;kernel/platform/rpi5/rp1_dtb.tkb:24@rpi5_rp1_uart_apply_boot_dtb;kernel/platform/rpi5/rp1_dtb.tkb:28@rpi5_rp1_uart_apply_boot_dtb;kernel/platform/rpi5/rp1_dtb.tkb:35@rpi5_rp1_uart_boot_dtb_status;kernel/platform/rpi5/rp1_dtb.tkb:38@rpi5_rp1_uart_boot_dtb_status
kernel/platform/rpi5/usb_provision.tkb	351e6be343cb37cd514128e9941e42036324457ddee739fe82b569303cc41fd0	15	usb_provision_image	mutable	private	[u8; KERNEL_EXT2_IMAGE_LEN]	"embed_file(""kernel/build/user/ext2.img"")"	rpi5	kernel/platform/rpi5/usb_provision.tkb:36@usb_provision_image_block	-	-	-
kernel/platform/rpi5/usb_provision.tkb	351e6be343cb37cd514128e9941e42036324457ddee739fe82b569303cc41fd0	23	usb_provision_block	mutable	private	[u8; KERNEL_BLOCK_SIZE]	-	rpi5	kernel/platform/rpi5/usb_provision.tkb:37@usb_provision_image_block;kernel/platform/rpi5/usb_provision.tkb:71@usb_provision_rootfs;kernel/platform/rpi5/usb_provision.tkb:201@usb_provision_rootfs_verify	-	-	-
kernel/platform/rpi5/usb_provision.tkb	351e6be343cb37cd514128e9941e42036324457ddee739fe82b569303cc41fd0	27	usb_provision_batch	mutable	private	[u8; USB_PROVISION_BATCH_BOUND - 1]	-	rpi5	kernel/platform/rpi5/usb_provision.tkb:70@usb_provision_rootfs;kernel/platform/rpi5/usb_provision.tkb:74@usb_provision_rootfs;kernel/platform/rpi5/usb_provision.tkb:173@usb_provision_rootfs_verify;kernel/platform/rpi5/usb_provision.tkb:200@usb_provision_rootfs_verify	-	-	-
kernel/platform/rpi5/usb_xhci.tkb	c210ba4142375e26aa2e9bdca7bceb19cc0088944723d43c22a79d66c3b30eae	55	rp1_usbhost0_base	mutable	public	usize	RP1_USBHOST0_BASE	qemu,rpi5	kernel/platform/rpi5/usb_xhci_dtb.tkb:24@rpi5_usb_xhci_apply_boot_dtb;kernel/platform/rpi5/usb_xhci_dtb.tkb:37@rpi5_usb_xhci_boot_dtb_status	kernel/platform/rpi5/usb_xhci_dtb.tkb:24@rpi5_usb_xhci_apply_boot_dtb	-	kernel/platform/rpi5/usb_xhci_dtb.tkb:24@rpi5_usb_xhci_apply_boot_dtb;kernel/platform/rpi5/usb_xhci_dtb.tkb:37@rpi5_usb_xhci_boot_dtb_status
kernel/platform/rpi5/usb_xhci.tkb	c210ba4142375e26aa2e9bdca7bceb19cc0088944723d43c22a79d66c3b30eae	56	rp1_usbhost0_op	mutable	public	usize	0x1F00200020	qemu,rpi5	kernel/platform/rpi5/usb_xhci.tkb:411@xhci_irq_handler;kernel/platform/rpi5/usb_xhci.tkb:1018@xhci_halt_and_reset;kernel/platform/rpi5/usb_xhci.tkb:1024@xhci_halt_and_reset;kernel/platform/rpi5/usb_xhci.tkb:1040@xhci_halt_and_reset;kernel/platform/rpi5/usb_xhci.tkb:1046@xhci_halt_and_reset;kernel/platform/rpi5/usb_xhci.tkb:1048@xhci_halt_and_reset;kernel/platform/rpi5/usb_xhci.tkb:1175@xhci_setup_rings_and_start;kernel/platform/rpi5/usb_xhci.tkb:1177@xhci_setup_rings_and_start;kernel/platform/rpi5/usb_xhci.tkb:1180@xhci_setup_rings_and_start;kernel/platform/rpi5/usb_xhci.tkb:1182@xhci_setup_rings_and_start;kernel/platform/rpi5/usb_xhci.tkb:1185@xhci_setup_rings_and_start;kernel/platform/rpi5/usb_xhci.tkb:1188@xhci_setup_rings_and_start;kernel/platform/rpi5/usb_xhci.tkb:1194@xhci_setup_rings_and_start;kernel/platform/rpi5/usb_xhci_dtb.tkb:25@rpi5_usb_xhci_apply_boot_dtb	kernel/platform/rpi5/usb_xhci_dtb.tkb:25@rpi5_usb_xhci_apply_boot_dtb	-	kernel/platform/rpi5/usb_xhci_dtb.tkb:25@rpi5_usb_xhci_apply_boot_dtb
kernel/platform/rpi5/usb_xhci.tkb	c210ba4142375e26aa2e9bdca7bceb19cc0088944723d43c22a79d66c3b30eae	57	rp1_usbhost0_doorbell	mutable	public	usize	0x1F00200500	qemu,rpi5	kernel/platform/rpi5/usb_xhci.tkb:542@usb_ctrl_xfer;kernel/platform/rpi5/usb_xhci.tkb:603@usb_bulk_xfer;kernel/platform/rpi5/usb_xhci.tkb:646@xhci_run_command;kernel/platform/rpi5/usb_xhci.tkb:1206@xhci_enable_slot;kernel/platform/rpi5/usb_xhci.tkb:1326@xhci_address_device;kernel/platform/rpi5/usb_xhci.tkb:1503@xhci_configure_endpoint;kernel/platform/rpi5/usb_xhci_dtb.tkb:26@rpi5_usb_xhci_apply_boot_dtb	kernel/platform/rpi5/usb_xhci_dtb.tkb:26@rpi5_usb_xhci_apply_boot_dtb	-	kernel/platform/rpi5/usb_xhci_dtb.tkb:26@rpi5_usb_xhci_apply_boot_dtb
kernel/platform/rpi5/usb_xhci.tkb	c210ba4142375e26aa2e9bdca7bceb19cc0088944723d43c22a79d66c3b30eae	58	rp1_usbhost0_portsc3	mutable	public	usize	0x1F00200440	qemu,rpi5	kernel/platform/rpi5/usb_xhci.tkb:1266@xhci_address_device;kernel/platform/rpi5/usb_xhci.tkb:1291@xhci_address_device;kernel/platform/rpi5/usb_xhci.tkb:1297@xhci_address_device;kernel/platform/rpi5/usb_xhci.tkb:1310@xhci_address_device;kernel/platform/rpi5/usb_xhci_dtb.tkb:27@rpi5_usb_xhci_apply_boot_dtb	kernel/platform/rpi5/usb_xhci_dtb.tkb:27@rpi5_usb_xhci_apply_boot_dtb	-	kernel/platform/rpi5/usb_xhci_dtb.tkb:27@rpi5_usb_xhci_apply_boot_dtb
kernel/platform/rpi5/usb_xhci.tkb	c210ba4142375e26aa2e9bdca7bceb19cc0088944723d43c22a79d66c3b30eae	59	rp1_usbhost0_ir0	mutable	public	usize	0x1F00200480	qemu,rpi5	kernel/platform/rpi5/usb_xhci.tkb:409@xhci_irq_handler;kernel/platform/rpi5/usb_xhci.tkb:413@xhci_irq_handler;kernel/platform/rpi5/usb_xhci.tkb:468@usb_await_event;kernel/platform/rpi5/usb_xhci.tkb:470@usb_await_event;kernel/platform/rpi5/usb_xhci.tkb:1150@xhci_setup_rings_and_start;kernel/platform/rpi5/usb_xhci.tkb:1152@xhci_setup_rings_and_start;kernel/platform/rpi5/usb_xhci.tkb:1154@xhci_setup_rings_and_start;kernel/platform/rpi5/usb_xhci.tkb:1156@xhci_setup_rings_and_start;kernel/platform/rpi5/usb_xhci.tkb:1158@xhci_setup_rings_and_start;kernel/platform/rpi5/usb_xhci.tkb:1170@xhci_setup_rings_and_start;kernel/platform/rpi5/usb_xhci.tkb:1172@xhci_setup_rings_and_start;kernel/platform/rpi5/usb_xhci_dtb.tkb:28@rpi5_usb_xhci_apply_boot_dtb	kernel/platform/rpi5/usb_xhci_dtb.tkb:28@rpi5_usb_xhci_apply_boot_dtb	-	kernel/platform/rpi5/usb_xhci_dtb.tkb:28@rpi5_usb_xhci_apply_boot_dtb
kernel/platform/rpi5/usb_xhci.tkb	c210ba4142375e26aa2e9bdca7bceb19cc0088944723d43c22a79d66c3b30eae	60	rp1_usbhost0_dtb_status	mutable	public	usize	-	qemu,rpi5	kernel/platform/rpi5/usb_xhci_dtb.tkb:12@rpi5_usb_xhci_apply_boot_dtb;kernel/platform/rpi5/usb_xhci_dtb.tkb:16@rpi5_usb_xhci_apply_boot_dtb;kernel/platform/rpi5/usb_xhci_dtb.tkb:21@rpi5_usb_xhci_apply_boot_dtb;kernel/platform/rpi5/usb_xhci_dtb.tkb:29@rpi5_usb_xhci_apply_boot_dtb;kernel/platform/rpi5/usb_xhci_dtb.tkb:36@rpi5_usb_xhci_boot_dtb_status;kernel/platform/rpi5/usb_xhci_dtb.tkb:39@rpi5_usb_xhci_boot_dtb_status	kernel/platform/rpi5/usb_xhci_dtb.tkb:12@rpi5_usb_xhci_apply_boot_dtb;kernel/platform/rpi5/usb_xhci_dtb.tkb:16@rpi5_usb_xhci_apply_boot_dtb;kernel/platform/rpi5/usb_xhci_dtb.tkb:21@rpi5_usb_xhci_apply_boot_dtb;kernel/platform/rpi5/usb_xhci_dtb.tkb:29@rpi5_usb_xhci_apply_boot_dtb	-	kernel/platform/rpi5/usb_xhci_dtb.tkb:12@rpi5_usb_xhci_apply_boot_dtb;kernel/platform/rpi5/usb_xhci_dtb.tkb:16@rpi5_usb_xhci_apply_boot_dtb;kernel/platform/rpi5/usb_xhci_dtb.tkb:21@rpi5_usb_xhci_apply_boot_dtb;kernel/platform/rpi5/usb_xhci_dtb.tkb:29@rpi5_usb_xhci_apply_boot_dtb;kernel/platform/rpi5/usb_xhci_dtb.tkb:36@rpi5_usb_xhci_boot_dtb_status;kernel/platform/rpi5/usb_xhci_dtb.tkb:39@rpi5_usb_xhci_boot_dtb_status
kernel/platform/rpi5/usb_xhci.tkb	c210ba4142375e26aa2e9bdca7bceb19cc0088944723d43c22a79d66c3b30eae	89	xhci_dcbaa	mutable	public	[u32; 65 * 2] align(64)	-	qemu,rpi5	kernel/platform/rpi5/usb_xhci.tkb:1122@xhci_setup_rings_and_start;kernel/platform/rpi5/usb_xhci.tkb:1124@xhci_setup_rings_and_start;kernel/platform/rpi5/usb_xhci.tkb:1125@xhci_setup_rings_and_start;kernel/platform/rpi5/usb_xhci.tkb:1126@xhci_setup_rings_and_start;kernel/platform/rpi5/usb_xhci.tkb:1224@xhci_address_device;kernel/platform/rpi5/usb_xhci.tkb:1231@xhci_address_device;kernel/platform/rpi5/usb_xhci.tkb:1232@xhci_address_device;kernel/platform/rpi5/usb_xhci.tkb:1234@xhci_address_device	kernel/platform/rpi5/usb_xhci.tkb:1124@xhci_setup_rings_and_start;kernel/platform/rpi5/usb_xhci.tkb:1125@xhci_setup_rings_and_start;kernel/platform/rpi5/usb_xhci.tkb:1231@xhci_address_device;kernel/platform/rpi5/usb_xhci.tkb:1232@xhci_address_device	-	-
kernel/platform/rpi5/usb_xhci.tkb	c210ba4142375e26aa2e9bdca7bceb19cc0088944723d43c22a79d66c3b30eae	90	xhci_scratchpad_array	mutable	public	[u32; 2 * 2] align(64)	-	qemu,rpi5	kernel/platform/rpi5/usb_xhci.tkb:1108@xhci_setup_rings_and_start;kernel/platform/rpi5/usb_xhci.tkb:1114@xhci_setup_rings_and_start;kernel/platform/rpi5/usb_xhci.tkb:1115@xhci_setup_rings_and_start;kernel/platform/rpi5/usb_xhci.tkb:1117@xhci_setup_rings_and_start;kernel/platform/rpi5/usb_xhci.tkb:1118@xhci_setup_rings_and_start;kernel/platform/rpi5/usb_xhci.tkb:1120@xhci_setup_rings_and_start	kernel/platform/rpi5/usb_xhci.tkb:1114@xhci_setup_rings_and_start;kernel/platform/rpi5/usb_xhci.tkb:1115@xhci_setup_rings_and_start;kernel/platform/rpi5/usb_xhci.tkb:1117@xhci_setup_rings_and_start;kernel/platform/rpi5/usb_xhci.tkb:1118@xhci_setup_rings_and_start	-	-
kernel/platform/rpi5/usb_xhci.tkb	c210ba4142375e26aa2e9bdca7bceb19cc0088944723d43c22a79d66c3b30eae	91	xhci_scratchpad_buf0	mutable	public	[u8; 4096] align(4096)	-	qemu,rpi5	kernel/platform/rpi5/usb_xhci.tkb:1109@xhci_setup_rings_and_start	-	-	-
kernel/platform/rpi5/usb_xhci.tkb	c210ba4142375e26aa2e9bdca7bceb19cc0088944723d43c22a79d66c3b30eae	92	xhci_scratchpad_buf1	mutable	public	[u8; 4096] align(4096)	-	qemu,rpi5	kernel/platform/rpi5/usb_xhci.tkb:1110@xhci_setup_rings_and_start	-	-	-
kernel/platform/rpi5/usb_xhci.tkb	c210ba4142375e26aa2e9bdca7bceb19cc0088944723d43c22a79d66c3b30eae	93	xhci_cmd_ring	mutable	public	[Trb; CMD_RING_TRBS] align(64)	-	qemu,rpi5	kernel/platform/rpi5/usb_xhci.tkb:190@xhci_cmd_advance;kernel/platform/rpi5/usb_xhci.tkb:192@xhci_cmd_advance;kernel/platform/rpi5/usb_xhci.tkb:637@xhci_run_command;kernel/platform/rpi5/usb_xhci.tkb:643@xhci_run_command;kernel/platform/rpi5/usb_xhci.tkb:1095@xhci_setup_rings_and_start;kernel/platform/rpi5/usb_xhci.tkb:1128@xhci_setup_rings_and_start;kernel/platform/rpi5/usb_xhci.tkb:1129@xhci_setup_rings_and_start;kernel/platform/rpi5/usb_xhci.tkb:1136@xhci_setup_rings_and_start;kernel/platform/rpi5/usb_xhci.tkb:1320@xhci_address_device;kernel/platform/rpi5/usb_xhci.tkb:1324@xhci_address_device;kernel/platform/rpi5/usb_xhci.tkb:1497@xhci_configure_endpoint;kernel/platform/rpi5/usb_xhci.tkb:1501@xhci_configure_endpoint	kernel/platform/rpi5/usb_xhci.tkb:1095@xhci_setup_rings_and_start	-	-
kernel/platform/rpi5/usb_xhci.tkb	c210ba4142375e26aa2e9bdca7bceb19cc0088944723d43c22a79d66c3b30eae	94	xhci_evt_ring	mutable	private	[Trb; EVT_RING_TRBS] align(64)	-	qemu,rpi5	kernel/platform/rpi5/usb_xhci.tkb:425@usb_await_event;kernel/platform/rpi5/usb_xhci.tkb:426@usb_await_event;kernel/platform/rpi5/usb_xhci.tkb:438@usb_await_event;kernel/platform/rpi5/usb_xhci.tkb:1091@xhci_setup_rings_and_start;kernel/platform/rpi5/usb_xhci.tkb:1093@xhci_setup_rings_and_start;kernel/platform/rpi5/usb_xhci.tkb:1139@xhci_setup_rings_and_start	kernel/platform/rpi5/usb_xhci.tkb:1091@xhci_setup_rings_and_start	-	-
kernel/platform/rpi5/usb_xhci.tkb	c210ba4142375e26aa2e9bdca7bceb19cc0088944723d43c22a79d66c3b30eae	95	xhci_erst	mutable	public	[u32; 4] align(64)	-	qemu,rpi5	kernel/platform/rpi5/usb_xhci.tkb:1138@xhci_setup_rings_and_start;kernel/platform/rpi5/usb_xhci.tkb:1141@xhci_setup_rings_and_start;kernel/platform/rpi5/usb_xhci.tkb:1142@xhci_setup_rings_and_start;kernel/platform/rpi5/usb_xhci.tkb:1143@xhci_setup_rings_and_start;kernel/platform/rpi5/usb_xhci.tkb:1144@xhci_setup_rings_and_start	kernel/platform/rpi5/usb_xhci.tkb:1141@xhci_setup_rings_and_start;kernel/platform/rpi5/usb_xhci.tkb:1142@xhci_setup_rings_and_start;kernel/platform/rpi5/usb_xhci.tkb:1143@xhci_setup_rings_and_start	-	-
kernel/platform/rpi5/usb_xhci.tkb	c210ba4142375e26aa2e9bdca7bceb19cc0088944723d43c22a79d66c3b30eae	96	xhci_input_ctx	mutable	public	[u32; INPUT_CTX_SIZE / 4] align(64)	-	qemu,rpi5	kernel/platform/rpi5/usb_xhci.tkb:1246@xhci_address_device;kernel/platform/rpi5/usb_xhci.tkb:1248@xhci_address_device;kernel/platform/rpi5/usb_xhci.tkb:1249@xhci_address_device;kernel/platform/rpi5/usb_xhci.tkb:1274@xhci_address_device;kernel/platform/rpi5/usb_xhci.tkb:1275@xhci_address_device;kernel/platform/rpi5/usb_xhci.tkb:1279@xhci_address_device;kernel/platform/rpi5/usb_xhci.tkb:1280@xhci_address_device;kernel/platform/rpi5/usb_xhci.tkb:1281@xhci_address_device;kernel/platform/rpi5/usb_xhci.tkb:1282@xhci_address_device;kernel/platform/rpi5/usb_xhci.tkb:1283@xhci_address_device;kernel/platform/rpi5/usb_xhci.tkb:1435@xhci_configure_endpoint;kernel/platform/rpi5/usb_xhci.tkb:1443@xhci_configure_endpoint;kernel/platform/rpi5/usb_xhci.tkb:1446@xhci_configure_endpoint;kernel/platform/rpi5/usb_xhci.tkb:1450@xhci_configure_endpoint;kernel/platform/rpi5/usb_xhci.tkb:1451@xhci_configure_endpoint;kernel/platform/rpi5/usb_xhci.tkb:1471@xhci_configure_endpoint;kernel/platform/rpi5/usb_xhci.tkb:1474@xhci_configure_endpoint;kernel/platform/rpi5/usb_xhci.tkb:1476@xhci_configure_endpoint;kernel/platform/rpi5/usb_xhci.tkb:1480@xhci_configure_endpoint;kernel/platform/rpi5/usb_xhci.tkb:1483@xhci_configure_endpoint;kernel/platform/rpi5/usb_xhci.tkb:1485@xhci_configure_endpoint;kernel/platform/rpi5/usb_xhci.tkb:1491@xhci_configure_endpoint;kernel/platform/rpi5/usb_xhci.tkb:1494@xhci_configure_endpoint;kernel/platform/rpi5/usb_xhci.tkb:1495@xhci_configure_endpoint	kernel/platform/rpi5/usb_xhci.tkb:1248@xhci_address_device;kernel/platform/rpi5/usb_xhci.tkb:1249@xhci_address_device;kernel/platform/rpi5/usb_xhci.tkb:1274@xhci_address_device;kernel/platform/rpi5/usb_xhci.tkb:1275@xhci_address_device;kernel/platform/rpi5/usb_xhci.tkb:1279@xhci_address_device;kernel/platform/rpi5/usb_xhci.tkb:1280@xhci_address_device;kernel/platform/rpi5/usb_xhci.tkb:1281@xhci_address_device;kernel/platform/rpi5/usb_xhci.tkb:1282@xhci_address_device;kernel/platform/rpi5/usb_xhci.tkb:1443@xhci_configure_endpoint;kernel/platform/rpi5/usb_xhci.tkb:1446@xhci_configure_endpoint;kernel/platform/rpi5/usb_xhci.tkb:1451@xhci_configure_endpoint;kernel/platform/rpi5/usb_xhci.tkb:1471@xhci_configure_endpoint;kernel/platform/rpi5/usb_xhci.tkb:1474@xhci_configure_endpoint;kernel/platform/rpi5/usb_xhci.tkb:1476@xhci_configure_endpoint;kernel/platform/rpi5/usb_xhci.tkb:1480@xhci_configure_endpoint;kernel/platform/rpi5/usb_xhci.tkb:1483@xhci_configure_endpoint;kernel/platform/rpi5/usb_xhci.tkb:1485@xhci_configure_endpoint;kernel/platform/rpi5/usb_xhci.tkb:1491@xhci_configure_endpoint;kernel/platform/rpi5/usb_xhci.tkb:1494@xhci_configure_endpoint	-	-
kernel/platform/rpi5/usb_xhci.tkb	c210ba4142375e26aa2e9bdca7bceb19cc0088944723d43c22a79d66c3b30eae	97	xhci_device_ctx	mutable	private	[u32; DEVICE_CTX_SIZE / 4] align(64)	-	qemu,rpi5	kernel/platform/rpi5/usb_xhci.tkb:1225@xhci_address_device;kernel/platform/rpi5/usb_xhci.tkb:1437@xhci_configure_endpoint;kernel/platform/rpi5/usb_xhci.tkb:1443@xhci_configure_endpoint;kernel/platform/rpi5/usb_xhci.tkb:1447@xhci_configure_endpoint	-	-	-
kernel/platform/rpi5/usb_xhci.tkb	c210ba4142375e26aa2e9bdca7bceb19cc0088944723d43c22a79d66c3b30eae	98	xhci_ep0_ring	mutable	public	[Trb; EP0_RING_TRBS] align(64)	-	qemu,rpi5	kernel/platform/rpi5/usb_xhci.tkb:491@usb_ctrl_xfer;kernel/platform/rpi5/usb_xhci.tkb:540@usb_ctrl_xfer;kernel/platform/rpi5/usb_xhci.tkb:1098@xhci_setup_rings_and_start;kernel/platform/rpi5/usb_xhci.tkb:1100@xhci_setup_rings_and_start;kernel/platform/rpi5/usb_xhci.tkb:1236@xhci_address_device;kernel/platform/rpi5/usb_xhci.tkb:1237@xhci_address_device;kernel/platform/rpi5/usb_xhci.tkb:1242@xhci_address_device	kernel/platform/rpi5/usb_xhci.tkb:1098@xhci_setup_rings_and_start	-	-
kernel/platform/rpi5/usb_xhci.tkb	c210ba4142375e26aa2e9bdca7bceb19cc0088944723d43c22a79d66c3b30eae	99	xhci_bulk_in_ring	mutable	public	[Trb; BULK_RING_TRBS] align(64)	-	qemu,rpi5	kernel/platform/rpi5/usb_xhci.tkb:560@usb_bulk_xfer;kernel/platform/rpi5/usb_xhci.tkb:589@usb_bulk_xfer;kernel/platform/rpi5/usb_xhci.tkb:675@xhci_recover_bulk_stall;kernel/platform/rpi5/usb_xhci.tkb:1102@xhci_setup_rings_and_start;kernel/platform/rpi5/usb_xhci.tkb:1105@xhci_setup_rings_and_start;kernel/platform/rpi5/usb_xhci.tkb:1454@xhci_configure_endpoint;kernel/platform/rpi5/usb_xhci.tkb:1455@xhci_configure_endpoint;kernel/platform/rpi5/usb_xhci.tkb:1463@xhci_configure_endpoint	kernel/platform/rpi5/usb_xhci.tkb:1102@xhci_setup_rings_and_start	-	-
kernel/platform/rpi5/usb_xhci.tkb	c210ba4142375e26aa2e9bdca7bceb19cc0088944723d43c22a79d66c3b30eae	100	xhci_bulk_out_ring	mutable	public	[Trb; BULK_RING_TRBS] align(64)	-	qemu,rpi5	kernel/platform/rpi5/usb_xhci.tkb:555@usb_bulk_xfer;kernel/platform/rpi5/usb_xhci.tkb:591@usb_bulk_xfer;kernel/platform/rpi5/usb_xhci.tkb:680@xhci_recover_bulk_stall;kernel/platform/rpi5/usb_xhci.tkb:1103@xhci_setup_rings_and_start;kernel/platform/rpi5/usb_xhci.tkb:1106@xhci_setup_rings_and_start;kernel/platform/rpi5/usb_xhci.tkb:1456@xhci_configure_endpoint;kernel/platform/rpi5/usb_xhci.tkb:1457@xhci_configure_endpoint;kernel/platform/rpi5/usb_xhci.tkb:1468@xhci_configure_endpoint	kernel/platform/rpi5/usb_xhci.tkb:1103@xhci_setup_rings_and_start	-	-
kernel/platform/rpi5/usb_xhci.tkb	c210ba4142375e26aa2e9bdca7bceb19cc0088944723d43c22a79d66c3b30eae	102	xhci_control_receive	mutable	private	XhciControlReceive align(64)	-	qemu,rpi5	-	-	-	-
kernel/platform/rpi5/usb_xhci.tkb	c210ba4142375e26aa2e9bdca7bceb19cc0088944723d43c22a79d66c3b30eae	104	xhci_slot_id	mutable	public	usize	0	qemu,rpi5	kernel/platform/rpi5/usb_xhci.tkb:542@usb_ctrl_xfer;kernel/platform/rpi5/usb_xhci.tkb:603@usb_bulk_xfer;kernel/platform/rpi5/usb_xhci.tkb:636@xhci_run_command;kernel/platform/rpi5/usb_xhci.tkb:1213@xhci_enable_slot;kernel/platform/rpi5/usb_xhci.tkb:1227@xhci_address_device;kernel/platform/rpi5/usb_xhci.tkb:1228@xhci_address_device;kernel/platform/rpi5/usb_xhci.tkb:1230@xhci_address_device;kernel/platform/rpi5/usb_xhci.tkb:1323@xhci_address_device;kernel/platform/rpi5/usb_xhci.tkb:1500@xhci_configure_endpoint	kernel/platform/rpi5/usb_xhci.tkb:1213@xhci_enable_slot	-	-
kernel/platform/rpi5/usb_xhci.tkb	c210ba4142375e26aa2e9bdca7bceb19cc0088944723d43c22a79d66c3b30eae	105	xhci_ep0_enq	mutable	public	usize	0	qemu,rpi5	kernel/platform/rpi5/usb_xhci.tkb:500@usb_ctrl_xfer;kernel/platform/rpi5/usb_xhci.tkb:501@usb_ctrl_xfer;kernel/platform/rpi5/usb_xhci.tkb:503@usb_ctrl_xfer;kernel/platform/rpi5/usb_xhci.tkb:506@usb_ctrl_xfer;kernel/platform/rpi5/usb_xhci.tkb:539@usb_ctrl_xfer;kernel/platform/rpi5/usb_xhci.tkb:1083@xhci_setup_rings_and_start;kernel/platform/rpi5/usb_xhci.tkb:1243@xhci_address_device	kernel/platform/rpi5/usb_xhci.tkb:503@usb_ctrl_xfer;kernel/platform/rpi5/usb_xhci.tkb:539@usb_ctrl_xfer;kernel/platform/rpi5/usb_xhci.tkb:1083@xhci_setup_rings_and_start;kernel/platform/rpi5/usb_xhci.tkb:1243@xhci_address_device	-	-
kernel/platform/rpi5/usb_xhci.tkb	c210ba4142375e26aa2e9bdca7bceb19cc0088944723d43c22a79d66c3b30eae	106	xhci_ep0_cycle	mutable	public	u32	1	qemu,rpi5	kernel/platform/rpi5/usb_xhci.tkb:502@usb_ctrl_xfer;kernel/platform/rpi5/usb_xhci.tkb:504@usb_ctrl_xfer;kernel/platform/rpi5/usb_xhci.tkb:507@usb_ctrl_xfer;kernel/platform/rpi5/usb_xhci.tkb:1084@xhci_setup_rings_and_start;kernel/platform/rpi5/usb_xhci.tkb:1244@xhci_address_device	kernel/platform/rpi5/usb_xhci.tkb:504@usb_ctrl_xfer;kernel/platform/rpi5/usb_xhci.tkb:1084@xhci_setup_rings_and_start;kernel/platform/rpi5/usb_xhci.tkb:1244@xhci_address_device	-	-
kernel/platform/rpi5/usb_xhci.tkb	c210ba4142375e26aa2e9bdca7bceb19cc0088944723d43c22a79d66c3b30eae	107	xhci_evt_idx	mutable	public	usize	0	qemu,rpi5	kernel/platform/rpi5/usb_xhci.tkb:439@usb_await_event;kernel/platform/rpi5/usb_xhci.tkb:451@usb_await_event;kernel/platform/rpi5/usb_xhci.tkb:454@usb_await_event;kernel/platform/rpi5/usb_xhci.tkb:455@usb_await_event;kernel/platform/rpi5/usb_xhci.tkb:456@usb_await_event;kernel/platform/rpi5/usb_xhci.tkb:469@usb_await_event;kernel/platform/rpi5/usb_xhci.tkb:471@usb_await_event;kernel/platform/rpi5/usb_xhci.tkb:1076@xhci_setup_rings_and_start	kernel/platform/rpi5/usb_xhci.tkb:454@usb_await_event;kernel/platform/rpi5/usb_xhci.tkb:456@usb_await_event;kernel/platform/rpi5/usb_xhci.tkb:1076@xhci_setup_rings_and_start	-	-
kernel/platform/rpi5/usb_xhci.tkb	c210ba4142375e26aa2e9bdca7bceb19cc0088944723d43c22a79d66c3b30eae	108	xhci_evt_cycle	mutable	public	u32	1	qemu,rpi5	kernel/platform/rpi5/usb_xhci.tkb:440@usb_await_event;kernel/platform/rpi5/usb_xhci.tkb:457@usb_await_event;kernel/platform/rpi5/usb_xhci.tkb:1077@xhci_setup_rings_and_start	kernel/platform/rpi5/usb_xhci.tkb:457@usb_await_event;kernel/platform/rpi5/usb_xhci.tkb:1077@xhci_setup_rings_and_start	-	-
kernel/platform/rpi5/usb_xhci.tkb	c210ba4142375e26aa2e9bdca7bceb19cc0088944723d43c22a79d66c3b30eae	109	xhci_last_residual	mutable	public	u32	0	qemu,rpi5	kernel/platform/rpi5/usb_xhci.tkb:474@usb_await_event	kernel/platform/rpi5/usb_xhci.tkb:474@usb_await_event	-	-
kernel/platform/rpi5/usb_xhci.tkb	c210ba4142375e26aa2e9bdca7bceb19cc0088944723d43c22a79d66c3b30eae	110	xhci_last_evt_dw3	mutable	public	u32	0	qemu,rpi5	kernel/platform/rpi5/usb_xhci.tkb:475@usb_await_event;kernel/platform/rpi5/usb_xhci.tkb:1213@xhci_enable_slot	kernel/platform/rpi5/usb_xhci.tkb:475@usb_await_event	-	-
kernel/platform/rpi5/usb_xhci.tkb	c210ba4142375e26aa2e9bdca7bceb19cc0088944723d43c22a79d66c3b30eae	112	xhci_msc_config_value	mutable	public	u32	0	qemu,rpi5	kernel/platform/rpi5/usb_xhci.tkb:1402@xhci_configure;kernel/platform/rpi5/usb_xhci.tkb:1510@xhci_configure_endpoint	kernel/platform/rpi5/usb_xhci.tkb:1402@xhci_configure	-	-
kernel/platform/rpi5/usb_xhci.tkb	c210ba4142375e26aa2e9bdca7bceb19cc0088944723d43c22a79d66c3b30eae	113	xhci_msc_interface_num	mutable	public	u32	0	qemu,rpi5	kernel/platform/rpi5/usb_xhci.tkb:692@msc_bulk_only_reset;kernel/platform/rpi5/usb_xhci.tkb:1403@xhci_configure	kernel/platform/rpi5/usb_xhci.tkb:1403@xhci_configure	-	-
kernel/platform/rpi5/usb_xhci.tkb	c210ba4142375e26aa2e9bdca7bceb19cc0088944723d43c22a79d66c3b30eae	114	xhci_msc_bulk_in_ep	mutable	public	u32	0	qemu,rpi5	kernel/platform/rpi5/usb_xhci.tkb:722@msc_recover_transport;kernel/platform/rpi5/usb_xhci.tkb:908@msc_csw_receive_attempt;kernel/platform/rpi5/usb_xhci.tkb:1404@xhci_configure;kernel/platform/rpi5/usb_xhci.tkb:1413@xhci_configure	kernel/platform/rpi5/usb_xhci.tkb:1404@xhci_configure	-	-
kernel/platform/rpi5/usb_xhci.tkb	c210ba4142375e26aa2e9bdca7bceb19cc0088944723d43c22a79d66c3b30eae	115	xhci_msc_bulk_in_mps	mutable	public	u32	0	qemu,rpi5	kernel/platform/rpi5/usb_xhci.tkb:1405@xhci_configure;kernel/platform/rpi5/usb_xhci.tkb:1473@xhci_configure_endpoint	kernel/platform/rpi5/usb_xhci.tkb:1405@xhci_configure	-	-
kernel/platform/rpi5/usb_xhci.tkb	c210ba4142375e26aa2e9bdca7bceb19cc0088944723d43c22a79d66c3b30eae	116	xhci_msc_bulk_in_burst	mutable	public	u32	0	qemu,rpi5	kernel/platform/rpi5/usb_xhci.tkb:1406@xhci_configure;kernel/platform/rpi5/usb_xhci.tkb:1472@xhci_configure_endpoint	kernel/platform/rpi5/usb_xhci.tkb:1406@xhci_configure	-	-
kernel/platform/rpi5/usb_xhci.tkb	c210ba4142375e26aa2e9bdca7bceb19cc0088944723d43c22a79d66c3b30eae	117	xhci_msc_bulk_out_ep	mutable	public	u32	0	qemu,rpi5	kernel/platform/rpi5/usb_xhci.tkb:723@msc_recover_transport;kernel/platform/rpi5/usb_xhci.tkb:1407@xhci_configure;kernel/platform/rpi5/usb_xhci.tkb:1414@xhci_configure	kernel/platform/rpi5/usb_xhci.tkb:1407@xhci_configure	-	-
kernel/platform/rpi5/usb_xhci.tkb	c210ba4142375e26aa2e9bdca7bceb19cc0088944723d43c22a79d66c3b30eae	118	xhci_msc_bulk_out_mps	mutable	public	u32	0	qemu,rpi5	kernel/platform/rpi5/usb_xhci.tkb:1408@xhci_configure;kernel/platform/rpi5/usb_xhci.tkb:1482@xhci_configure_endpoint	kernel/platform/rpi5/usb_xhci.tkb:1408@xhci_configure	-	-
kernel/platform/rpi5/usb_xhci.tkb	c210ba4142375e26aa2e9bdca7bceb19cc0088944723d43c22a79d66c3b30eae	119	xhci_msc_bulk_out_burst	mutable	public	u32	0	qemu,rpi5	kernel/platform/rpi5/usb_xhci.tkb:1409@xhci_configure;kernel/platform/rpi5/usb_xhci.tkb:1481@xhci_configure_endpoint	kernel/platform/rpi5/usb_xhci.tkb:1409@xhci_configure	-	-
kernel/platform/rpi5/usb_xhci.tkb	c210ba4142375e26aa2e9bdca7bceb19cc0088944723d43c22a79d66c3b30eae	121	xhci_bulk_in_enq	mutable	public	usize	0	qemu,rpi5	kernel/platform/rpi5/usb_xhci.tkb:561@usb_bulk_xfer;kernel/platform/rpi5/usb_xhci.tkb:596@usb_bulk_xfer;kernel/platform/rpi5/usb_xhci.tkb:677@xhci_recover_bulk_stall;kernel/platform/rpi5/usb_xhci.tkb:1085@xhci_setup_rings_and_start	kernel/platform/rpi5/usb_xhci.tkb:596@usb_bulk_xfer;kernel/platform/rpi5/usb_xhci.tkb:1085@xhci_setup_rings_and_start	-	-
kernel/platform/rpi5/usb_xhci.tkb	c210ba4142375e26aa2e9bdca7bceb19cc0088944723d43c22a79d66c3b30eae	122	xhci_bulk_in_cycle	mutable	public	u32	1	qemu,rpi5	kernel/platform/rpi5/usb_xhci.tkb:562@usb_bulk_xfer;kernel/platform/rpi5/usb_xhci.tkb:597@usb_bulk_xfer;kernel/platform/rpi5/usb_xhci.tkb:678@xhci_recover_bulk_stall;kernel/platform/rpi5/usb_xhci.tkb:1086@xhci_setup_rings_and_start	kernel/platform/rpi5/usb_xhci.tkb:597@usb_bulk_xfer;kernel/platform/rpi5/usb_xhci.tkb:1086@xhci_setup_rings_and_start	-	-
kernel/platform/rpi5/usb_xhci.tkb	c210ba4142375e26aa2e9bdca7bceb19cc0088944723d43c22a79d66c3b30eae	123	xhci_bulk_in_dci	mutable	public	usize	0	qemu,rpi5	kernel/platform/rpi5/usb_xhci.tkb:563@usb_bulk_xfer;kernel/platform/rpi5/usb_xhci.tkb:908@msc_csw_receive_attempt;kernel/platform/rpi5/usb_xhci.tkb:1515@xhci_configure_endpoint	kernel/platform/rpi5/usb_xhci.tkb:1515@xhci_configure_endpoint	-	-
kernel/platform/rpi5/usb_xhci.tkb	c210ba4142375e26aa2e9bdca7bceb19cc0088944723d43c22a79d66c3b30eae	124	xhci_bulk_out_enq	mutable	public	usize	0	qemu,rpi5	kernel/platform/rpi5/usb_xhci.tkb:556@usb_bulk_xfer;kernel/platform/rpi5/usb_xhci.tkb:599@usb_bulk_xfer;kernel/platform/rpi5/usb_xhci.tkb:682@xhci_recover_bulk_stall;kernel/platform/rpi5/usb_xhci.tkb:1087@xhci_setup_rings_and_start	kernel/platform/rpi5/usb_xhci.tkb:599@usb_bulk_xfer;kernel/platform/rpi5/usb_xhci.tkb:1087@xhci_setup_rings_and_start	-	-
kernel/platform/rpi5/usb_xhci.tkb	c210ba4142375e26aa2e9bdca7bceb19cc0088944723d43c22a79d66c3b30eae	125	xhci_bulk_out_cycle	mutable	public	u32	1	qemu,rpi5	kernel/platform/rpi5/usb_xhci.tkb:557@usb_bulk_xfer;kernel/platform/rpi5/usb_xhci.tkb:600@usb_bulk_xfer;kernel/platform/rpi5/usb_xhci.tkb:683@xhci_recover_bulk_stall;kernel/platform/rpi5/usb_xhci.tkb:1088@xhci_setup_rings_and_start	kernel/platform/rpi5/usb_xhci.tkb:600@usb_bulk_xfer;kernel/platform/rpi5/usb_xhci.tkb:1088@xhci_setup_rings_and_start	-	-
kernel/platform/rpi5/usb_xhci.tkb	c210ba4142375e26aa2e9bdca7bceb19cc0088944723d43c22a79d66c3b30eae	126	xhci_bulk_out_dci	mutable	public	usize	0	qemu,rpi5	kernel/platform/rpi5/usb_xhci.tkb:558@usb_bulk_xfer;kernel/platform/rpi5/usb_xhci.tkb:1516@xhci_configure_endpoint	kernel/platform/rpi5/usb_xhci.tkb:1516@xhci_configure_endpoint	-	-
kernel/platform/rpi5/usb_xhci.tkb	c210ba4142375e26aa2e9bdca7bceb19cc0088944723d43c22a79d66c3b30eae	134	xhci_cmd_enq	mutable	public	usize	3	qemu,rpi5	kernel/platform/rpi5/usb_xhci.tkb:187@xhci_cmd_advance;kernel/platform/rpi5/usb_xhci.tkb:189@xhci_cmd_advance;kernel/platform/rpi5/usb_xhci.tkb:190@xhci_cmd_advance;kernel/platform/rpi5/usb_xhci.tkb:193@xhci_cmd_advance;kernel/platform/rpi5/usb_xhci.tkb:638@xhci_run_command;kernel/platform/rpi5/usb_xhci.tkb:639@xhci_run_command;kernel/platform/rpi5/usb_xhci.tkb:640@xhci_run_command;kernel/platform/rpi5/usb_xhci.tkb:641@xhci_run_command;kernel/platform/rpi5/usb_xhci.tkb:1081@xhci_setup_rings_and_start	kernel/platform/rpi5/usb_xhci.tkb:187@xhci_cmd_advance;kernel/platform/rpi5/usb_xhci.tkb:193@xhci_cmd_advance;kernel/platform/rpi5/usb_xhci.tkb:1081@xhci_setup_rings_and_start	-	-
kernel/platform/rpi5/usb_xhci.tkb	c210ba4142375e26aa2e9bdca7bceb19cc0088944723d43c22a79d66c3b30eae	135	xhci_cmd_cycle	mutable	public	u32	1	qemu,rpi5	kernel/platform/rpi5/usb_xhci.tkb:191@xhci_cmd_advance;kernel/platform/rpi5/usb_xhci.tkb:194@xhci_cmd_advance;kernel/platform/rpi5/usb_xhci.tkb:641@xhci_run_command;kernel/platform/rpi5/usb_xhci.tkb:1082@xhci_setup_rings_and_start	kernel/platform/rpi5/usb_xhci.tkb:194@xhci_cmd_advance;kernel/platform/rpi5/usb_xhci.tkb:1082@xhci_setup_rings_and_start	-	-
kernel/platform/rpi5/usb_xhci.tkb	c210ba4142375e26aa2e9bdca7bceb19cc0088944723d43c22a79d66c3b30eae	198	msc_cbw_buf	mutable	public	[u8; 64] align(64)	-	qemu,rpi5	kernel/platform/rpi5/usb_xhci.tkb:735@msc_cbw_header;kernel/platform/rpi5/usb_xhci.tkb:740@msc_cbw_header;kernel/platform/rpi5/usb_xhci.tkb:741@msc_cbw_header;kernel/platform/rpi5/usb_xhci.tkb:742@msc_cbw_header;kernel/platform/rpi5/usb_xhci.tkb:745@msc_cbw_header;kernel/platform/rpi5/usb_xhci.tkb:747@msc_cbw_header;kernel/platform/rpi5/usb_xhci.tkb:749@msc_cbw_header;kernel/platform/rpi5/usb_xhci.tkb:956@msc_run_command;kernel/platform/rpi5/usb_xhci.tkb:960@msc_run_command;kernel/platform/rpi5/usb_xhci.tkb:1593@usb_disk_initialize_stages;kernel/platform/rpi5/usb_xhci.tkb:1622@usb_disk_initialize_stages;kernel/platform/rpi5/usb_xhci.tkb:1715@msc_scsi_lba_cdb;kernel/platform/rpi5/usb_xhci.tkb:1716@msc_scsi_lba_cdb;kernel/platform/rpi5/usb_xhci.tkb:1717@msc_scsi_lba_cdb;kernel/platform/rpi5/usb_xhci.tkb:1718@msc_scsi_lba_cdb;kernel/platform/rpi5/usb_xhci.tkb:1719@msc_scsi_lba_cdb;kernel/platform/rpi5/usb_xhci.tkb:1720@msc_scsi_lba_cdb;kernel/platform/rpi5/usb_xhci.tkb:1721@msc_scsi_lba_cdb	kernel/platform/rpi5/usb_xhci.tkb:735@msc_cbw_header;kernel/platform/rpi5/usb_xhci.tkb:740@msc_cbw_header;kernel/platform/rpi5/usb_xhci.tkb:741@msc_cbw_header;kernel/platform/rpi5/usb_xhci.tkb:742@msc_cbw_header;kernel/platform/rpi5/usb_xhci.tkb:745@msc_cbw_header;kernel/platform/rpi5/usb_xhci.tkb:747@msc_cbw_header;kernel/platform/rpi5/usb_xhci.tkb:749@msc_cbw_header;kernel/platform/rpi5/usb_xhci.tkb:1593@usb_disk_initialize_stages;kernel/platform/rpi5/usb_xhci.tkb:1622@usb_disk_initialize_stages;kernel/platform/rpi5/usb_xhci.tkb:1715@msc_scsi_lba_cdb;kernel/platform/rpi5/usb_xhci.tkb:1716@msc_scsi_lba_cdb;kernel/platform/rpi5/usb_xhci.tkb:1717@msc_scsi_lba_cdb;kernel/platform/rpi5/usb_xhci.tkb:1718@msc_scsi_lba_cdb;kernel/platform/rpi5/usb_xhci.tkb:1719@msc_scsi_lba_cdb;kernel/platform/rpi5/usb_xhci.tkb:1720@msc_scsi_lba_cdb;kernel/platform/rpi5/usb_xhci.tkb:1721@msc_scsi_lba_cdb	-	-
kernel/platform/rpi5/usb_xhci.tkb	c210ba4142375e26aa2e9bdca7bceb19cc0088944723d43c22a79d66c3b30eae	200	msc_csw_receive	mutable	private	MscCswReceive align(64)	-	qemu,rpi5	-	-	-	-
kernel/platform/rpi5/usb_xhci.tkb	c210ba4142375e26aa2e9bdca7bceb19cc0088944723d43c22a79d66c3b30eae	335	msc_bounce_buf	mutable	public	[u8; MSC_MAX_TRANSFER_SECTORS * MSC_SECTOR_SIZE] align(64)	-	qemu,rpi5	kernel/platform/rpi5/usb_xhci.tkb:1594@usb_disk_initialize_stages;kernel/platform/rpi5/usb_xhci.tkb:1623@usb_disk_initialize_stages;kernel/platform/rpi5/usb_xhci.tkb:1748@disk_read_sectors;kernel/platform/rpi5/usb_xhci.tkb:1758@disk_read_sectors;kernel/platform/rpi5/usb_xhci.tkb:1820@disk_write_sectors;kernel/platform/rpi5/usb_xhci.tkb:1826@disk_write_sectors;kernel/platform/rpi5/usb_xhci.tkb:1841@disk_write_sectors	kernel/platform/rpi5/usb_xhci.tkb:1820@disk_write_sectors	-	-
kernel/platform/rpi5/usb_xhci.tkb	c210ba4142375e26aa2e9bdca7bceb19cc0088944723d43c22a79d66c3b30eae	337	msc_data_receive	mutable	private	MscDataReceive align(64)	-	qemu,rpi5	-	-	-	-
kernel/platform/rpi5/usb_xhci.tkb	c210ba4142375e26aa2e9bdca7bceb19cc0088944723d43c22a79d66c3b30eae	338	msc_tag	mutable	public	u32	0	qemu,rpi5	kernel/platform/rpi5/usb_xhci.tkb:732@msc_cbw_header;kernel/platform/rpi5/usb_xhci.tkb:733@msc_cbw_header;kernel/platform/rpi5/usb_xhci.tkb:926@msc_csw_receive_attempt	kernel/platform/rpi5/usb_xhci.tkb:732@msc_cbw_header	-	-
kernel/platform/rpi5/usb_xhci.tkb	c210ba4142375e26aa2e9bdca7bceb19cc0088944723d43c22a79d66c3b30eae	339	msc_write10_command_count	mutable	private	usize	0	qemu,rpi5	kernel/platform/rpi5/usb_xhci.tkb:1703@disk_reset_write10_command_count;kernel/platform/rpi5/usb_xhci.tkb:1707@disk_write10_command_count;kernel/platform/rpi5/usb_xhci.tkb:1825@disk_write_sectors;kernel/platform/rpi5/usb_xhci.tkb:1840@disk_write_sectors	kernel/platform/rpi5/usb_xhci.tkb:1703@disk_reset_write10_command_count;kernel/platform/rpi5/usb_xhci.tkb:1825@disk_write_sectors;kernel/platform/rpi5/usb_xhci.tkb:1840@disk_write_sectors	-	-
kernel/platform/rpi5/usb_xhci.tkb	c210ba4142375e26aa2e9bdca7bceb19cc0088944723d43c22a79d66c3b30eae	341	xhci_ready	mutable	public	bool	false	qemu,rpi5	kernel/platform/rpi5/usb_xhci.tkb:774@msc_abort_unobserved_transfer;kernel/platform/rpi5/usb_xhci.tkb:1075@xhci_setup_rings_and_start;kernel/platform/rpi5/usb_xhci.tkb:1653@usb_disk_initialize_stages;kernel/platform/rpi5/usb_xhci.tkb:1696@disk_status	kernel/platform/rpi5/usb_xhci.tkb:774@msc_abort_unobserved_transfer;kernel/platform/rpi5/usb_xhci.tkb:1075@xhci_setup_rings_and_start;kernel/platform/rpi5/usb_xhci.tkb:1653@usb_disk_initialize_stages	-	-
kernel/platform/rpi5/usb_xhci.tkb	c210ba4142375e26aa2e9bdca7bceb19cc0088944723d43c22a79d66c3b30eae	342	xhci_controller_unusable	mutable	private	bool	false	qemu,rpi5	kernel/platform/rpi5/usb_xhci.tkb:778@msc_abort_unobserved_transfer;kernel/platform/rpi5/usb_xhci.tkb:1530@usb_disk_initialize_stages	kernel/platform/rpi5/usb_xhci.tkb:778@msc_abort_unobserved_transfer	-	-
kernel/platform/rpi5/usb_xhci.tkb	c210ba4142375e26aa2e9bdca7bceb19cc0088944723d43c22a79d66c3b30eae	1662	xhci_init_description	mutable	private	UsbInitDescription	-	qemu,rpi5	kernel/platform/rpi5/usb_xhci.tkb:1678@usb_disk_init_last_report;kernel/platform/rpi5/usb_xhci.tkb:1687@disk_initialize	kernel/platform/rpi5/usb_xhci.tkb:1687@disk_initialize	-	-
kernel/platform/rpi5/usb_xhci.tkb	c210ba4142375e26aa2e9bdca7bceb19cc0088944723d43c22a79d66c3b30eae	1663	xhci_init_attempted	mutable	private	bool	false	qemu,rpi5	kernel/platform/rpi5/usb_xhci.tkb:1675@usb_disk_init_last_report;kernel/platform/rpi5/usb_xhci.tkb:1688@disk_initialize	kernel/platform/rpi5/usb_xhci.tkb:1688@disk_initialize	-	-
kernel/printk/console_lock.tkb	68acc55e4f69a844eceb4b7f3d12ca5d373f838df0dccf8087ad87fa8d93231c	43	console_tx_lock	mutable	public	Mutex	-	qemu,rpi5	kernel/printk/console_lock.tkb:56@-;kernel/printk/console_lock.tkb:60@console_lock;kernel/printk/console_lock.tkb:73@console_lock;kernel/printk/console_lock.tkb:78@-;kernel/printk/console_lock.tkb:84@console_unlock;kernel/printk/console_lock.tkb:88@console_lock_is_held;kernel/printk/log.tkb:434@-;kernel/printk/log.tkb:438@-;kernel/printk/log.tkb:446@-;kernel/printk/log.tkb:466@-;kernel/printk/log.tkb:474@-;kernel/printk/log.tkb:523@-;kernel/printk/log.tkb:619@-;kernel/printk/log.tkb:638@-;kernel/printk/log.tkb:658@-;kernel/printk/log.tkb:784@-;kernel/printk/log.tkb:852@-;kernel/printk/log.tkb:954@-;kernel/printk/log.tkb:1200@-	-	kernel/printk/console_lock.tkb:60@console_lock;kernel/printk/console_lock.tkb:84@console_unlock;kernel/printk/console_lock.tkb:88@console_lock_is_held	kernel/printk/log.tkb:434@-;kernel/printk/log.tkb:438@-;kernel/printk/log.tkb:446@-;kernel/printk/log.tkb:466@-;kernel/printk/log.tkb:474@-;kernel/printk/log.tkb:523@-;kernel/printk/log.tkb:619@-;kernel/printk/log.tkb:638@-;kernel/printk/log.tkb:658@-;kernel/printk/log.tkb:784@-;kernel/printk/log.tkb:852@-;kernel/printk/log.tkb:954@-;kernel/printk/log.tkb:1200@-
kernel/printk/console_lock.tkb	68acc55e4f69a844eceb4b7f3d12ca5d373f838df0dccf8087ad87fa8d93231c	102	console_measure	mutable	private	ConsoleLockMeasurement	-	qemu,rpi5	kernel/printk/console_lock.tkb:64@console_lock;kernel/printk/console_lock.tkb:65@console_lock;kernel/printk/console_lock.tkb:66@console_lock;kernel/printk/console_lock.tkb:68@console_lock;kernel/printk/console_lock.tkb:69@console_lock;kernel/printk/console_lock.tkb:70@console_lock;kernel/printk/console_lock.tkb:81@console_unlock;kernel/printk/console_lock.tkb:82@console_unlock;kernel/printk/console_lock.tkb:107@console_measure_begin;kernel/printk/console_lock.tkb:113@console_measure_end	kernel/printk/console_lock.tkb:70@console_lock;kernel/printk/console_lock.tkb:82@console_unlock;kernel/printk/console_lock.tkb:107@console_measure_begin	-	-
kernel/printk/console_lock.tkb	68acc55e4f69a844eceb4b7f3d12ca5d373f838df0dccf8087ad87fa8d93231c	103	console_measure_enabled	mutable	private	bool	-	qemu,rpi5	kernel/printk/console_lock.tkb:62@console_lock;kernel/printk/console_lock.tkb:79@console_unlock;kernel/printk/console_lock.tkb:108@console_measure_begin;kernel/printk/console_lock.tkb:114@console_measure_end	kernel/printk/console_lock.tkb:108@console_measure_begin;kernel/printk/console_lock.tkb:114@console_measure_end	kernel/printk/console_lock.tkb:79@console_unlock	-
kernel/printk/log.tkb	09ef382a12f56f7d308af46bd08268bb27fcca89c229c9b0d7552e02cf923d0c	47	kernel_log_text	mutable	private	[AtomicWord; KERNEL_LOG_TEXT_WORDS]	-	qemu,rpi5	kernel/printk/log.tkb:1030@kernel_log_capture_retained_byte;kernel/printk/log.tkb:1033@kernel_log_capture_retained_byte;kernel/printk/log.tkb:1397@kernel_log_snapshot_record	-	kernel/printk/log.tkb:1030@kernel_log_capture_retained_byte;kernel/printk/log.tkb:1033@kernel_log_capture_retained_byte;kernel/printk/log.tkb:1397@kernel_log_snapshot_record	-
kernel/printk/log.tkb	09ef382a12f56f7d308af46bd08268bb27fcca89c229c9b0d7552e02cf923d0c	48	kernel_log_ticks	mutable	private	[AtomicWord; KERNEL_LOG_RECORD_COUNT]	-	qemu,rpi5	kernel/printk/log.tkb:188@kernel_log_start_line;kernel/printk/log.tkb:1377@kernel_log_snapshot_record	-	kernel/printk/log.tkb:188@kernel_log_start_line;kernel/printk/log.tkb:1377@kernel_log_snapshot_record	-
kernel/printk/log.tkb	09ef382a12f56f7d308af46bd08268bb27fcca89c229c9b0d7552e02cf923d0c	49	kernel_log_lengths	mutable	private	[AtomicWord; KERNEL_LOG_RECORD_COUNT]	-	qemu,rpi5	kernel/printk/log.tkb:189@kernel_log_start_line;kernel/printk/log.tkb:1022@kernel_log_capture_retained_byte;kernel/printk/log.tkb:1034@kernel_log_capture_retained_byte;kernel/printk/log.tkb:1037@kernel_log_capture_retained_byte;kernel/printk/log.tkb:1375@kernel_log_snapshot_record;kernel/printk/log.tkb:1556@kernel_log_bounds_probe;kernel/printk/log.tkb:1563@kernel_log_bounds_probe;kernel/printk/log.tkb:1574@kernel_log_bounds_probe	-	kernel/printk/log.tkb:189@kernel_log_start_line;kernel/printk/log.tkb:1022@kernel_log_capture_retained_byte;kernel/printk/log.tkb:1034@kernel_log_capture_retained_byte;kernel/printk/log.tkb:1037@kernel_log_capture_retained_byte;kernel/printk/log.tkb:1375@kernel_log_snapshot_record;kernel/printk/log.tkb:1556@kernel_log_bounds_probe;kernel/printk/log.tkb:1563@kernel_log_bounds_probe;kernel/printk/log.tkb:1574@kernel_log_bounds_probe	-
kernel/printk/log.tkb	09ef382a12f56f7d308af46bd08268bb27fcca89c229c9b0d7552e02cf923d0c	51	kernel_log_stamps	mutable	private	[AtomicWord; KERNEL_LOG_RECORD_COUNT]	-	qemu,rpi5	kernel/printk/log.tkb:159@kernel_log_init;kernel/printk/log.tkb:190@kernel_log_start_line;kernel/printk/log.tkb:1372@kernel_log_snapshot_record	-	kernel/printk/log.tkb:159@kernel_log_init;kernel/printk/log.tkb:190@kernel_log_start_line;kernel/printk/log.tkb:1372@kernel_log_snapshot_record	-
kernel/printk/log.tkb	09ef382a12f56f7d308af46bd08268bb27fcca89c229c9b0d7552e02cf923d0c	52	kernel_log_started	mutable	private	AtomicWord	-	qemu,rpi5	kernel/printk/log.tkb:161@kernel_log_init;kernel/printk/log.tkb:177@kernel_log_start_line;kernel/printk/log.tkb:178@kernel_log_start_line;kernel/printk/log.tkb:1412@kernel_log_snapshot_record;kernel/printk/log.tkb:1426@kernel_log_snapshot_build;kernel/printk/log.tkb:1496@kernel_log_overwrite_slot_for_probe;kernel/printk/log.tkb:1512@kernel_log_torn_read_probe;kernel/printk/log.tkb:1519@kernel_log_torn_read_probe	-	kernel/printk/log.tkb:161@kernel_log_init;kernel/printk/log.tkb:177@kernel_log_start_line;kernel/printk/log.tkb:178@kernel_log_start_line;kernel/printk/log.tkb:1412@kernel_log_snapshot_record;kernel/printk/log.tkb:1426@kernel_log_snapshot_build;kernel/printk/log.tkb:1496@kernel_log_overwrite_slot_for_probe;kernel/printk/log.tkb:1512@kernel_log_torn_read_probe;kernel/printk/log.tkb:1519@kernel_log_torn_read_probe	-
kernel/printk/log.tkb	09ef382a12f56f7d308af46bd08268bb27fcca89c229c9b0d7552e02cf923d0c	66	kernel_log_cpu	mutable	private	[AtomicWord; KERNEL_LOG_RECORD_COUNT]	-	qemu,rpi5	kernel/printk/log.tkb:187@kernel_log_start_line;kernel/printk/log.tkb:1376@kernel_log_snapshot_record	-	kernel/printk/log.tkb:187@kernel_log_start_line;kernel/printk/log.tkb:1376@kernel_log_snapshot_record	-
kernel/printk/log.tkb	09ef382a12f56f7d308af46bd08268bb27fcca89c229c9b0d7552e02cf923d0c	67	kernel_log_deferred_cpu	mutable	private	usize	-	qemu,rpi5	kernel/printk/log.tkb:184@kernel_log_start_line;kernel/printk/log.tkb:1251@kernel_log_peer_drain	kernel/printk/log.tkb:1251@kernel_log_peer_drain	-	-
kernel/printk/log.tkb	09ef382a12f56f7d308af46bd08268bb27fcca89c229c9b0d7552e02cf923d0c	68	kernel_log_deferred_tick	mutable	private	i64	-	qemu,rpi5	kernel/printk/log.tkb:185@kernel_log_start_line;kernel/printk/log.tkb:1252@kernel_log_peer_drain	kernel/printk/log.tkb:1252@kernel_log_peer_drain	-	-
kernel/printk/log.tkb	09ef382a12f56f7d308af46bd08268bb27fcca89c229c9b0d7552e02cf923d0c	69	kernel_log_deferred	mutable	private	bool	-	qemu,rpi5	kernel/printk/log.tkb:183@kernel_log_start_line;kernel/printk/log.tkb:1253@kernel_log_peer_drain;kernel/printk/log.tkb:1259@kernel_log_peer_drain	kernel/printk/log.tkb:1253@kernel_log_peer_drain;kernel/printk/log.tkb:1259@kernel_log_peer_drain	-	-
kernel/printk/log.tkb	09ef382a12f56f7d308af46bd08268bb27fcca89c229c9b0d7552e02cf923d0c	70	kernel_log_oldest	mutable	private	usize	-	qemu,rpi5	kernel/printk/log.tkb:147@kernel_log_init;kernel/printk/log.tkb:167@kernel_log_start_line;kernel/printk/log.tkb:170@kernel_log_start_line;kernel/printk/log.tkb:171@kernel_log_start_line	kernel/printk/log.tkb:147@kernel_log_init;kernel/printk/log.tkb:171@kernel_log_start_line	-	-
kernel/printk/log.tkb	09ef382a12f56f7d308af46bd08268bb27fcca89c229c9b0d7552e02cf923d0c	71	kernel_log_count	mutable	private	usize	-	qemu,rpi5	kernel/printk/log.tkb:148@kernel_log_init;kernel/printk/log.tkb:166@kernel_log_start_line;kernel/printk/log.tkb:167@kernel_log_start_line;kernel/printk/log.tkb:168@kernel_log_start_line;kernel/printk/log.tkb:1539@kernel_log_bounds_probe	kernel/printk/log.tkb:148@kernel_log_init;kernel/printk/log.tkb:168@kernel_log_start_line	-	-
kernel/printk/log.tkb	09ef382a12f56f7d308af46bd08268bb27fcca89c229c9b0d7552e02cf923d0c	72	kernel_log_overwritten	mutable	private	usize	-	qemu,rpi5	kernel/printk/log.tkb:149@kernel_log_init;kernel/printk/log.tkb:172@kernel_log_start_line;kernel/printk/log.tkb:1538@kernel_log_bounds_probe	kernel/printk/log.tkb:149@kernel_log_init;kernel/printk/log.tkb:172@kernel_log_start_line	-	-
kernel/printk/log.tkb	09ef382a12f56f7d308af46bd08268bb27fcca89c229c9b0d7552e02cf923d0c	73	kernel_log_capture_enabled	mutable	private	bool	-	qemu,rpi5	kernel/printk/log.tkb:150@kernel_log_init;kernel/printk/log.tkb:207@kernel_log_begin_fragment;kernel/printk/log.tkb:958@kernel_log_capture_uart_byte_locked;kernel/printk/log.tkb:961@kernel_log_capture_uart_byte_locked;kernel/printk/log.tkb:1042@kernel_log_capture_retained_byte	kernel/printk/log.tkb:150@kernel_log_init;kernel/printk/log.tkb:207@kernel_log_begin_fragment;kernel/printk/log.tkb:961@kernel_log_capture_uart_byte_locked;kernel/printk/log.tkb:1042@kernel_log_capture_retained_byte	-	-
kernel/printk/log.tkb	09ef382a12f56f7d308af46bd08268bb27fcca89c229c9b0d7552e02cf923d0c	74	kernel_log_active	mutable	private	bool	-	qemu,rpi5	kernel/printk/log.tkb:151@kernel_log_init;kernel/printk/log.tkb:192@kernel_log_start_line;kernel/printk/log.tkb:959@kernel_log_capture_uart_byte_locked;kernel/printk/log.tkb:1013@kernel_log_capture_retained_byte;kernel/printk/log.tkb:1016@kernel_log_capture_retained_byte;kernel/printk/log.tkb:1041@kernel_log_capture_retained_byte	kernel/printk/log.tkb:151@kernel_log_init;kernel/printk/log.tkb:192@kernel_log_start_line;kernel/printk/log.tkb:1016@kernel_log_capture_retained_byte;kernel/printk/log.tkb:1041@kernel_log_capture_retained_byte	-	-
kernel/printk/log.tkb	09ef382a12f56f7d308af46bd08268bb27fcca89c229c9b0d7552e02cf923d0c	75	kernel_log_active_slot	mutable	private	usize	-	qemu,rpi5	kernel/printk/log.tkb:152@kernel_log_init;kernel/printk/log.tkb:191@kernel_log_start_line;kernel/printk/log.tkb:1014@kernel_log_capture_retained_byte;kernel/printk/log.tkb:1553@kernel_log_bounds_probe	kernel/printk/log.tkb:152@kernel_log_init;kernel/printk/log.tkb:191@kernel_log_start_line	-	-
kernel/printk/log.tkb	09ef382a12f56f7d308af46bd08268bb27fcca89c229c9b0d7552e02cf923d0c	76	kernel_log_boot_tick	mutable	private	i64	-	qemu,rpi5	kernel/printk/log.tkb:153@kernel_log_init;kernel/printk/log.tkb:182@kernel_log_start_line;kernel/printk/log.tkb:241@kernel_log_peer_publish	kernel/printk/log.tkb:153@kernel_log_init	-	-
kernel/printk/log.tkb	09ef382a12f56f7d308af46bd08268bb27fcca89c229c9b0d7552e02cf923d0c	77	kernel_log_frequency	mutable	private	i64	-	qemu,rpi5	kernel/printk/log.tkb:154@kernel_log_init;kernel/printk/log.tkb:1336@kernel_log_snapshot_timestamp;kernel/printk/log.tkb:1338@kernel_log_snapshot_timestamp	kernel/printk/log.tkb:154@kernel_log_init	kernel/printk/log.tkb:1336@kernel_log_snapshot_timestamp	-
kernel/printk/log.tkb	09ef382a12f56f7d308af46bd08268bb27fcca89c229c9b0d7552e02cf923d0c	84	kernel_log_snapshots	mutable	private	[KernelLogSnapshot; KERNEL_MAX_CORES]	-	qemu,rpi5	kernel/printk/log.tkb:87@kernel_log_snapshot_here	-	-	-
kernel/printk/log.tkb	09ef382a12f56f7d308af46bd08268bb27fcca89c229c9b0d7552e02cf923d0c	122	kernel_log_core_state	mutable	private	[KernelLogCoreState; KERNEL_MAX_CORES]	-	qemu,rpi5	kernel/printk/log.tkb:135@kernel_log_core_here	-	-	-
kernel/printk/log.tkb	09ef382a12f56f7d308af46bd08268bb27fcca89c229c9b0d7552e02cf923d0c	123	kernel_log_peer_published	mutable	private	[AtomicWord; KERNEL_LOG_PEER_SLOTS]	-	qemu,rpi5	kernel/printk/log.tkb:237@kernel_log_peer_publish;kernel/printk/log.tkb:252@kernel_log_peer_publish;kernel/printk/log.tkb:1230@kernel_log_peer_drain;kernel/printk/log.tkb:1246@kernel_log_peer_drain	-	kernel/printk/log.tkb:237@kernel_log_peer_publish;kernel/printk/log.tkb:252@kernel_log_peer_publish;kernel/printk/log.tkb:1230@kernel_log_peer_drain;kernel/printk/log.tkb:1246@kernel_log_peer_drain	-
kernel/printk/log.tkb	09ef382a12f56f7d308af46bd08268bb27fcca89c229c9b0d7552e02cf923d0c	125	kernel_log_peer_latest	mutable	private	[AtomicWord; KERNEL_MAX_CORES]	-	qemu,rpi5	kernel/printk/log.tkb:253@kernel_log_peer_publish;kernel/printk/log.tkb:1217@kernel_log_peer_drain	-	kernel/printk/log.tkb:253@kernel_log_peer_publish;kernel/printk/log.tkb:1217@kernel_log_peer_drain	-
kernel/printk/log.tkb	09ef382a12f56f7d308af46bd08268bb27fcca89c229c9b0d7552e02cf923d0c	126	kernel_log_peer_lengths	mutable	private	[usize; KERNEL_LOG_PEER_SLOTS]	-	qemu,rpi5	kernel/printk/log.tkb:239@kernel_log_peer_publish;kernel/printk/log.tkb:1232@kernel_log_peer_drain	kernel/printk/log.tkb:239@kernel_log_peer_publish	-	-
kernel/printk/log.tkb	09ef382a12f56f7d308af46bd08268bb27fcca89c229c9b0d7552e02cf923d0c	127	kernel_log_peer_truncated	mutable	private	[bool; KERNEL_LOG_PEER_SLOTS]	-	qemu,rpi5	kernel/printk/log.tkb:240@kernel_log_peer_publish;kernel/printk/log.tkb:1233@kernel_log_peer_drain	kernel/printk/log.tkb:240@kernel_log_peer_publish	-	-
kernel/printk/log.tkb	09ef382a12f56f7d308af46bd08268bb27fcca89c229c9b0d7552e02cf923d0c	130	kernel_log_peer_ticks	mutable	private	[i64; KERNEL_LOG_PEER_SLOTS]	-	qemu,rpi5	kernel/printk/log.tkb:241@kernel_log_peer_publish;kernel/printk/log.tkb:1234@kernel_log_peer_drain	kernel/printk/log.tkb:241@kernel_log_peer_publish	-	-
kernel/printk/log.tkb	09ef382a12f56f7d308af46bd08268bb27fcca89c229c9b0d7552e02cf923d0c	131	kernel_log_peer_text	mutable	private	[u8; KERNEL_LOG_PEER_TEXT_BYTES]	-	qemu,rpi5	kernel/printk/log.tkb:247@kernel_log_peer_publish;kernel/printk/log.tkb:1241@kernel_log_peer_drain	kernel/printk/log.tkb:247@kernel_log_peer_publish	-	-
kernel/printk/log.tkb	09ef382a12f56f7d308af46bd08268bb27fcca89c229c9b0d7552e02cf923d0c	132	kernel_log_peer_consumed	mutable	private	[usize; KERNEL_MAX_CORES]	-	qemu,rpi5	kernel/printk/log.tkb:1216@kernel_log_peer_drain;kernel/printk/log.tkb:1277@kernel_log_peer_drain	kernel/printk/log.tkb:1277@kernel_log_peer_drain	-	-
kernel/printk/log.tkb	09ef382a12f56f7d308af46bd08268bb27fcca89c229c9b0d7552e02cf923d0c	272	kernel_log_tx_spin_ticks	mutable	private	usize	0	qemu,rpi5	kernel/printk/log.tkb:288@kernel_log_note_tx_spin;kernel/printk/log.tkb:293@kernel_log_tx_spin_ticks_total	kernel/printk/log.tkb:288@kernel_log_note_tx_spin	-	-
kernel/printk/log.tkb	09ef382a12f56f7d308af46bd08268bb27fcca89c229c9b0d7552e02cf923d0c	273	kernel_log_tx_bytes	mutable	private	usize	0	qemu,rpi5	kernel/printk/log.tkb:281@kernel_log_note_tx_byte;kernel/printk/log.tkb:297@kernel_log_tx_byte_total	kernel/printk/log.tkb:281@kernel_log_note_tx_byte	-	-
kernel/printk/log.tkb	09ef382a12f56f7d308af46bd08268bb27fcca89c229c9b0d7552e02cf923d0c	277	kernel_log_tx_spun	mutable	private	usize	0	qemu,rpi5	kernel/printk/log.tkb:286@kernel_log_note_tx_spin;kernel/printk/log.tkb:301@kernel_log_tx_spun_total	kernel/printk/log.tkb:286@kernel_log_note_tx_spin	-	-
kernel/printk/log.tkb	09ef382a12f56f7d308af46bd08268bb27fcca89c229c9b0d7552e02cf923d0c	328	kernel_log_tx_queue	mutable	private	[u8; KERNEL_LOG_TX_QUEUE_BYTES]	-	qemu,rpi5	kernel/printk/log.tkb:452@kernel_log_tx_push;kernel/printk/log.tkb:509@uart_terminal_flush_output;kernel/printk/log.tkb:529@kernel_log_tx_pop	kernel/printk/log.tkb:452@kernel_log_tx_push;kernel/printk/log.tkb:509@uart_terminal_flush_output	-	-
kernel/printk/log.tkb	09ef382a12f56f7d308af46bd08268bb27fcca89c229c9b0d7552e02cf923d0c	329	kernel_log_tx_terminal	mutable	private	[bool; KERNEL_LOG_TX_QUEUE_BYTES]	-	qemu,rpi5	kernel/printk/log.tkb:453@kernel_log_tx_push;kernel/printk/log.tkb:469@kernel_log_tx_push_terminal;kernel/printk/log.tkb:506@uart_terminal_flush_output;kernel/printk/log.tkb:510@uart_terminal_flush_output	kernel/printk/log.tkb:453@kernel_log_tx_push;kernel/printk/log.tkb:469@kernel_log_tx_push_terminal;kernel/printk/log.tkb:510@uart_terminal_flush_output	kernel/printk/log.tkb:506@uart_terminal_flush_output	-
kernel/printk/log.tkb	09ef382a12f56f7d308af46bd08268bb27fcca89c229c9b0d7552e02cf923d0c	330	kernel_log_terminal_column	mutable	private	usize	-	qemu,rpi5	kernel/printk/log.tkb:475@kernel_log_terminal_column_byte;kernel/printk/log.tkb:477@kernel_log_terminal_column_byte;kernel/printk/log.tkb:478@kernel_log_terminal_column_byte;kernel/printk/log.tkb:481@kernel_log_terminal_column_byte;kernel/printk/log.tkb:483@kernel_log_terminal_column_byte;kernel/printk/log.tkb:489@uart_terminal_column;kernel/printk/log.tkb:599@uart_terminal_echo;kernel/printk/log.tkb:600@uart_terminal_echo;kernel/printk/log.tkb:601@uart_terminal_echo;kernel/printk/log.tkb:603@uart_terminal_echo	kernel/printk/log.tkb:475@kernel_log_terminal_column_byte;kernel/printk/log.tkb:478@kernel_log_terminal_column_byte;kernel/printk/log.tkb:481@kernel_log_terminal_column_byte;kernel/printk/log.tkb:483@kernel_log_terminal_column_byte;kernel/printk/log.tkb:600@uart_terminal_echo;kernel/printk/log.tkb:601@uart_terminal_echo;kernel/printk/log.tkb:603@uart_terminal_echo	-	-
kernel/printk/log.tkb	09ef382a12f56f7d308af46bd08268bb27fcca89c229c9b0d7552e02cf923d0c	331	kernel_log_tx_head	mutable	private	usize	0	qemu,rpi5	kernel/printk/log.tkb:500@uart_terminal_flush_output;kernel/printk/log.tkb:526@kernel_log_tx_pop;kernel/printk/log.tkb:530@kernel_log_tx_pop;kernel/printk/log.tkb:531@kernel_log_tx_pop;kernel/printk/log.tkb:532@kernel_log_tx_pop	kernel/printk/log.tkb:530@kernel_log_tx_pop;kernel/printk/log.tkb:532@kernel_log_tx_pop	-	-
kernel/printk/log.tkb	09ef382a12f56f7d308af46bd08268bb27fcca89c229c9b0d7552e02cf923d0c	332	kernel_log_tx_tail	mutable	private	usize	0	qemu,rpi5	kernel/printk/log.tkb:449@kernel_log_tx_push;kernel/printk/log.tkb:456@kernel_log_tx_push;kernel/printk/log.tkb:457@kernel_log_tx_push;kernel/printk/log.tkb:458@kernel_log_tx_push;kernel/printk/log.tkb:467@kernel_log_tx_push_terminal;kernel/printk/log.tkb:517@uart_terminal_flush_output	kernel/printk/log.tkb:456@kernel_log_tx_push;kernel/printk/log.tkb:458@kernel_log_tx_push;kernel/printk/log.tkb:517@uart_terminal_flush_output	-	-
kernel/printk/log.tkb	09ef382a12f56f7d308af46bd08268bb27fcca89c229c9b0d7552e02cf923d0c	333	kernel_log_tx_count	mutable	private	usize	0	qemu,rpi5	kernel/printk/log.tkb:435@kernel_log_tx_pending;kernel/printk/log.tkb:439@kernel_log_tx_full;kernel/printk/log.tkb:448@kernel_log_tx_push;kernel/printk/log.tkb:460@kernel_log_tx_push;kernel/printk/log.tkb:499@uart_terminal_flush_output;kernel/printk/log.tkb:516@uart_terminal_flush_output;kernel/printk/log.tkb:525@kernel_log_tx_pop;kernel/printk/log.tkb:534@kernel_log_tx_pop;kernel/printk/log.tkb:766@kernel_log_tx_queue_count;kernel/printk/log.tkb:790@uart_user_write_room_locked;kernel/printk/log.tkb:807@kernel_log_tx_writer_room;kernel/printk/log.tkb:1165@kernel_log_peer_record_emit	kernel/printk/log.tkb:460@kernel_log_tx_push;kernel/printk/log.tkb:516@uart_terminal_flush_output;kernel/printk/log.tkb:534@kernel_log_tx_pop	kernel/printk/log.tkb:807@kernel_log_tx_writer_room	-
kernel/printk/log.tkb	09ef382a12f56f7d308af46bd08268bb27fcca89c229c9b0d7552e02cf923d0c	342	kernel_log_wire_last	mutable	private	u8	10	qemu,rpi5	kernel/printk/log.tkb:455@kernel_log_tx_push;kernel/printk/log.tkb:556@uart_tx_spin_store;kernel/printk/log.tkb:965@kernel_log_capture_uart_byte_locked	kernel/printk/log.tkb:455@kernel_log_tx_push;kernel/printk/log.tkb:556@uart_tx_spin_store	-	-
kernel/printk/log.tkb	09ef382a12f56f7d308af46bd08268bb27fcca89c229c9b0d7552e02cf923d0c	343	kernel_log_wire_break_due	mutable	private	bool	false	qemu,rpi5	kernel/printk/log.tkb:685@uart_putc;kernel/printk/log.tkb:686@uart_putc;kernel/printk/log.tkb:965@kernel_log_capture_uart_byte_locked;kernel/printk/log.tkb:1202@kernel_log_peer_record_byte_locked;kernel/printk/log.tkb:1203@kernel_log_peer_record_byte_locked	kernel/printk/log.tkb:686@uart_putc;kernel/printk/log.tkb:965@kernel_log_capture_uart_byte_locked;kernel/printk/log.tkb:1203@kernel_log_peer_record_byte_locked	-	-
kernel/printk/log.tkb	09ef382a12f56f7d308af46bd08268bb27fcca89c229c9b0d7552e02cf923d0c	350	kernel_log_tx_live	mutable	private	bool	false	qemu,rpi5	kernel/printk/log.tkb:353@kernel_log_tx_is_live;kernel/printk/log.tkb:357@kernel_log_tx_activate;kernel/printk/log.tkb:409@kernel_log_tx_stand_down;kernel/printk/log.tkb:411@kernel_log_tx_stand_down;kernel/printk/log.tkb:428@kernel_log_tx_resume	kernel/printk/log.tkb:357@kernel_log_tx_activate;kernel/printk/log.tkb:411@kernel_log_tx_stand_down;kernel/printk/log.tkb:428@kernel_log_tx_resume	-	-
kernel/printk/log.tkb	09ef382a12f56f7d308af46bd08268bb27fcca89c229c9b0d7552e02cf923d0c	564	kernel_log_terminal_input_stopped	mutable	private	bool	-	qemu,rpi5	kernel/printk/log.tkb:575@kernel_log_terminal_flow_poll;kernel/printk/log.tkb:576@kernel_log_terminal_flow_poll	kernel/printk/log.tkb:576@kernel_log_terminal_flow_poll	-	-
kernel/printk/log.tkb	09ef382a12f56f7d308af46bd08268bb27fcca89c229c9b0d7552e02cf923d0c	777	uart_user_write_waits	mutable	private	usize	0	qemu,rpi5	kernel/printk/log.tkb:904@uart_user_write_note_wait;kernel/printk/log.tkb:910@uart_user_write_wait_total	kernel/printk/log.tkb:904@uart_user_write_note_wait	-	-
kernel/printk/log.tkb	09ef382a12f56f7d308af46bd08268bb27fcca89c229c9b0d7552e02cf923d0c	778	uart_user_write_sleeps	mutable	private	usize	0	qemu,rpi5	kernel/printk/log.tkb:917@uart_user_write_note_sleep;kernel/printk/log.tkb:923@uart_user_write_sleep_total	kernel/printk/log.tkb:917@uart_user_write_note_sleep	-	-
kernel/printk/log.tkb	09ef382a12f56f7d308af46bd08268bb27fcca89c229c9b0d7552e02cf923d0c	814	kernel_log_peer_drained	mutable	private	usize	-	qemu,rpi5	kernel/printk/log.tkb:825@kernel_log_peer_console_report;kernel/printk/log.tkb:1260@kernel_log_peer_drain	kernel/printk/log.tkb:1260@kernel_log_peer_drain	-	-
kernel/printk/log.tkb	09ef382a12f56f7d308af46bd08268bb27fcca89c229c9b0d7552e02cf923d0c	815	kernel_log_peer_late	mutable	private	usize	-	qemu,rpi5	kernel/printk/log.tkb:827@kernel_log_peer_console_report;kernel/printk/log.tkb:833@kernel_log_peer_console_report;kernel/printk/log.tkb:1265@kernel_log_peer_drain	kernel/printk/log.tkb:1265@kernel_log_peer_drain	-	-
kernel/printk/log.tkb	09ef382a12f56f7d308af46bd08268bb27fcca89c229c9b0d7552e02cf923d0c	816	kernel_log_peer_worst_ticks	mutable	private	usize	-	qemu,rpi5	kernel/printk/log.tkb:829@kernel_log_peer_console_report;kernel/printk/log.tkb:1267@kernel_log_peer_drain;kernel/printk/log.tkb:1268@kernel_log_peer_drain	kernel/printk/log.tkb:1268@kernel_log_peer_drain	-	-
kernel/printk/log.tkb	09ef382a12f56f7d308af46bd08268bb27fcca89c229c9b0d7552e02cf923d0c	817	kernel_log_peer_worst_cpu	mutable	private	usize	-	qemu,rpi5	kernel/printk/log.tkb:835@kernel_log_peer_console_report;kernel/printk/log.tkb:1269@kernel_log_peer_drain	kernel/printk/log.tkb:1269@kernel_log_peer_drain	-	-
kernel/printk/log.tkb	09ef382a12f56f7d308af46bd08268bb27fcca89c229c9b0d7552e02cf923d0c	818	kernel_log_peer_worst_length	mutable	private	usize	-	qemu,rpi5	kernel/printk/log.tkb:837@kernel_log_peer_console_report;kernel/printk/log.tkb:1270@kernel_log_peer_drain	kernel/printk/log.tkb:1270@kernel_log_peer_drain	-	-
kernel/printk/log.tkb	09ef382a12f56f7d308af46bd08268bb27fcca89c229c9b0d7552e02cf923d0c	819	kernel_log_peer_worst_first	mutable	private	[u8; 8]	-	qemu,rpi5	kernel/printk/log.tkb:840@kernel_log_peer_console_report;kernel/printk/log.tkb:1272@kernel_log_peer_drain;kernel/printk/log.tkb:1273@kernel_log_peer_drain	kernel/printk/log.tkb:1272@kernel_log_peer_drain;kernel/printk/log.tkb:1273@kernel_log_peer_drain	-	-
kernel/printk/log.tkb	09ef382a12f56f7d308af46bd08268bb27fcca89c229c9b0d7552e02cf923d0c	1067	kernel_log_peer_probe_emitted	mutable	private	[usize; KERNEL_MAX_CORES]	-	qemu,rpi5	kernel/printk/log.tkb:1078@kernel_log_peer_probe_step;kernel/printk/log.tkb:1083@kernel_log_peer_probe_step	kernel/printk/log.tkb:1083@kernel_log_peer_probe_step	-	-
kernel/printk/log.tkb	09ef382a12f56f7d308af46bd08268bb27fcca89c229c9b0d7552e02cf923d0c	1102	kernel_log_peer_console_probe_sent	mutable	private	[usize; KERNEL_MAX_CORES]	-	qemu,rpi5	kernel/printk/log.tkb:1124@kernel_log_peer_console_probe_step;kernel/printk/log.tkb:1131@kernel_log_peer_console_probe_step	kernel/printk/log.tkb:1131@kernel_log_peer_console_probe_step	-	-
kernel/printk/log.tkb	09ef382a12f56f7d308af46bd08268bb27fcca89c229c9b0d7552e02cf923d0c	1103	kernel_log_peer_console_probe_armed	mutable	private	AtomicWord	-	qemu,rpi5	kernel/printk/log.tkb:1107@kernel_log_peer_console_probe;kernel/printk/log.tkb:1113@kernel_log_peer_console_probe;kernel/printk/log.tkb:1117@kernel_log_peer_console_probe;kernel/printk/log.tkb:1123@kernel_log_peer_console_probe_step	-	kernel/printk/log.tkb:1107@kernel_log_peer_console_probe;kernel/printk/log.tkb:1113@kernel_log_peer_console_probe;kernel/printk/log.tkb:1117@kernel_log_peer_console_probe;kernel/printk/log.tkb:1123@kernel_log_peer_console_probe_step	-
kernel/printk/log.tkb	09ef382a12f56f7d308af46bd08268bb27fcca89c229c9b0d7552e02cf923d0c	1104	kernel_log_peer_console_probe_done	mutable	private	AtomicWord	-	qemu,rpi5	kernel/printk/log.tkb:1111@kernel_log_peer_console_probe;kernel/printk/log.tkb:1132@kernel_log_peer_console_probe_step	-	kernel/printk/log.tkb:1111@kernel_log_peer_console_probe;kernel/printk/log.tkb:1132@kernel_log_peer_console_probe_step	-
kernel/printk/number.tkb	fdabb6356b789cea061d526db6149935462733f0b1fc02c9bbda9bdeec670ca4	33	kernel_decimal_places	immutable	private	[usize; KERNEL_DECIMAL_PLACES]	{ 10000000000000000000, 1000000000000000000, 100000000000000000, 10000000000000000, 1000000000000000, 100000000000000, 10000000000000, 1000000000000, 100000000000, 10000000000, 1000000000, 100000000, 10000000, 1000000, 100000, 10000, 1000, 100, 10, 1 }	qemu,rpi5	kernel/printk/number.tkb:42@uart_put_udec;kernel/printk/number.tkb:43@uart_put_udec;kernel/printk/number.tkb:44@uart_put_udec;kernel/printk/number.tkb:45@uart_put_udec;kernel/printk/number.tkb:46@uart_put_udec;kernel/printk/number.tkb:47@uart_put_udec;kernel/printk/number.tkb:48@uart_put_udec;kernel/printk/number.tkb:49@uart_put_udec;kernel/printk/number.tkb:50@uart_put_udec;kernel/printk/number.tkb:51@uart_put_udec;kernel/printk/number.tkb:52@uart_put_udec;kernel/printk/number.tkb:53@uart_put_udec;kernel/printk/number.tkb:54@uart_put_udec;kernel/printk/number.tkb:55@uart_put_udec;kernel/printk/number.tkb:56@uart_put_udec;kernel/printk/number.tkb:57@uart_put_udec;kernel/printk/number.tkb:58@uart_put_udec;kernel/printk/number.tkb:59@uart_put_udec;kernel/printk/number.tkb:60@uart_put_udec;kernel/printk/number.tkb:61@uart_put_udec;kernel/printk/number.tkb:64@uart_put_udec	-	-	-
